Job chunking 756181 en nodea-6 · 2026-10-02 18:00:38
== 0/2 verificando data/md
documentos md: 3485
== 1/2 chunking de todos los md
05001_23_33_000_2013_01177_01_22979_20200806     0 artículos      11 chunks    0 forzados    2 sin fin de oración
08001_23_31_000_2012_00335_01_21366     0 artículos      14 chunks    0 forzados    2 sin fin de oración
1000                             0 artículos       1 chunks    0 forzados    1 sin fin de oración
11001_03_27_000_2002_00116_01_13631     2 artículos      39 chunks    4 forzados    8 sin fin de oración
145                              0 artículos       3 chunks    0 forzados    1 sin fin de oración
25000_23_27_000_2005_01946_01_17075     0 artículos      58 chunks    0 forzados   17 sin fin de oración
25000_23_27_000_2007_00125_01_17152     0 artículos      86 chunks    0 forzados   15 sin fin de oración
25000_23_37_000_2016_00897_01_24249     0 artículos       7 chunks    0 forzados    3 sin fin de oración
acto_legislativo_1_1996          3 artículos       5 chunks    0 forzados    1 sin fin de oración
acto_legislativo_1_1997          2 artículos       3 chunks    0 forzados    1 sin fin de oración
acto_legislativo_1_1999          0 artículos       1 chunks    0 forzados    0 sin fin de oración
acto_legislativo_1_2000          2 artículos       3 chunks    0 forzados    0 sin fin de oración
acto_legislativo_1_2001          4 artículos       8 chunks    0 forzados    0 sin fin de oración
acto_legislativo_1_2002          2 artículos       3 chunks    0 forzados    0 sin fin de oración
acto_legislativo_1_2003         18 artículos      23 chunks    0 forzados    0 sin fin de oración
acto_legislativo_1_2005          2 artículos       6 chunks    0 forzados    0 sin fin de oración
acto_legislativo_1_2007          7 artículos       9 chunks    0 forzados    0 sin fin de oración
acto_legislativo_1_2009         15 artículos      23 chunks    0 forzados    0 sin fin de oración
acto_legislativo_1_2012          4 artículos       7 chunks    0 forzados    0 sin fin de oración
acto_legislativo_1_2013          2 artículos       4 chunks    0 forzados    0 sin fin de oración
acto_legislativo_1_2015          2 artículos       3 chunks    0 forzados    1 sin fin de oración
acto_legislativo_1_2016          5 artículos       9 chunks    0 forzados    0 sin fin de oración
acto_legislativo_1_2017          5 artículos       8 chunks    0 forzados    0 sin fin de oración
acto_legislativo_1_2018          4 artículos       7 chunks    0 forzados    1 sin fin de oración
acto_legislativo_1_2019          3 artículos       5 chunks    0 forzados    0 sin fin de oración
acto_legislativo_1_2020          2 artículos       3 chunks    0 forzados    1 sin fin de oración
acto_legislativo_1_2021          4 artículos       7 chunks    0 forzados    1 sin fin de oración
acto_legislativo_1_2023          2 artículos       5 chunks    0 forzados    0 sin fin de oración
acto_legislativo_1_2024          3 artículos       6 chunks    0 forzados    0 sin fin de oración
acto_legislativo_1_2025          2 artículos       5 chunks    0 forzados    0 sin fin de oración
acto_legislativo_2_1993          2 artículos       3 chunks    0 forzados    1 sin fin de oración
acto_legislativo_2_2000          2 artículos       3 chunks    0 forzados    0 sin fin de oración
acto_legislativo_2_2001          2 artículos       3 chunks    0 forzados    0 sin fin de oración
acto_legislativo_2_2002          8 artículos       9 chunks    0 forzados    0 sin fin de oración
acto_legislativo_2_2004          5 artículos       6 chunks    0 forzados    1 sin fin de oración
acto_legislativo_2_2009          2 artículos       5 chunks    0 forzados    0 sin fin de oración
acto_legislativo_2_2011          4 artículos       5 chunks    0 forzados    0 sin fin de oración
acto_legislativo_2_2012          6 artículos       8 chunks    0 forzados    0 sin fin de oración
acto_legislativo_2_2015         26 artículos      31 chunks    0 forzados    0 sin fin de oración
acto_legislativo_2_2017          2 artículos       4 chunks    0 forzados    0 sin fin de oración
acto_legislativo_2_2018          3 artículos       5 chunks    0 forzados    0 sin fin de oración
acto_legislativo_2_2019          2 artículos       4 chunks    0 forzados    1 sin fin de oración
acto_legislativo_2_2020          2 artículos       4 chunks    0 forzados    1 sin fin de oración
acto_legislativo_2_2021          4 artículos      14 chunks    0 forzados    3 sin fin de oración
acto_legislativo_2_2023          2 artículos       4 chunks    0 forzados    1 sin fin de oración
acto_legislativo_2_2024          2 artículos       5 chunks    0 forzados    0 sin fin de oración
acto_legislativo_3_1993          3 artículos       4 chunks    0 forzados    1 sin fin de oración
acto_legislativo_3_2002          5 artículos       9 chunks    0 forzados    0 sin fin de oración
acto_legislativo_3_2011          4 artículos       6 chunks    0 forzados    0 sin fin de oración
acto_legislativo_3_2017          2 artículos      11 chunks    0 forzados    0 sin fin de oración
acto_legislativo_3_2019          2 artículos       6 chunks    0 forzados    1 sin fin de oración
acto_legislativo_3_2023          5 artículos       8 chunks    0 forzados    1 sin fin de oración
acto_legislativo_3_2024          3 artículos      14 chunks    0 forzados    0 sin fin de oración
acto_legislativo_4_2007          5 artículos       9 chunks    0 forzados    0 sin fin de oración
acto_legislativo_4_2011          2 artículos       3 chunks    0 forzados    0 sin fin de oración
acto_legislativo_4_2017          3 artículos       9 chunks    0 forzados    1 sin fin de oración
acto_legislativo_4_2019          7 artículos      15 chunks    0 forzados    0 sin fin de oración
acto_legislativo_5_2011          3 artículos      13 chunks    0 forzados    0 sin fin de oración
acto_legislativo_5_2017          2 artículos       4 chunks    0 forzados    0 sin fin de oración
acto_legislativo_5_2019          2 artículos       8 chunks    0 forzados    0 sin fin de oración
acto_legislativo_6_2011          4 artículos       5 chunks    0 forzados    0 sin fin de oración
basedoc                          0 artículos       0 chunks    0 forzados    0 sin fin de oración
c_002_1996                       0 artículos      28 chunks    2 forzados    4 sin fin de oración
c_004_1996                       0 artículos      26 chunks    2 forzados    1 sin fin de oración
c_005_1993                       0 artículos      21 chunks    0 forzados    1 sin fin de oración
c_005_2001                       3 artículos      20 chunks    0 forzados    6 sin fin de oración
c_006_2002                       0 artículos       3 chunks    0 forzados    2 sin fin de oración
c_006_2012                       2 artículos     242 chunks    0 forzados   59 sin fin de oración
c_008_1995                      15 artículos      60 chunks    0 forzados    9 sin fin de oración
c_011_1994                      18 artículos      95 chunks    0 forzados   13 sin fin de oración
c_013_2000                       0 artículos      12 chunks    0 forzados    2 sin fin de oración
c_015_2016                      78 artículos     362 chunks    2 forzados   23 sin fin de oración
c_016_2016                       1 artículos      97 chunks    5 forzados    9 sin fin de oración
c_018_2018                      28 artículos     612 chunks    4 forzados   84 sin fin de oración
c_025_1993                       0 artículos      70 chunks    0 forzados   12 sin fin de oración
c_027_1996                       0 artículos      85 chunks    0 forzados    3 sin fin de oración
c_028_1997                       0 artículos      32 chunks    0 forzados    3 sin fin de oración
c_029_2009                       7 artículos     332 chunks    6 forzados   74 sin fin de oración
c_030_2008                      54 artículos     197 chunks    4 forzados   16 sin fin de oración
c_031_1993                       2 artículos      78 chunks    0 forzados    9 sin fin de oración
c_031_2019                       0 artículos     105 chunks    2 forzados    7 sin fin de oración
c_032_1996                       0 artículos      57 chunks    0 forzados   11 sin fin de oración
c_033_1999                       0 artículos      23 chunks    0 forzados    3 sin fin de oración
c_034_2009                       0 artículos      52 chunks    0 forzados   10 sin fin de oración
c_035_2016                       5 artículos     508 chunks    3 forzados   69 sin fin de oración
c_036_1998                       2 artículos      25 chunks    0 forzados    8 sin fin de oración
c_036_2020                       3 artículos      30 chunks    0 forzados    7 sin fin de oración
c_037_1996                       6 artículos      96 chunks    0 forzados   16 sin fin de oración
c_038_2004                       7 artículos     162 chunks    0 forzados   11 sin fin de oración
c_040_1993                       0 artículos      58 chunks    0 forzados    7 sin fin de oración
c_042_2006                       4 artículos      82 chunks    0 forzados   15 sin fin de oración
c_044_2002                       0 artículos      26 chunks    0 forzados    2 sin fin de oración
c_044_2015                      17 artículos     199 chunks    0 forzados   16 sin fin de oración
c_045_2001                       8 artículos      17 chunks    0 forzados    0 sin fin de oración
c_045_2020-3                    14 artículos      47 chunks    3 forzados    5 sin fin de oración
c_045_2020                      14 artículos      46 chunks    3 forzados    5 sin fin de oración
c_046_2004                       6 artículos      11 chunks    0 forzados    3 sin fin de oración
c_047_2017                      28 artículos      44 chunks    0 forzados    8 sin fin de oración
c_047_2020                       1 artículos      83 chunks    0 forzados    8 sin fin de oración
c_047_2021                       5 artículos      77 chunks    0 forzados   20 sin fin de oración
c_048_2001                       1 artículos      83 chunks    0 forzados   13 sin fin de oración
c_048_2018                      29 artículos     159 chunks    2 forzados   21 sin fin de oración
c_051_2018                       7 artículos      82 chunks    0 forzados   12 sin fin de oración
c_053_2016                       0 artículos       4 chunks    0 forzados    2 sin fin de oración
c_055_1995                      53 artículos     144 chunks    0 forzados   12 sin fin de oración
c_056_2019-3                     0 artículos     132 chunks    0 forzados   11 sin fin de oración
c_056_2019                       0 artículos     131 chunks    0 forzados   10 sin fin de oración
c_060_2018                       2 artículos     146 chunks    0 forzados    6 sin fin de oración
c_063_2002                      12 artículos      85 chunks    0 forzados   17 sin fin de oración
c_068_2004                       6 artículos      29 chunks    0 forzados    5 sin fin de oración
c_068_2020                       2 artículos      50 chunks    2 forzados    5 sin fin de oración
c_069_2004                       3 artículos      40 chunks    0 forzados    4 sin fin de oración
c_070_2004                      12 artículos      56 chunks    0 forzados   10 sin fin de oración
c_070_2009                       2 artículos     192 chunks   15 forzados   18 sin fin de oración
c_072_2006                       6 artículos      36 chunks    0 forzados    3 sin fin de oración
c_072_2025-3                     1 artículos     139 chunks    0 forzados   14 sin fin de oración
c_072_2025                       1 artículos     138 chunks    0 forzados   15 sin fin de oración
c_073_1995                       0 artículos      67 chunks    0 forzados   10 sin fin de oración
c_075_2007                       2 artículos     179 chunks    2 forzados   27 sin fin de oración
c_075_2026                       5 artículos      15 chunks    0 forzados    0 sin fin de oración
c_078_1999                       0 artículos      23 chunks    0 forzados    6 sin fin de oración
c_079_2026                       0 artículos       6 chunks    0 forzados    0 sin fin de oración
c_080_1999                       0 artículos      40 chunks    0 forzados    9 sin fin de oración
c_083_2018                       2 artículos     123 chunks    0 forzados   14 sin fin de oración
c_084_1995                       3 artículos      38 chunks    0 forzados    3 sin fin de oración
c_087_2000                       0 artículos      33 chunks    0 forzados    2 sin fin de oración
c_087_2001                      12 artículos      47 chunks    0 forzados    6 sin fin de oración
c_087_2016                       0 artículos     117 chunks    0 forzados   21 sin fin de oración
c_089_1994                      75 artículos     315 chunks    0 forzados   39 sin fin de oración
c_090_2001                       0 artículos      74 chunks    0 forzados   23 sin fin de oración
c_092_2002                       0 artículos      37 chunks    0 forzados   10 sin fin de oración
c_094_2017                       6 artículos     152 chunks    2 forzados   17 sin fin de oración
c_1000_2004                      0 artículos      21 chunks    0 forzados    1 sin fin de oración
c_1000_2007                      1 artículos      75 chunks    2 forzados    4 sin fin de oración
c_1002_2004                      2 artículos      84 chunks    0 forzados   23 sin fin de oración
c_1011_2008-3                   22 artículos     232 chunks    0 forzados   49 sin fin de oración
c_1011_2008                     22 artículos     230 chunks    0 forzados   40 sin fin de oración
c_1017_2012                      1 artículos     175 chunks    0 forzados   11 sin fin de oración
c_101_1996                       0 artículos      18 chunks    0 forzados    6 sin fin de oración
c_101_2022                       0 artículos      96 chunks    0 forzados   14 sin fin de oración
c_1023_2012                      3 artículos     113 chunks    0 forzados   14 sin fin de oración
c_1032_2002                      2 artículos      60 chunks    0 forzados    7 sin fin de oración
c_1040_2004                      0 artículos      67 chunks    0 forzados   13 sin fin de oración
c_1040_2005                     11 artículos    4326 chunks  1790 forzados  911 sin fin de oración
c_1040_2007                     10 artículos     144 chunks    0 forzados   17 sin fin de oración
c_1042_2007                      0 artículos     131 chunks    0 forzados    7 sin fin de oración
c_1043_2000                      6 artículos     100 chunks    0 forzados    8 sin fin de oración
c_104_1994-3                     4 artículos      47 chunks    0 forzados    4 sin fin de oración
c_104_1994                       4 artículos      46 chunks    0 forzados    3 sin fin de oración
c_1051_2001                      0 artículos      38 chunks    0 forzados   12 sin fin de oración
c_1052_2001                      0 artículos      42 chunks    0 forzados   10 sin fin de oración
c_1056_2003                      3 artículos     188 chunks    0 forzados   12 sin fin de oración
c_1056_2012                      1 artículos     148 chunks    0 forzados   15 sin fin de oración
c_1064_2000                      0 artículos       5 chunks    0 forzados    4 sin fin de oración
c_1064_2001                      0 artículos     212 chunks    2 forzados   32 sin fin de oración
c_1065_2001                     77 artículos     108 chunks    0 forzados   31 sin fin de oración
c_1066_2001-3                    0 artículos       2 chunks    0 forzados    0 sin fin de oración
c_1066_2001                      0 artículos       2 chunks    0 forzados    0 sin fin de oración
c_106_2016                      10 artículos     105 chunks    4 forzados   19 sin fin de oración
c_1092_2003                      0 artículos     110 chunks    0 forzados   18 sin fin de oración
c_1110_2000                      0 artículos      41 chunks    0 forzados    4 sin fin de oración
c_1113_2003                      0 artículos      42 chunks    0 forzados    9 sin fin de oración
c_1113_2004                      7 artículos      98 chunks    5 forzados    9 sin fin de oración
c_1114_2003                      0 artículos     241 chunks    0 forzados   46 sin fin de oración
c_1115_2004                      0 artículos      41 chunks    0 forzados    5 sin fin de oración
c_1137_2000                      3 artículos      30 chunks    0 forzados    7 sin fin de oración
c_1146_2003                      6 artículos      29 chunks    0 forzados    5 sin fin de oración
c_1146_2004-3                    1 artículos      29 chunks    0 forzados   12 sin fin de oración
c_1146_2004                      1 artículos      29 chunks    0 forzados   11 sin fin de oración
c_1147_2003                      0 artículos     115 chunks    0 forzados    8 sin fin de oración
c_1149_2001                      0 artículos      80 chunks    0 forzados   11 sin fin de oración
c_1152_2003                      0 artículos       6 chunks    0 forzados    4 sin fin de oración
c_1158_2000                      0 artículos       9 chunks    0 forzados    1 sin fin de oración
c_1165_2000                      0 artículos      50 chunks    0 forzados    3 sin fin de oración
c_1174_2001                      0 artículos      36 chunks    0 forzados    6 sin fin de oración
c_1175_2001                      0 artículos       2 chunks    0 forzados    0 sin fin de oración
c_117_2018-2                     1 artículos     208 chunks    0 forzados   17 sin fin de oración
c_117_2018                       1 artículos     206 chunks    0 forzados   16 sin fin de oración
c_1183_2008-3                    5 artículos      77 chunks    0 forzados   14 sin fin de oración
c_1183_2008                      5 artículos      77 chunks    0 forzados   16 sin fin de oración
c_1187_2000                      0 artículos     154 chunks    5 forzados   22 sin fin de oración
c_1191_2001                      0 artículos      10 chunks    0 forzados    9 sin fin de oración
c_120_2008                      40 artículos      49 chunks    0 forzados    5 sin fin de oración
c_121_2006                       1 artículos     108 chunks    2 forzados    8 sin fin de oración
c_1248_2001                      0 artículos      34 chunks    0 forzados    4 sin fin de oración
c_1249_2001                      0 artículos      29 chunks    0 forzados    1 sin fin de oración
c_1258_2001                      4 artículos      43 chunks    0 forzados    6 sin fin de oración
c_127_2006                       0 artículos       5 chunks    0 forzados    1 sin fin de oración
c_1299_2005                      1 artículos     345 chunks   10 forzados   16 sin fin de oración
c_134_2009                       2 artículos      29 chunks    0 forzados    4 sin fin de oración
c_134_2023                      78 artículos    1506 chunks    0 forzados  144 sin fin de oración
c_135_1999                       0 artículos       5 chunks    0 forzados    2 sin fin de oración
c_135_2009                      12 artículos     234 chunks    3 forzados   22 sin fin de oración
c_1371_2000                      0 artículos      46 chunks    0 forzados    4 sin fin de oración
c_1404_2000                      5 artículos      60 chunks    0 forzados    6 sin fin de oración
c_1405_2000                      0 artículos      17 chunks    0 forzados    4 sin fin de oración
c_141_2010                       4 artículos     655 chunks   16 forzados  109 sin fin de oración
c_142_2025                       2 artículos      91 chunks    2 forzados   15 sin fin de oración
c_1435_2000                      2 artículos      35 chunks    0 forzados    5 sin fin de oración
c_1441_2000                      0 artículos       2 chunks    0 forzados    1 sin fin de oración
c_1443_2000                      0 artículos      13 chunks    0 forzados    0 sin fin de oración
c_145_2020                       4 artículos     325 chunks   15 forzados   42 sin fin de oración
c_1488_2000                      2 artículos      53 chunks    0 forzados    4 sin fin de oración
c_149_2010                       2 artículos     171 chunks    0 forzados   13 sin fin de oración
c_150_2015                     106 artículos     906 chunks   14 forzados   75 sin fin de oración
c_151_1995                       0 artículos      63 chunks    0 forzados   11 sin fin de oración
c_153_2023                       1 artículos      59 chunks    0 forzados   17 sin fin de oración
c_154_2016                       4 artículos      39 chunks    0 forzados   17 sin fin de oración
c_1550_2000                      0 artículos       2 chunks    0 forzados    0 sin fin de oración
c_155_2003                       0 artículos      72 chunks    0 forzados    9 sin fin de oración
c_155_2007-3                     0 artículos     105 chunks    2 forzados   13 sin fin de oración
c_155_2007                       0 artículos     104 chunks    2 forzados   10 sin fin de oración
c_156_2011                       0 artículos     209 chunks    6 forzados   17 sin fin de oración
c_156_2013                       1 artículos     168 chunks    4 forzados   10 sin fin de oración
c_157_2002                       0 artículos      71 chunks    0 forzados   13 sin fin de oración
c_159_1998                       3 artículos      33 chunks    0 forzados    3 sin fin de oración
c_160_2017                       2 artículos     214 chunks    0 forzados   28 sin fin de oración
c_161_2022                       0 artículos     122 chunks    0 forzados   25 sin fin de oración
c_161_2024                      17 artículos     390 chunks    0 forzados   52 sin fin de oración
c_162_2020                      11 artículos     124 chunks    2 forzados   25 sin fin de oración
c_1641_2000                      0 artículos      55 chunks    0 forzados    4 sin fin de oración
c_1645_2000                      0 artículos      19 chunks    0 forzados    3 sin fin de oración
c_169_2014                      14 artículos     229 chunks    2 forzados   14 sin fin de oración
c_1707_2000                      0 artículos      31 chunks    0 forzados    4 sin fin de oración
c_170_2004                       0 artículos     112 chunks    0 forzados   16 sin fin de oración
c_1714_2000-2                    0 artículos       2 chunks    0 forzados    1 sin fin de oración
c_1714_2000                      0 artículos       2 chunks    0 forzados    1 sin fin de oración
c_173_1996                       0 artículos      29 chunks    0 forzados    7 sin fin de oración
c_174_2017                       4 artículos     138 chunks    0 forzados   13 sin fin de oración
c_175_2009                     178 artículos     458 chunks    8 forzados   34 sin fin de oración
c_176_1996                       0 artículos      46 chunks    0 forzados    7 sin fin de oración
c_176_2002                       3 artículos      13 chunks    0 forzados    2 sin fin de oración
c_177_2001                       0 artículos      58 chunks    0 forzados    7 sin fin de oración
c_177_2002                       0 artículos      37 chunks    0 forzados    2 sin fin de oración
c_177_2007                       2 artículos     141 chunks    0 forzados    7 sin fin de oración
c_178_2007                       5 artículos     302 chunks    6 forzados   15 sin fin de oración
c_179_1997                       0 artículos      44 chunks    0 forzados    2 sin fin de oración
c_179_2002                       4 artículos     104 chunks    0 forzados   10 sin fin de oración
c_179_2016                       0 artículos      27 chunks    2 forzados   17 sin fin de oración
c_180_1994                     109 artículos     269 chunks    0 forzados   27 sin fin de oración
c_183_1998-3                     0 artículos      74 chunks    0 forzados   17 sin fin de oración
c_183_1998                       0 artículos      73 chunks    0 forzados   17 sin fin de oración
c_191_1998                       0 artículos      58 chunks    0 forzados   13 sin fin de oración
c_191_2026                       5 artículos      35 chunks    0 forzados    1 sin fin de oración
c_193_2020                       7 artículos     295 chunks    3 forzados   43 sin fin de oración
c_194_2020                      18 artículos     311 chunks    2 forzados   45 sin fin de oración
c_195_1994                       0 artículos      30 chunks    0 forzados    7 sin fin de oración
c_198_1994                       0 artículos      33 chunks    0 forzados    9 sin fin de oración
c_198_2002                       0 artículos      89 chunks    0 forzados   13 sin fin de oración
c_200_2002                       0 artículos      78 chunks    0 forzados   14 sin fin de oración
c_201_2002                       0 artículos     106 chunks    0 forzados   24 sin fin de oración
c_202_2016                      50 artículos      58 chunks    0 forzados    1 sin fin de oración
c_203_1995                       0 artículos      21 chunks    0 forzados    3 sin fin de oración
c_208_2005                       2 artículos      72 chunks    6 forzados   10 sin fin de oración
c_208_2007                      36 artículos     120 chunks    0 forzados   15 sin fin de oración
c_212_2020                       6 artículos     110 chunks    0 forzados   23 sin fin de oración
c_216_1999                       0 artículos      27 chunks    0 forzados    1 sin fin de oración
c_216_2011                       0 artículos     318 chunks    2 forzados   46 sin fin de oración
c_218_2011                      19 artículos      72 chunks    3 forzados    8 sin fin de oración
c_218_2025                       2 artículos      76 chunks    0 forzados    5 sin fin de oración
c_219_1997                       0 artículos      78 chunks    0 forzados   13 sin fin de oración
c_220_1997                       0 artículos      85 chunks    0 forzados   12 sin fin de oración
c_220_1999                       3 artículos      13 chunks    0 forzados    4 sin fin de oración
c_222_1996                       0 artículos      54 chunks    0 forzados   19 sin fin de oración
c_222_1997                       4 artículos      31 chunks    0 forzados    5 sin fin de oración
c_222_2011                       2 artículos      52 chunks    0 forzados    8 sin fin de oración
c_225_1995                      12 artículos     138 chunks    0 forzados   13 sin fin de oración
c_225_2011                       3 artículos      62 chunks    0 forzados    6 sin fin de oración
c_225_2014                       4 artículos      25 chunks    0 forzados    7 sin fin de oración
c_225_2017                       0 artículos      82 chunks    0 forzados   21 sin fin de oración
c_226_2004                       0 artículos       9 chunks    0 forzados    5 sin fin de oración
c_226_2011                       2 artículos     119 chunks    0 forzados    9 sin fin de oración
c_228_2009                       0 artículos      91 chunks    0 forzados   13 sin fin de oración
c_230a_2008                     13 artículos     171 chunks    0 forzados   27 sin fin de oración
c_238_2010                      20 artículos      81 chunks    0 forzados    6 sin fin de oración
c_241_1994                       0 artículos      10 chunks    0 forzados    2 sin fin de oración
c_241_2006                      30 artículos      38 chunks    0 forzados    3 sin fin de oración
c_243_2011-2                    23 artículos     135 chunks    2 forzados   13 sin fin de oración
c_243_2011                      23 artículos     136 chunks    2 forzados   14 sin fin de oración
c_244a_2096                      1 artículos      13 chunks    0 forzados    4 sin fin de oración
c_245_1996                       0 artículos      48 chunks    0 forzados   11 sin fin de oración
c_246_2017                       0 artículos     191 chunks    0 forzados   28 sin fin de oración
c_251_2002                       0 artículos     357 chunks    0 forzados   73 sin fin de oración
c_252_1997                       0 artículos      44 chunks    0 forzados   12 sin fin de oración
c_252_2010                       4 artículos     733 chunks   40 forzados   85 sin fin de oración
c_252_2020                      50 artículos     264 chunks    7 forzados   12 sin fin de oración
c_253_2010                       8 artículos      80 chunks    2 forzados   10 sin fin de oración
c_253a_2012                      2 artículos     206 chunks    2 forzados   24 sin fin de oración
c_255_1996                       0 artículos       7 chunks    0 forzados    4 sin fin de oración
c_256_2014                       4 artículos     200 chunks    0 forzados   14 sin fin de oración
c_257_2011                       3 artículos      23 chunks    0 forzados    4 sin fin de oración
c_263_1996                       1 artículos      96 chunks    0 forzados   10 sin fin de oración
c_265_1994                       0 artículos      53 chunks    0 forzados    6 sin fin de oración
c_266_1995                      49 artículos      87 chunks    0 forzados    4 sin fin de oración
c_266_2019-3                     0 artículos      73 chunks    2 forzados    8 sin fin de oración
c_266_2019                       0 artículos      72 chunks    2 forzados    7 sin fin de oración
c_268_1995                       0 artículos      15 chunks    0 forzados    6 sin fin de oración
c_272_2011                       6 artículos      96 chunks    0 forzados    9 sin fin de oración
c_274_2013-3                    37 artículos     575 chunks    5 forzados   37 sin fin de oración
c_274_2013                      37 artículos     568 chunks    5 forzados   34 sin fin de oración
c_276_2011                      25 artículos      89 chunks    0 forzados   10 sin fin de oración
c_277_2007                       2 artículos      86 chunks    0 forzados    9 sin fin de oración
c_277_2019                       2 artículos      55 chunks    0 forzados   12 sin fin de oración
c_278_2007                       2 artículos      88 chunks    0 forzados   11 sin fin de oración
c_280_1996                       0 artículos     102 chunks    0 forzados   15 sin fin de oración
c_280_2024                       1 artículos     208 chunks    0 forzados   27 sin fin de oración
c_281_1994                       0 artículos      15 chunks    0 forzados    4 sin fin de oración
c_285_2015                      12 artículos     129 chunks    0 forzados    3 sin fin de oración
c_285_2016                       6 artículos     398 chunks   13 forzados   37 sin fin de oración
c_290_1997                       0 artículos      47 chunks    0 forzados    5 sin fin de oración
c_290_2009                       0 artículos      47 chunks    0 forzados   12 sin fin de oración
c_290_2017                       3 artículos     198 chunks    8 forzados   29 sin fin de oración
c_292_1996                       1 artículos      19 chunks    0 forzados    5 sin fin de oración
c_295_2002                       4 artículos      93 chunks    0 forzados    8 sin fin de oración
c_298_2016                      26 artículos     371 chunks    7 forzados   33 sin fin de oración
c_300_1994                       0 artículos      94 chunks    0 forzados   18 sin fin de oración
c_302_2010-3                    38 artículos     231 chunks    5 forzados    7 sin fin de oración
c_302_2010                      38 artículos     230 chunks    5 forzados    6 sin fin de oración
c_305_2004                       0 artículos     211 chunks    0 forzados   27 sin fin de oración
c_305_2010                      20 artículos      30 chunks    0 forzados    4 sin fin de oración
c_305_2019                       1 artículos      71 chunks    0 forzados    5 sin fin de oración
c_307_2020                       4 artículos     177 chunks    0 forzados   23 sin fin de oración
c_308_2017                       1 artículos      91 chunks    2 forzados    9 sin fin de oración
c_312_2004                       0 artículos      94 chunks    0 forzados   10 sin fin de oración
c_313_2004                       0 artículos      52 chunks    0 forzados   14 sin fin de oración
c_313_2014                      31 artículos    1049 chunks   44 forzados  192 sin fin de oración
c_315_2008                      10 artículos     120 chunks    0 forzados   11 sin fin de oración
c_318_2007                       1 artículos      45 chunks    0 forzados    7 sin fin de oración
c_321_2009                      27 artículos     217 chunks    0 forzados   14 sin fin de oración
c_322_2006                      25 artículos     132 chunks    0 forzados   15 sin fin de oración
c_324_1997                       0 artículos      37 chunks    0 forzados    4 sin fin de oración
c_325_1997                       5 artículos      21 chunks    0 forzados    3 sin fin de oración
c_325_2000                       3 artículos      29 chunks    0 forzados    7 sin fin de oración
c_327_1999                       0 artículos     102 chunks    0 forzados   34 sin fin de oración
c_328_2013                       5 artículos      34 chunks    0 forzados    6 sin fin de oración
c_329_2001                       2 artículos      56 chunks    0 forzados    7 sin fin de oración
c_332_2000                       1 artículos      31 chunks    0 forzados    4 sin fin de oración
c_332_2010                      37 artículos     173 chunks    0 forzados    4 sin fin de oración
c_332_2017                       5 artículos     393 chunks    6 forzados   53 sin fin de oración
c_333_1999                       0 artículos      51 chunks    0 forzados    4 sin fin de oración
c_333_2005                       4 artículos      32 chunks    0 forzados   12 sin fin de oración
c_335_2014                       0 artículos     251 chunks    2 forzados   50 sin fin de oración
c_336_1994                       0 artículos      21 chunks    0 forzados    5 sin fin de oración
c_336_2008                       4 artículos     113 chunks    0 forzados   15 sin fin de oración
c_336_2016                       1 artículos      40 chunks    0 forzados    9 sin fin de oración
c_337_1993                       0 artículos      98 chunks    0 forzados   37 sin fin de oración
c_337_2015                       9 artículos     138 chunks    0 forzados    7 sin fin de oración
c_339_2002                       0 artículos      73 chunks    0 forzados    5 sin fin de oración
c_346_2021                       0 artículos       6 chunks    0 forzados    5 sin fin de oración
c_349_2004                       0 artículos     150 chunks    0 forzados   18 sin fin de oración
c_354_2006                       3 artículos     127 chunks    2 forzados   10 sin fin de oración
c_355_2006                       6 artículos     713 chunks    0 forzados   69 sin fin de oración
c_358_1997                       1 artículos     175 chunks    0 forzados   62 sin fin de oración
c_363_2000                       3 artículos      45 chunks    0 forzados    5 sin fin de oración
c_365_2000                       0 artículos      29 chunks    0 forzados    4 sin fin de oración
c_366_1994                       0 artículos      36 chunks    0 forzados    2 sin fin de oración
c_366_2011                       2 artículos     226 chunks    7 forzados   28 sin fin de oración
c_369_2004                       1 artículos      37 chunks    0 forzados    4 sin fin de oración
c_370_2004                       9 artículos     158 chunks    4 forzados   16 sin fin de oración
c_370_2006                       2 artículos     424 chunks   20 forzados   54 sin fin de oración
c_372_2004                       0 artículos      84 chunks    0 forzados   10 sin fin de oración
c_373_1994                       0 artículos      18 chunks    0 forzados    4 sin fin de oración
c_373_2010                       0 artículos      51 chunks    0 forzados    6 sin fin de oración
c_379_1998                       0 artículos      17 chunks    0 forzados    2 sin fin de oración
c_380_1995                       0 artículos      14 chunks    0 forzados    4 sin fin de oración
c_380_2000                       0 artículos      18 chunks    0 forzados    1 sin fin de oración
c_383_2008                       3 artículos       8 chunks    0 forzados    1 sin fin de oración
c_383_2023-3                     4 artículos     328 chunks    5 forzados   36 sin fin de oración
c_383_2023                       4 artículos     324 chunks    5 forzados   35 sin fin de oración
c_384_2023                       1 artículos     183 chunks    0 forzados   22 sin fin de oración
c_385_2003                       0 artículos       3 chunks    0 forzados    2 sin fin de oración
c_386_2017                       4 artículos      83 chunks    0 forzados   19 sin fin de oración
c_392_2007                       0 artículos      63 chunks    0 forzados    5 sin fin de oración
c_397_2010                       0 artículos     468 chunks    2 forzados   72 sin fin de oración
c_399_2003                       8 artículos      41 chunks    0 forzados    6 sin fin de oración
c_400_1998                       0 artículos      17 chunks    0 forzados   13 sin fin de oración
c_400_2005                      47 artículos     137 chunks    0 forzados    7 sin fin de oración
c_403_2010                       7 artículos     255 chunks    0 forzados   34 sin fin de oración
c_403_2020                       4 artículos     134 chunks    8 forzados   38 sin fin de oración
c_404_2001                       7 artículos      62 chunks    0 forzados    4 sin fin de oración
c_408_1994                     289 artículos     414 chunks    0 forzados   12 sin fin de oración
c_408_2017                       2 artículos     179 chunks    0 forzados   23 sin fin de oración
c_417_2009                       0 artículos     197 chunks    0 forzados   25 sin fin de oración
c_420_2006                       3 artículos      23 chunks    0 forzados    8 sin fin de oración
c_426_2020                       1 artículos     124 chunks    0 forzados   15 sin fin de oración
c_431_2000                       0 artículos      35 chunks    0 forzados    6 sin fin de oración
c_433_2004                       5 artículos      28 chunks    0 forzados    4 sin fin de oración
c_434_2017                       5 artículos      63 chunks    0 forzados   13 sin fin de oración
c_439_2016                       1 artículos      73 chunks    0 forzados   10 sin fin de oración
c_441_2009                       0 artículos      51 chunks    0 forzados   10 sin fin de oración
c_441_2021-3                     1 artículos     126 chunks    0 forzados   27 sin fin de oración
c_441_2021                       1 artículos     124 chunks    0 forzados   25 sin fin de oración
c_442_2001                       2 artículos      97 chunks    2 forzados   13 sin fin de oración
c_443_2009                       1 artículos      93 chunks    0 forzados    9 sin fin de oración
c_447_1997                       0 artículos      21 chunks    0 forzados    4 sin fin de oración
c_448_1992                       0 artículos       9 chunks    0 forzados    5 sin fin de oración
c_451_1999                       0 artículos       5 chunks    0 forzados    1 sin fin de oración
c_452_2006                       7 artículos      66 chunks    0 forzados    6 sin fin de oración
c_458_2015                       0 artículos     187 chunks    0 forzados   22 sin fin de oración
c_459_2023                      20 artículos      96 chunks    0 forzados   34 sin fin de oración
c_461_1995                       1 artículos      40 chunks    0 forzados    4 sin fin de oración
c_461_2008                       0 artículos      89 chunks    5 forzados    8 sin fin de oración
c_465_2017                       6 artículos      84 chunks    3 forzados   19 sin fin de oración
c_468_1997                       0 artículos      36 chunks    0 forzados   13 sin fin de oración
c_471_1997                       1 artículos       9 chunks    0 forzados    2 sin fin de oración
c_473_2005                      20 artículos     239 chunks    0 forzados   29 sin fin de oración
c_475_1994                       0 artículos      21 chunks    0 forzados    3 sin fin de oración
c_477_2003                       0 artículos       3 chunks    0 forzados    2 sin fin de oración
c_481_2019-3                     0 artículos     311 chunks   16 forzados   30 sin fin de oración
c_481_2019                       0 artículos     307 chunks   17 forzados   29 sin fin de oración
c_482_1996                       0 artículos      24 chunks    0 forzados    2 sin fin de oración
c_482_2002                      34 artículos      87 chunks    0 forzados    5 sin fin de oración
c_482_2008                      55 artículos     142 chunks    0 forzados   11 sin fin de oración
c_484_2017                       0 artículos     226 chunks    0 forzados   16 sin fin de oración
c_489_2023-3                     2 artículos     833 chunks    2 forzados  117 sin fin de oración
c_489_2023                       2 artículos     825 chunks    2 forzados  119 sin fin de oración
c_490_2011                      76 artículos    1070 chunks   23 forzados  130 sin fin de oración
c_493_2019-3                     1 artículos      19 chunks    0 forzados    3 sin fin de oración
c_493_2019                       1 artículos      18 chunks    0 forzados    2 sin fin de oración
c_496_2016                       2 artículos      89 chunks    0 forzados   13 sin fin de oración
c_500_2001                       0 artículos       2 chunks    0 forzados    1 sin fin de oración
c_500_2005                       3 artículos      43 chunks    0 forzados    9 sin fin de oración
c_501_2001                       0 artículos      82 chunks    0 forzados   10 sin fin de oración
c_502_2007                       0 artículos     198 chunks    0 forzados   16 sin fin de oración
c_503_1993                       0 artículos      34 chunks    0 forzados    6 sin fin de oración
c_505_2023                       1 artículos      77 chunks    2 forzados   17 sin fin de oración
c_506_2009                       1 artículos      59 chunks    0 forzados    8 sin fin de oración
c_507_2008                       0 artículos     317 chunks    3 forzados   37 sin fin de oración
c_510_1996                       0 artículos      19 chunks    0 forzados    4 sin fin de oración
c_511_1996                       9 artículos      33 chunks    0 forzados    6 sin fin de oración
c_514_2019                       4 artículos     117 chunks    0 forzados   10 sin fin de oración
c_516_2017                       3 artículos     173 chunks   23 forzados   23 sin fin de oración
c_518_2007                       0 artículos       5 chunks    0 forzados    3 sin fin de oración
c_519_1998                       0 artículos      13 chunks    0 forzados    4 sin fin de oración
c_519_2016                       1 artículos     149 chunks    0 forzados   19 sin fin de oración
c_520_1998                       0 artículos      22 chunks    0 forzados    5 sin fin de oración
c_520_2019-3                    20 artículos     151 chunks    2 forzados    9 sin fin de oración
c_520_2019                      20 artículos     146 chunks    2 forzados    9 sin fin de oración
c_522_2007                       2 artículos      16 chunks    0 forzados    4 sin fin de oración
c_524_1995                       0 artículos      29 chunks    0 forzados    5 sin fin de oración
c_524_2013                      33 artículos     309 chunks   10 forzados   25 sin fin de oración
c_531_2005                       2 artículos      54 chunks    0 forzados    6 sin fin de oración
c_533_2004                       3 artículos      55 chunks    0 forzados    9 sin fin de oración
c_535_1996                       8 artículos      66 chunks    0 forzados   12 sin fin de oración
c_535_1997                       0 artículos      45 chunks    0 forzados   10 sin fin de oración
c_536_2019                       1 artículos      76 chunks    0 forzados   13 sin fin de oración
c_536_2023                       0 artículos      36 chunks    0 forzados   10 sin fin de oración
c_539_2008                       9 artículos     139 chunks    0 forzados   14 sin fin de oración
c_540_2001                      96 artículos     350 chunks    0 forzados   43 sin fin de oración
c_540_2008                       0 artículos     137 chunks    0 forzados   15 sin fin de oración
c_540_2012-3                    56 artículos     847 chunks    4 forzados   53 sin fin de oración
c_540_2012                      56 artículos     839 chunks    4 forzados   49 sin fin de oración
c_540_2023-2                     2 artículos      90 chunks    0 forzados   10 sin fin de oración
c_540_2023                       2 artículos      91 chunks    0 forzados   10 sin fin de oración
c_543_1998                       0 artículos     111 chunks    0 forzados   29 sin fin de oración
c_551_2003                       2 artículos     495 chunks   13 forzados   50 sin fin de oración
c_551_2015-3                     5 artículos     112 chunks    0 forzados   10 sin fin de oración
c_551_2015                       5 artículos     112 chunks    0 forzados   10 sin fin de oración
c_554_2017                       7 artículos     137 chunks    0 forzados   37 sin fin de oración
c_556_1992                       2 artículos     148 chunks    0 forzados   12 sin fin de oración
c_557_2004                      27 artículos      63 chunks    0 forzados   11 sin fin de oración
c_557_2009                       1 artículos     129 chunks    0 forzados   16 sin fin de oración
c_559_2001                       0 artículos      49 chunks    0 forzados    4 sin fin de oración
c_559_2002                       0 artículos      22 chunks    0 forzados    4 sin fin de oración
c_564_2000                       0 artículos      43 chunks    0 forzados    3 sin fin de oración
c_568_2003                       0 artículos       7 chunks    0 forzados    5 sin fin de oración
c_569_2017                      24 artículos     343 chunks    9 forzados   50 sin fin de oración
c_575_1992                       1 artículos      35 chunks    0 forzados    8 sin fin de oración
c_575_2006                      72 artículos     597 chunks   18 forzados   63 sin fin de oración
c_576_2006                       4 artículos     131 chunks    0 forzados   26 sin fin de oración
c_577_2006                       0 artículos      99 chunks    0 forzados   18 sin fin de oración
c_577_2009                       3 artículos     137 chunks    0 forzados   22 sin fin de oración
c_579_1999                       0 artículos      53 chunks    0 forzados   10 sin fin de oración
c_579_2001                       0 artículos     258 chunks    0 forzados   27 sin fin de oración
c_582_1999                       0 artículos      23 chunks    0 forzados    6 sin fin de oración
c_585_2001                      96 artículos     139 chunks    0 forzados   15 sin fin de oración
c_585_2014                      20 artículos      32 chunks    0 forzados    2 sin fin de oración
c_593_1995                       0 artículos      45 chunks    0 forzados    7 sin fin de oración
c_593_2010                       0 artículos     102 chunks    0 forzados   17 sin fin de oración
c_595_1995                       0 artículos      32 chunks    0 forzados    7 sin fin de oración
c_600a_2095                      7 artículos      66 chunks    0 forzados    8 sin fin de oración
c_607_2006                       0 artículos       8 chunks    0 forzados    2 sin fin de oración
c_616_2001                       4 artículos      70 chunks    0 forzados    9 sin fin de oración
c_616_2008                      35 artículos     109 chunks    0 forzados    8 sin fin de oración
c_617_2015                       0 artículos      56 chunks    0 forzados    5 sin fin de oración
c_619_2004                       3 artículos      58 chunks    0 forzados    5 sin fin de oración
c_625_2010                      15 artículos      61 chunks    0 forzados    5 sin fin de oración
c_631_2014                       1 artículos      17 chunks    0 forzados    2 sin fin de oración
c_636_1996                       0 artículos      20 chunks    0 forzados    3 sin fin de oración
c_644_2004                       4 artículos      83 chunks    0 forzados   12 sin fin de oración
c_644_2012                       3 artículos     224 chunks    4 forzados   39 sin fin de oración
c_649_2006                       3 artículos      37 chunks    0 forzados    5 sin fin de oración
c_653_2015                       0 artículos     120 chunks    0 forzados   10 sin fin de oración
c_655_2003                       0 artículos      82 chunks    0 forzados    9 sin fin de oración
c_659_2000                       0 artículos      24 chunks    0 forzados    6 sin fin de oración
c_661_2004                       2 artículos      30 chunks    0 forzados    8 sin fin de oración
c_662_2009                      24 artículos     151 chunks    4 forzados   23 sin fin de oración
c_663_2009                       1 artículos      84 chunks    0 forzados   17 sin fin de oración
c_665_1996                       0 artículos      17 chunks    0 forzados    6 sin fin de oración
c_670_2005                       0 artículos      60 chunks    0 forzados    6 sin fin de oración
c_670_2015                       4 artículos     110 chunks    2 forzados   13 sin fin de oración
c_678_1998                       0 artículos      52 chunks    0 forzados    7 sin fin de oración
c_678_2013                       1 artículos      52 chunks    0 forzados   10 sin fin de oración
c_682_1996                       0 artículos      22 chunks    0 forzados    7 sin fin de oración
c_685_1996                       2 artículos      56 chunks    0 forzados    7 sin fin de oración
c_685_2011                      67 artículos     182 chunks    0 forzados   13 sin fin de oración
c_691_2008                       0 artículos     112 chunks    0 forzados   13 sin fin de oración
c_699_2016                       2 artículos     377 chunks    4 forzados   41 sin fin de oración
c_700_2004                       0 artículos      30 chunks    0 forzados    9 sin fin de oración
c_701_2010                       6 artículos      79 chunks    0 forzados    7 sin fin de oración
c_702_1999                       0 artículos     189 chunks    0 forzados   14 sin fin de oración
c_711_2001                       0 artículos      55 chunks    0 forzados   10 sin fin de oración
c_713_2008                      30 artículos     684 chunks    0 forzados   68 sin fin de oración
c_714_2008                       0 artículos     134 chunks    0 forzados   25 sin fin de oración
c_718_2004                       1 artículos      53 chunks    0 forzados   10 sin fin de oración
c_720_1999                       0 artículos      78 chunks    0 forzados   13 sin fin de oración
c_722_1999                       0 artículos      49 chunks    0 forzados   14 sin fin de oración
c_729_2005                       0 artículos      39 chunks    0 forzados    1 sin fin de oración
c_731_2008                       4 artículos      53 chunks    0 forzados    4 sin fin de oración
c_737_2001                      21 artículos     174 chunks    0 forzados   21 sin fin de oración
c_739_2008                       0 artículos     122 chunks    0 forzados    5 sin fin de oración
c_740_2013                       6 artículos     119 chunks    3 forzados   13 sin fin de oración
c_748_2011-3                    34 artículos     402 chunks    0 forzados   55 sin fin de oración
c_748_2011                      34 artículos     398 chunks    0 forzados   56 sin fin de oración
c_759_2004                       0 artículos      55 chunks    0 forzados    6 sin fin de oración
c_760_2001                       2 artículos     243 chunks    0 forzados   23 sin fin de oración
c_765_2012                      53 artículos     229 chunks    0 forzados   18 sin fin de oración
c_771_2011                       4 artículos     292 chunks    2 forzados   22 sin fin de oración
c_774_2001                       0 artículos     114 chunks    0 forzados   19 sin fin de oración
c_775_2010                       0 artículos      55 chunks    0 forzados    3 sin fin de oración
c_776_2003-3                     0 artículos     327 chunks    7 forzados   38 sin fin de oración
c_776_2003                       0 artículos     323 chunks    7 forzados   40 sin fin de oración
c_778_2001                       0 artículos      57 chunks    0 forzados   10 sin fin de oración
c_780_2004                       4 artículos      16 chunks    0 forzados    6 sin fin de oración
c_784_2014                       8 artículos      56 chunks    0 forzados    9 sin fin de oración
c_786_2012                       2 artículos      86 chunks    0 forzados   10 sin fin de oración
c_801_2003                       0 artículos      68 chunks    0 forzados    9 sin fin de oración
c_802_2000                       0 artículos      13 chunks    0 forzados    3 sin fin de oración
c_802_2002                      91 artículos     388 chunks    0 forzados   53 sin fin de oración
c_807_2001                       1 artículos      30 chunks    0 forzados    6 sin fin de oración
c_809_2001-3                   133 artículos     203 chunks    0 forzados   11 sin fin de oración
c_809_2001                     133 artículos     203 chunks    0 forzados   13 sin fin de oración
c_809_2007                      12 artículos     228 chunks    2 forzados   37 sin fin de oración
c_814_2001                       0 artículos     110 chunks    0 forzados   18 sin fin de oración
c_815_2001                       0 artículos      53 chunks    0 forzados    9 sin fin de oración
c_816_1999                       0 artículos      26 chunks    0 forzados    8 sin fin de oración
c_818_2004                       5 artículos      45 chunks    0 forzados   10 sin fin de oración
c_818_2010                       1 artículos      56 chunks    0 forzados    3 sin fin de oración
c_818_2011                       0 artículos      11 chunks    0 forzados    3 sin fin de oración
c_819_2004                       0 artículos      38 chunks    0 forzados    3 sin fin de oración
c_823_2006                       0 artículos       7 chunks    0 forzados    6 sin fin de oración
c_828_2001                       1 artículos       4 chunks    0 forzados    3 sin fin de oración
c_831_2010                       0 artículos      72 chunks    0 forzados    6 sin fin de oración
c_833_2013                       0 artículos     119 chunks    2 forzados   10 sin fin de oración
c_834_2001                       1 artículos      28 chunks    0 forzados    4 sin fin de oración
c_835_2002                       1 artículos      35 chunks    0 forzados    5 sin fin de oración
c_837_2001                      96 artículos     303 chunks    0 forzados   25 sin fin de oración
c_838_2008                       3 artículos     140 chunks    2 forzados   19 sin fin de oración
c_839_2003                       0 artículos      24 chunks    0 forzados    5 sin fin de oración
c_849_2005                      14 artículos      78 chunks    0 forzados    9 sin fin de oración
c_850_2009                      16 artículos     118 chunks    2 forzados    9 sin fin de oración
c_856_2006                      21 artículos     118 chunks    2 forzados   23 sin fin de oración
c_856_2009                      27 artículos     114 chunks    2 forzados   10 sin fin de oración
c_857_2005                       0 artículos      23 chunks    0 forzados    3 sin fin de oración
c_859_2001                       0 artículos      41 chunks    0 forzados    9 sin fin de oración
c_862_2012                      82 artículos     309 chunks    0 forzados  103 sin fin de oración
c_863_2006                      14 artículos     128 chunks    0 forzados   13 sin fin de oración
c_864_2006                      52 artículos      74 chunks    0 forzados   16 sin fin de oración
c_870_2003                       0 artículos      74 chunks    0 forzados   11 sin fin de oración
c_872_2002-2                    61 artículos      97 chunks    0 forzados   13 sin fin de oración
c_872_2002                      61 artículos      99 chunks    0 forzados   14 sin fin de oración
c_874_2005                       6 artículos      73 chunks    0 forzados   10 sin fin de oración
c_875_2002                       0 artículos      41 chunks    0 forzados    6 sin fin de oración
c_876_2002                      13 artículos     272 chunks    2 forzados   28 sin fin de oración
c_879_2003                       1 artículos      33 chunks    0 forzados    5 sin fin de oración
c_882_2014                       2 artículos     151 chunks    0 forzados    8 sin fin de oración
c_883_2007                       4 artículos      20 chunks    0 forzados    1 sin fin de oración
c_885_2004                      19 artículos      47 chunks    0 forzados    1 sin fin de oración
c_889_2006                       0 artículos      13 chunks    0 forzados    6 sin fin de oración
c_890_1999                       0 artículos      41 chunks    0 forzados    2 sin fin de oración
c_895_2009                       2 artículos      67 chunks    0 forzados    8 sin fin de oración
c_901_2011                       1 artículos      43 chunks    0 forzados    6 sin fin de oración
c_913_2002                       0 artículos       5 chunks    0 forzados    2 sin fin de oración
c_914_2002                       0 artículos       5 chunks    0 forzados    0 sin fin de oración
c_922_2001                       0 artículos      24 chunks    0 forzados    1 sin fin de oración
c_923_2000                      12 artículos      31 chunks    0 forzados    5 sin fin de oración
c_924_2000                       0 artículos      24 chunks    0 forzados    5 sin fin de oración
c_925_2006                       0 artículos      51 chunks    0 forzados    7 sin fin de oración
c_928_2006                       0 artículos      44 chunks    0 forzados    2 sin fin de oración
c_929_2006                       4 artículos      37 chunks    0 forzados    9 sin fin de oración
c_930_2005                       4 artículos      18 chunks    0 forzados    8 sin fin de oración
c_930_2006                       0 artículos      22 chunks    0 forzados    1 sin fin de oración
c_931_2004                       0 artículos     247 chunks    2 forzados   25 sin fin de oración
c_931_2006                       0 artículos      38 chunks    2 forzados    9 sin fin de oración
c_932_2007                       0 artículos      74 chunks    0 forzados   16 sin fin de oración
c_933_2006                       3 artículos      74 chunks    2 forzados    6 sin fin de oración
c_935_2004                      80 artículos     193 chunks    2 forzados   20 sin fin de oración
c_935_2013                       7 artículos      81 chunks    0 forzados   16 sin fin de oración
c_939_2010                       0 artículos      72 chunks    0 forzados   14 sin fin de oración
c_941_2003                       2 artículos      65 chunks    0 forzados   12 sin fin de oración
c_947_2002                       2 artículos       6 chunks    0 forzados    5 sin fin de oración
c_950_2001                       0 artículos      71 chunks    0 forzados   10 sin fin de oración
c_950_2007                       0 artículos      37 chunks    2 forzados    4 sin fin de oración
c_951_2014-3                     3 artículos     372 chunks    2 forzados   56 sin fin de oración
c_951_2014                       3 artículos     368 chunks    2 forzados   54 sin fin de oración
c_956_2001                       0 artículos       3 chunks    0 forzados    1 sin fin de oración
c_970_2004                       0 artículos     112 chunks    2 forzados   20 sin fin de oración
c_971_2004                       0 artículos     103 chunks    0 forzados   13 sin fin de oración
c_985_2006                       0 artículos      83 chunks    0 forzados    7 sin fin de oración
c_988_2004                       4 artículos      91 chunks    0 forzados    7 sin fin de oración
c_991_2004                       0 artículos      52 chunks    0 forzados    9 sin fin de oración
c_992_2006                       0 artículos      10 chunks    0 forzados    7 sin fin de oración
circular_dian_0001_2019          0 artículos      17 chunks    0 forzados    4 sin fin de oración
circular_dian_0003_2016          0 artículos       8 chunks    0 forzados    1 sin fin de oración
circular_dian_0004_2016          0 artículos       3 chunks    0 forzados    1 sin fin de oración
circular_dian_0010_2022          0 artículos       2 chunks    0 forzados    1 sin fin de oración
codigo_civil                  2684 artículos    2701 chunks    0 forzados    8 sin fin de oración
codigo_comercio               2038 artículos    2069 chunks    0 forzados    7 sin fin de oración
codigo_contencioso_administrativo   285 artículos     331 chunks    0 forzados    5 sin fin de oración
codigo_disciplinario           281 artículos     318 chunks    0 forzados    2 sin fin de oración
codigo_general_proceso         634 artículos     855 chunks    3 forzados    1 sin fin de oración
codigo_infancia                218 artículos     269 chunks    0 forzados    3 sin fin de oración
codigo_menor                   354 artículos     368 chunks    0 forzados    4 sin fin de oración
codigo_nacional_policia        249 artículos     360 chunks    2 forzados    7 sin fin de oración
codigo_penal                   605 artículos     655 chunks    2 forzados    4 sin fin de oración
codigo_procedimental_laboral   164 artículos     174 chunks    0 forzados    0 sin fin de oración
codigo_procedimiento_civil     702 artículos     905 chunks    0 forzados    3 sin fin de oración
codigo_sustantivo_trabajo      495 artículos     549 chunks    0 forzados    3 sin fin de oración
concepto_aduanero_dian_0000046_2007     0 artículos       6 chunks    0 forzados    2 sin fin de oración
concepto_aduanero_dian_0000066_2007     0 artículos      13 chunks    0 forzados    1 sin fin de oración
concepto_aduanero_dian_0000074_2007     0 artículos       6 chunks    0 forzados    3 sin fin de oración
concepto_aduanero_dian_0000092_2001     0 artículos       3 chunks    0 forzados    1 sin fin de oración
concepto_aduanero_dian_0000384_2018     0 artículos       4 chunks    0 forzados    1 sin fin de oración
concepto_aduanero_dian_0070239_2013     0 artículos       7 chunks    0 forzados    1 sin fin de oración
concepto_dian_c000003_2002       1 artículos      44 chunks    0 forzados    1 sin fin de oración
concepto_tributario_dian_0000001_2003     0 artículos       1 chunks    0 forzados    0 sin fin de oración
concepto_tributario_dian_0000001_2004     0 artículos      35 chunks    0 forzados   10 sin fin de oración
concepto_tributario_dian_0000003_2003     0 artículos       3 chunks    0 forzados    0 sin fin de oración
concepto_tributario_dian_0000238_2008     0 artículos       9 chunks    0 forzados    1 sin fin de oración
concepto_tributario_dian_0008537_2018     0 artículos       8 chunks    0 forzados    1 sin fin de oración
concepto_tributario_dian_0013765_2004     0 artículos       5 chunks    0 forzados    1 sin fin de oración
concepto_tributario_dian_0030645_2000     0 artículos       2 chunks    0 forzados    1 sin fin de oración
concepto_tributario_dian_0044070_1999     0 artículos       3 chunks    0 forzados    2 sin fin de oración
concepto_tributario_dian_0048168_2006     0 artículos       6 chunks    0 forzados    1 sin fin de oración
concepto_tributario_dian_0049955_2005     0 artículos       6 chunks    0 forzados    2 sin fin de oración
concepto_tributario_dian_0057368_2010     0 artículos       8 chunks    0 forzados    3 sin fin de oración
concepto_tributario_dian_0059771_2003     0 artículos       3 chunks    0 forzados    1 sin fin de oración
concepto_tributario_dian_0079027_2004     0 artículos       4 chunks    0 forzados    2 sin fin de oración
consejo_estado_ce_suj_4_005_2020     0 artículos      27 chunks    0 forzados    5 sin fin de oración
constitucion                   495 artículos     606 chunks    0 forzados    5 sin fin de oración
constitucion_politica_1991     495 artículos     606 chunks    0 forzados    6 sin fin de oración
corte_suprema_sin_radicado_sc_2017_07_18_2017     0 artículos      30 chunks    0 forzados   22 sin fin de oración
cpaca                          321 artículos     415 chunks    0 forzados    0 sin fin de oración
decision_andina_486            280 artículos     290 chunks    2 forzados    3 sin fin de oración
decision_comisioncandina_dec351    61 artículos      67 chunks    0 forzados    1 sin fin de oración
decision_comisioncandina_dec416    23 artículos      25 chunks    0 forzados    2 sin fin de oración
decision_comisioncandina_dec467    17 artículos      18 chunks    0 forzados    1 sin fin de oración
decision_comisioncandina_dec571    45 artículos      85 chunks    0 forzados    7 sin fin de oración
decision_comisioncandina_dec617    72 artículos      83 chunks    0 forzados    4 sin fin de oración
decision_comisioncandina_dec636     5 artículos       8 chunks    0 forzados    1 sin fin de oración
decision_comisioncandina_dec787     2 artículos       4 chunks    0 forzados    1 sin fin de oración
decision_comisioncandina_dec799     4 artículos       6 chunks    0 forzados    1 sin fin de oración
decision_comisioncandina_dec923     2 artículos       5 chunks    0 forzados    1 sin fin de oración
decreto_1000_1989                5 artículos       6 chunks    0 forzados    1 sin fin de oración
decreto_1000_1997               28 artículos      31 chunks    0 forzados    1 sin fin de oración
decreto_1000_2003                6 artículos      11 chunks    0 forzados    0 sin fin de oración
decreto_1001_1997               19 artículos      20 chunks    0 forzados    1 sin fin de oración
decreto_100_2003                 4 artículos       5 chunks    0 forzados    1 sin fin de oración
decreto_1011_2020                2 artículos      17 chunks    0 forzados    1 sin fin de oración
decreto_1012_2020                2 artículos      12 chunks    0 forzados    1 sin fin de oración
decreto_1013_2020                2 artículos      12 chunks    0 forzados    1 sin fin de oración
decreto_1017_2023                6 artículos      15 chunks    0 forzados    1 sin fin de oración
decreto_1020_2014                8 artículos      10 chunks    0 forzados    1 sin fin de oración
decreto_1023_2012               30 artículos      54 chunks    0 forzados    0 sin fin de oración
decreto_1027_2018                3 artículos       5 chunks    0 forzados    2 sin fin de oración
decreto_1030_1993                5 artículos       6 chunks    0 forzados    1 sin fin de oración
decreto_1032_1991               36 artículos      39 chunks    0 forzados    1 sin fin de oración
decreto_1033_1999               10 artículos      15 chunks    0 forzados    1 sin fin de oración
decreto_1035_2022                7 artículos      13 chunks    0 forzados    1 sin fin de oración
decreto_103_2015                53 artículos      65 chunks    0 forzados    1 sin fin de oración
decreto_1050_2015                6 artículos      11 chunks    0 forzados    0 sin fin de oración
decreto_1054_2019                3 artículos       6 chunks    0 forzados    1 sin fin de oración
decreto_1054_2020                7 artículos      24 chunks    0 forzados    2 sin fin de oración
decreto_1064_2020               40 artículos      75 chunks    0 forzados    4 sin fin de oración
decreto_1066_2020                2 artículos      11 chunks    0 forzados    1 sin fin de oración
decreto_1066_2025                2 artículos       6 chunks    0 forzados    1 sin fin de oración
decreto_1068_2015             1901 artículos    2355 chunks    0 forzados   26 sin fin de oración
decreto_1069_2025               12 artículos      17 chunks    0 forzados    1 sin fin de oración
decreto_1070_2013               11 artículos      20 chunks    0 forzados    1 sin fin de oración
decreto_1071_1999               46 artículos      53 chunks    0 forzados    0 sin fin de oración
decreto_1072_1999               93 artículos      98 chunks    0 forzados   21 sin fin de oración
decreto_1074_1999                3 artículos      10 chunks    0 forzados    0 sin fin de oración
decreto_1074_2015             2188 artículos    2648 chunks    0 forzados   19 sin fin de oración
decreto_1074_2023                2 artículos       4 chunks    0 forzados    0 sin fin de oración
decreto_1075_2023               50 artículos      82 chunks    0 forzados    1 sin fin de oración
decreto_1078_2015              725 artículos     901 chunks    8 forzados   18 sin fin de oración
decreto_1080_1996               29 artículos      47 chunks    0 forzados    1 sin fin de oración
decreto_1081_2015              830 artículos    1022 chunks    0 forzados   27 sin fin de oración
decreto_1082_2015-2            786 artículos     998 chunks    0 forzados    3 sin fin de oración
decreto_1083_2015              815 artículos     947 chunks   13 forzados   27 sin fin de oración
decreto_1085_2023                4 artículos      72 chunks    3 forzados    5 sin fin de oración
decreto_1088_1993               16 artículos      17 chunks    0 forzados    0 sin fin de oración
decreto_1089_2020                2 artículos      10 chunks    0 forzados    2 sin fin de oración
decreto_1090_2020                2 artículos       5 chunks    0 forzados    1 sin fin de oración
decreto_1091_2020               26 artículos     144 chunks    0 forzados    9 sin fin de oración
decreto_1092_1996               43 artículos      52 chunks    0 forzados    0 sin fin de oración
decreto_1092_2024                3 artículos       6 chunks    0 forzados    1 sin fin de oración
decreto_1095_2018                2 artículos       8 chunks    0 forzados    1 sin fin de oración
decreto_1095_2024                4 artículos      11 chunks    0 forzados    1 sin fin de oración
decreto_1096_1994                7 artículos       8 chunks    0 forzados    1 sin fin de oración
decreto_1096_2018                2 artículos       6 chunks    0 forzados    1 sin fin de oración
decreto_10_1992                 79 artículos      81 chunks    0 forzados    1 sin fin de oración
decreto_1101_2013                2 artículos       4 chunks    0 forzados    1 sin fin de oración
decreto_1102_2013                3 artículos       6 chunks    2 forzados    2 sin fin de oración
decreto_1103_2014                5 artículos       6 chunks    0 forzados    1 sin fin de oración
decreto_1103_2020                2 artículos      20 chunks    0 forzados    1 sin fin de oración
decreto_1103_2023                6 artículos      24 chunks    0 forzados    2 sin fin de oración
decreto_1107_1992               12 artículos      14 chunks    0 forzados    1 sin fin de oración
decreto_1110_2024                3 artículos       6 chunks    0 forzados    1 sin fin de oración
decreto_1115_2006                2 artículos       5 chunks    0 forzados    1 sin fin de oración
decreto_1116_2017                6 artículos       8 chunks    0 forzados    2 sin fin de oración
decreto_1119_2008                7 artículos       9 chunks    0 forzados    1 sin fin de oración
decreto_111_1996               128 artículos     135 chunks    0 forzados    3 sin fin de oración
decreto_1120_2009                2 artículos       3 chunks    0 forzados    1 sin fin de oración
decreto_1122_1999              352 artículos     380 chunks    0 forzados    5 sin fin de oración
decreto_1122_2019                5 artículos      11 chunks    0 forzados    1 sin fin de oración
decreto_1123_2015               16 artículos      34 chunks    0 forzados    1 sin fin de oración
decreto_1123_2018                4 artículos       9 chunks    0 forzados    1 sin fin de oración
decreto_1124_1999               34 artículos      48 chunks    0 forzados    1 sin fin de oración
decreto_1131_1992               13 artículos      16 chunks    0 forzados    1 sin fin de oración
decreto_1131_2026                5 artículos      12 chunks    0 forzados    2 sin fin de oración
decreto_1132_1992               13 artículos      14 chunks    0 forzados    2 sin fin de oración
decreto_1132_2022                3 artículos       8 chunks    0 forzados    2 sin fin de oración
decreto_1133_1999               29 artículos     104 chunks    0 forzados    1 sin fin de oración
decreto_1135_1992               46 artículos      49 chunks    0 forzados    0 sin fin de oración
decreto_1140_2010                2 artículos       3 chunks    0 forzados    1 sin fin de oración
decreto_1140_2013                3 artículos       5 chunks    0 forzados    0 sin fin de oración
decreto_1140_2018               10 artículos      18 chunks    0 forzados    0 sin fin de oración
decreto_1141_2010                3 artículos       5 chunks    0 forzados    1 sin fin de oración
decreto_1144_2019              150 artículos     159 chunks    0 forzados    1 sin fin de oración
decreto_1147_2020                5 artículos      10 chunks    0 forzados    2 sin fin de oración
decreto_1150_2014                2 artículos       3 chunks    0 forzados    1 sin fin de oración
decreto_1152_2022                8 artículos      17 chunks    0 forzados    2 sin fin de oración
decreto_1153_1999               25 artículos      50 chunks    0 forzados    1 sin fin de oración
decreto_1156_2020                4 artículos      11 chunks    0 forzados    2 sin fin de oración
decreto_1157_2020                3 artículos      45 chunks    0 forzados    1 sin fin de oración
decreto_1159_2012               15 artículos      30 chunks    0 forzados    1 sin fin de oración
decreto_1161_2010               19 artículos      20 chunks    0 forzados    1 sin fin de oración
decreto_1165_1996               15 artículos      18 chunks    0 forzados    1 sin fin de oración
decreto_1165_2019              785 artículos    1161 chunks    0 forzados   10 sin fin de oración
decreto_1166_2016                3 artículos      10 chunks    0 forzados    1 sin fin de oración
decreto_1174_2022                3 artículos       6 chunks    0 forzados    1 sin fin de oración
decreto_1175_1999                3 artículos       4 chunks    0 forzados    1 sin fin de oración
decreto_1175_2022                2 artículos       5 chunks    0 forzados    1 sin fin de oración
decreto_1176_2022                2 artículos       5 chunks    0 forzados    2 sin fin de oración
decreto_1178_1994                2 artículos       4 chunks    0 forzados    0 sin fin de oración
decreto_1182_1999                5 artículos       7 chunks    0 forzados    0 sin fin de oración
decreto_1183_2025                3 artículos       7 chunks    0 forzados    1 sin fin de oración
decreto_1184_2025                4 artículos       8 chunks    0 forzados    1 sin fin de oración
decreto_1185_1994                8 artículos      12 chunks    0 forzados    0 sin fin de oración
decreto_1189_1988               21 artículos      23 chunks    0 forzados    1 sin fin de oración
decreto_1192_2016                5 artículos       8 chunks    0 forzados    1 sin fin de oración
decreto_1197_2000               22 artículos      24 chunks    0 forzados    1 sin fin de oración
decreto_1197_2025                4 artículos       9 chunks    0 forzados    2 sin fin de oración
decreto_119_2017                 5 artículos       8 chunks    0 forzados    2 sin fin de oración
decreto_1201_2007                4 artículos       5 chunks    0 forzados    2 sin fin de oración
decreto_1206_2001               12 artículos      13 chunks    0 forzados    1 sin fin de oración
decreto_1206_2020                4 artículos       8 chunks    0 forzados    1 sin fin de oración
decreto_1206_2021                4 artículos      14 chunks    0 forzados    1 sin fin de oración
decreto_1208_1996                2 artículos       3 chunks    0 forzados    2 sin fin de oración
decreto_1208_2022               12 artículos      67 chunks    0 forzados    1 sin fin de oración
decreto_120_2022                 5 artículos      11 chunks    0 forzados    2 sin fin de oración
decreto_1212_2018                2 artículos       5 chunks    0 forzados    0 sin fin de oración
decreto_1217_1994                4 artículos       6 chunks    0 forzados    1 sin fin de oración
decreto_121_2014                12 artículos      17 chunks    0 forzados    1 sin fin de oración
decreto_121_2017                 5 artículos       9 chunks    0 forzados    0 sin fin de oración
decreto_1221_1993               15 artículos      17 chunks    0 forzados    1 sin fin de oración
decreto_1222_1976               33 artículos      34 chunks    0 forzados    1 sin fin de oración
decreto_1222_1986              340 artículos     351 chunks    0 forzados    2 sin fin de oración
decreto_1223_2020               26 artículos      49 chunks    0 forzados    2 sin fin de oración
decreto_1226_2026                5 artículos      11 chunks    0 forzados    1 sin fin de oración
decreto_1227_2024                4 artículos       7 chunks    0 forzados    1 sin fin de oración
decreto_1228_1995               46 artículos      48 chunks    0 forzados    0 sin fin de oración
decreto_122_2008                 5 artículos       6 chunks    0 forzados    2 sin fin de oración
decreto_1231_1995                5 artículos       6 chunks    0 forzados    0 sin fin de oración
decreto_1232_2001               59 artículos      97 chunks    0 forzados    4 sin fin de oración
decreto_1239_2024               43 artículos      53 chunks    2 forzados    2 sin fin de oración
decreto_1240_1979               17 artículos      18 chunks    0 forzados    1 sin fin de oración
decreto_1242_2003                6 artículos       8 chunks    0 forzados    1 sin fin de oración
decreto_1243_2001               13 artículos      19 chunks    0 forzados    1 sin fin de oración
decreto_1244_2013                7 artículos      13 chunks    0 forzados    1 sin fin de oración
decreto_1244_2021               10 artículos      24 chunks    0 forzados    0 sin fin de oración
decreto_1245_2001                3 artículos       4 chunks    0 forzados    1 sin fin de oración
decreto_124_1997                14 artículos      21 chunks    0 forzados    1 sin fin de oración
decreto_1250_1970               97 artículos      99 chunks    0 forzados    0 sin fin de oración
decreto_1250_1992               15 artículos      20 chunks    0 forzados    1 sin fin de oración
decreto_1253_2010                3 artículos       5 chunks    0 forzados    1 sin fin de oración
decreto_1253_2022                2 artículos       4 chunks    0 forzados    2 sin fin de oración
decreto_1255_2022                8 artículos      70 chunks    0 forzados    7 sin fin de oración
decreto_1260_1970              124 artículos     126 chunks    0 forzados    2 sin fin de oración
decreto_1261_2026                6 artículos      64 chunks    2 forzados    2 sin fin de oración
decreto_1263_2022                3 artículos      14 chunks    0 forzados    2 sin fin de oración
decreto_1264_1994                8 artículos      12 chunks    0 forzados    0 sin fin de oración
decreto_1265_1999               36 artículos      84 chunks    0 forzados    3 sin fin de oración
decreto_126_2010                37 artículos      46 chunks    0 forzados    0 sin fin de oración
decreto_1277_2023                9 artículos      54 chunks    4 forzados    1 sin fin de oración
decreto_1278_2002               69 artículos      71 chunks    0 forzados    1 sin fin de oración
decreto_127_2010                 8 artículos      12 chunks    0 forzados    1 sin fin de oración
decreto_1280_1994               17 artículos      21 chunks    0 forzados    0 sin fin de oración
decreto_1281_1994               14 artículos      17 chunks    0 forzados    1 sin fin de oración
decreto_1281_2002               18 artículos      21 chunks    0 forzados    0 sin fin de oración
decreto_1281_2008                5 artículos       7 chunks    0 forzados    1 sin fin de oración
decreto_1282_1994               14 artículos      15 chunks    0 forzados    1 sin fin de oración
decreto_1283_1994               13 artículos      14 chunks    0 forzados    0 sin fin de oración
decreto_1285_1994                2 artículos       3 chunks    0 forzados    0 sin fin de oración
decreto_1288_1996               16 artículos      18 chunks    0 forzados    1 sin fin de oración
decreto_128_2023                 4 artículos      11 chunks    0 forzados    1 sin fin de oración
decreto_128_2024                 2 artículos       9 chunks    2 forzados    2 sin fin de oración
decreto_1293_2009                5 artículos      11 chunks    0 forzados    0 sin fin de oración
decreto_1295_1994               98 artículos     110 chunks    0 forzados    3 sin fin de oración
decreto_1296_1994               13 artículos      15 chunks    0 forzados    0 sin fin de oración
decreto_1299_1994               27 artículos      33 chunks    0 forzados    0 sin fin de oración
decreto_1300_2003               26 artículos      27 chunks    0 forzados    0 sin fin de oración
decreto_1300_2005                2 artículos       3 chunks    0 forzados    1 sin fin de oración
decreto_1301_1994               93 artículos     115 chunks    0 forzados    3 sin fin de oración
decreto_1302_1994                4 artículos       5 chunks    0 forzados    0 sin fin de oración
decreto_1303_2017                3 artículos       7 chunks    0 forzados    0 sin fin de oración
decreto_1306_2009               46 artículos      87 chunks    0 forzados    2 sin fin de oración
decreto_130_2010                37 artículos      54 chunks    0 forzados    1 sin fin de oración
decreto_1314_2021                3 artículos      14 chunks    0 forzados    1 sin fin de oración
decreto_1317_2025                8 artículos      17 chunks    0 forzados    1 sin fin de oración
decreto_131_2001                 4 artículos       7 chunks    0 forzados    1 sin fin de oración
decreto_131_2010                52 artículos      60 chunks    0 forzados    0 sin fin de oración
decreto_1320_1999                2 artículos       3 chunks    0 forzados    0 sin fin de oración
decreto_1321_2011               23 artículos      41 chunks    0 forzados    0 sin fin de oración
decreto_1323_2012                2 artículos       3 chunks    0 forzados    0 sin fin de oración
decreto_132_1995                86 artículos      87 chunks    0 forzados    2 sin fin de oración
decreto_1333_1986              386 artículos     399 chunks    0 forzados    1 sin fin de oración
decreto_1333_1996                6 artículos       7 chunks    0 forzados    1 sin fin de oración
decreto_1335_2019                2 artículos       5 chunks    0 forzados    0 sin fin de oración
decreto_1340_2021                3 artículos      15 chunks    0 forzados    1 sin fin de oración
decreto_1343_2017                3 artículos       6 chunks    0 forzados    1 sin fin de oración
decreto_1344_1999                3 artículos       9 chunks    0 forzados    7 sin fin de oración
decreto_1345_1999                4 artículos       6 chunks    0 forzados    1 sin fin de oración
decreto_1346_2016                3 artículos       5 chunks    0 forzados    0 sin fin de oración
decreto_1348_2026                3 artículos      10 chunks    0 forzados    0 sin fin de oración
decreto_1354_1987               11 artículos      14 chunks    0 forzados    1 sin fin de oración
decreto_1355_1970              256 artículos     261 chunks    0 forzados    1 sin fin de oración
decreto_1357_2021                2 artículos       6 chunks    0 forzados    1 sin fin de oración
decreto_1358_2011                4 artículos       8 chunks    0 forzados    6 sin fin de oración
decreto_1358_2024                5 artículos      14 chunks    0 forzados    1 sin fin de oración
decreto_1366_2020               16 artículos      22 chunks    0 forzados    2 sin fin de oración
decreto_1370_2019                2 artículos       9 chunks    0 forzados    2 sin fin de oración
decreto_1372_1992               37 artículos      40 chunks    0 forzados    1 sin fin de oración
decreto_1377_2013               28 artículos      33 chunks    0 forzados    1 sin fin de oración
decreto_1389_2022                3 artículos      10 chunks    0 forzados    2 sin fin de oración
decreto_1390_1993                2 artículos       3 chunks    0 forzados    1 sin fin de oración
decreto_1390_2024               10 artículos      20 chunks    0 forzados    1 sin fin de oración
decreto_1390_2025                5 artículos      35 chunks    0 forzados    4 sin fin de oración
decreto_1401_2024                6 artículos      20 chunks    0 forzados    1 sin fin de oración
decreto_1402_1991                8 artículos      10 chunks    0 forzados    1 sin fin de oración
decreto_1414_2017               40 artículos      89 chunks    0 forzados    0 sin fin de oración
decreto_1419_2026               15 artículos      33 chunks    0 forzados    4 sin fin de oración
decreto_141_2011                25 artículos      53 chunks    0 forzados    0 sin fin de oración
decreto_1421_1993              173 artículos     187 chunks    0 forzados    2 sin fin de oración
decreto_1427_1998                6 artículos       7 chunks    0 forzados    1 sin fin de oración
decreto_1427_2017               35 artículos      68 chunks    0 forzados    2 sin fin de oración
decreto_142_2015                 2 artículos       4 chunks    0 forzados    1 sin fin de oración
decreto_1432_2016                6 artículos       7 chunks    0 forzados    0 sin fin de oración
decreto_1435_2020               15 artículos      39 chunks    0 forzados    1 sin fin de oración
decreto_143_2011                 3 artículos       8 chunks    0 forzados    0 sin fin de oración
decreto_1444_2001                6 artículos       7 chunks    0 forzados    1 sin fin de oración
decreto_1448_2022                3 artículos      17 chunks    0 forzados    2 sin fin de oración
decreto_1449_2022               24 artículos      54 chunks    0 forzados    1 sin fin de oración
decreto_1451_2015               15 artículos      25 chunks    0 forzados    0 sin fin de oración
decreto_1451_2017               12 artículos      21 chunks    0 forzados    2 sin fin de oración
decreto_1453_2018                2 artículos       6 chunks    0 forzados    1 sin fin de oración
decreto_1457_2020                8 artículos      55 chunks    0 forzados    1 sin fin de oración
decreto_1458_2023                7 artículos      20 chunks    2 forzados    3 sin fin de oración
decreto_1468_2019               29 artículos     132 chunks    0 forzados    6 sin fin de oración
decreto_1470_2018                3 artículos       6 chunks    0 forzados    0 sin fin de oración
decreto_1473_2014                2 artículos      18 chunks   14 forzados   11 sin fin de oración
decreto_1474_2025               33 artículos      69 chunks    0 forzados    6 sin fin de oración
decreto_1479_1996                2 artículos       3 chunks    0 forzados    1 sin fin de oración
decreto_1483_1997                3 artículos       5 chunks    0 forzados    1 sin fin de oración
decreto_1486_2024               14 artículos      25 chunks    0 forzados    3 sin fin de oración
decreto_1494_1978               33 artículos      40 chunks    0 forzados    7 sin fin de oración
decreto_1494_2015                5 artículos       8 chunks    0 forzados    1 sin fin de oración
decreto_1494_2024                5 artículos      12 chunks    0 forzados    2 sin fin de oración
decreto_1495_2021                4 artículos      14 chunks    0 forzados    1 sin fin de oración
decreto_1496_2024                2 artículos       6 chunks    0 forzados    1 sin fin de oración
decreto_1499_2017                6 artículos      13 chunks    0 forzados    2 sin fin de oración
decreto_149_2004                21 artículos      25 chunks    0 forzados    0 sin fin de oración
decreto_14_2014                  2 artículos       4 chunks    0 forzados    1 sin fin de oración
decreto_1505_2011                4 artículos       5 chunks    0 forzados    2 sin fin de oración
decreto_150_1996                 3 artículos       4 chunks    0 forzados    1 sin fin de oración
decreto_150_2026                 5 artículos      46 chunks    0 forzados    0 sin fin de oración
decreto_1510_2013              164 artículos     194 chunks    0 forzados    1 sin fin de oración
decreto_1512_1985               10 artículos      13 chunks    0 forzados    1 sin fin de oración
decreto_1513_2012               25 artículos      39 chunks    0 forzados    3 sin fin de oración
decreto_1514_1998               18 artículos      21 chunks    0 forzados    1 sin fin de oración
decreto_1514_2022                4 artículos       7 chunks    0 forzados    1 sin fin de oración
decreto_1515_2017                2 artículos       5 chunks    0 forzados    1 sin fin de oración
decreto_1520_2008               10 artículos      12 chunks    0 forzados    1 sin fin de oración
decreto_1523_2017                2 artículos       4 chunks    0 forzados    1 sin fin de oración
decreto_1530_2024               15 artículos      26 chunks    0 forzados    1 sin fin de oración
decreto_1531_2024                2 artículos       5 chunks    0 forzados    3 sin fin de oración
decreto_1532_2021                6 artículos      23 chunks    0 forzados    2 sin fin de oración
decreto_1532_2024                3 artículos       5 chunks    0 forzados    1 sin fin de oración
decreto_1538_1986               26 artículos      28 chunks    0 forzados    1 sin fin de oración
decreto_153_2014                10 artículos      12 chunks    0 forzados    1 sin fin de oración
decreto_1540_2003                3 artículos       4 chunks    0 forzados    0 sin fin de oración
decreto_1544_2024                4 artículos       7 chunks    0 forzados    2 sin fin de oración
decreto_1545_2024               16 artículos      47 chunks    0 forzados    2 sin fin de oración
decreto_1550_2024                2 artículos       8 chunks    0 forzados    1 sin fin de oración
decreto_1551_2024                4 artículos      18 chunks    0 forzados    2 sin fin de oración
decreto_1552_2024                2 artículos      13 chunks    0 forzados    1 sin fin de oración
decreto_1555_2017                2 artículos       7 chunks    0 forzados    1 sin fin de oración
decreto_1558_2024                8 artículos      20 chunks    0 forzados    2 sin fin de oración
decreto_1561_2002               12 artículos      16 chunks    0 forzados    2 sin fin de oración
decreto_1562_1973              116 artículos     124 chunks    0 forzados   62 sin fin de oración
decreto_1564_2017                3 artículos      10 chunks    0 forzados    1 sin fin de oración
decreto_1567_1998               40 artículos      47 chunks    0 forzados    1 sin fin de oración
decreto_1568_1998               87 artículos      89 chunks    0 forzados    0 sin fin de oración
decreto_1569_1998               37 artículos      46 chunks    0 forzados   18 sin fin de oración
decreto_1571_1997                3 artículos       4 chunks    0 forzados    1 sin fin de oración
decreto_1595_1995                8 artículos       9 chunks    0 forzados    1 sin fin de oración
decreto_1602_2012                5 artículos       9 chunks    0 forzados    2 sin fin de oración
decreto_1602_2015                2 artículos       4 chunks    0 forzados    1 sin fin de oración
decreto_1604_2011                2 artículos       3 chunks    0 forzados    2 sin fin de oración
decreto_1604_2020               16 artículos      35 chunks    0 forzados    1 sin fin de oración
decreto_1606_2020                5 artículos      18 chunks    0 forzados    3 sin fin de oración
decreto_1617_2013               11 artículos      13 chunks    0 forzados    0 sin fin de oración
decreto_1618_2023               33 artículos      53 chunks    0 forzados    2 sin fin de oración
decreto_1625_2012                2 artículos       3 chunks    0 forzados    1 sin fin de oración
decreto_1625_2016-2           2147 artículos    3058 chunks   42 forzados   85 sin fin de oración
decreto_1626_2001                4 artículos       5 chunks    0 forzados    1 sin fin de oración
decreto_1629_2019                2 artículos       4 chunks    0 forzados    0 sin fin de oración
decreto_162_2021                25 artículos      56 chunks    0 forzados    1 sin fin de oración
decreto_162_2024                 7 artículos      39 chunks    0 forzados    1 sin fin de oración
decreto_1633_2020                2 artículos       4 chunks    0 forzados    2 sin fin de oración
decreto_1638_2020                3 artículos      16 chunks    0 forzados    4 sin fin de oración
decreto_1640_1996               16 artículos      22 chunks    0 forzados    1 sin fin de oración
decreto_1643_1991              110 artículos     119 chunks    0 forzados    1 sin fin de oración
decreto_1644_1991               82 artículos      95 chunks    0 forzados    2 sin fin de oración
decreto_1646_1991               92 artículos      99 chunks    0 forzados    3 sin fin de oración
decreto_1649_1976                6 artículos       7 chunks    0 forzados    1 sin fin de oración
decreto_1650_2017                4 artículos      27 chunks    0 forzados    2 sin fin de oración
decreto_1651_1961              148 artículos     152 chunks    0 forzados    4 sin fin de oración
decreto_1651_2021                5 artículos      25 chunks    0 forzados    1 sin fin de oración
decreto_1652_2021                3 artículos      33 chunks    0 forzados    3 sin fin de oración
decreto_1653_2021                4 artículos      33 chunks    0 forzados    2 sin fin de oración
decreto_165_2024                 3 artículos       9 chunks    0 forzados    1 sin fin de oración
decreto_1662_2021                3 artículos      17 chunks    0 forzados    2 sin fin de oración
decreto_1671_1997               11 artículos      12 chunks    0 forzados    0 sin fin de oración
decreto_1675_1997               11 artículos      12 chunks    0 forzados    0 sin fin de oración
decreto_1678_1994                5 artículos       6 chunks    0 forzados    0 sin fin de oración
decreto_1679_2013                2 artículos       4 chunks    0 forzados    0 sin fin de oración
decreto_1680_2020                2 artículos      76 chunks   18 forzados   30 sin fin de oración
decreto_1681_1997                5 artículos       6 chunks    0 forzados    0 sin fin de oración
decreto_1682_2017                7 artículos      14 chunks    0 forzados    0 sin fin de oración
decreto_1684_2017                2 artículos       7 chunks    0 forzados    2 sin fin de oración
decreto_1686_1997                8 artículos       9 chunks    0 forzados    1 sin fin de oración
decreto_1686_2012               96 artículos     135 chunks    0 forzados    1 sin fin de oración
decreto_1687_1997               20 artículos      44 chunks    0 forzados    1 sin fin de oración
decreto_1687_2010                8 artículos      26 chunks    0 forzados    0 sin fin de oración
decreto_1688_1997               18 artículos      24 chunks    0 forzados    1 sin fin de oración
decreto_1690_2020               15 artículos      45 chunks    0 forzados    3 sin fin de oración
decreto_1691_2020                3 artículos      17 chunks    0 forzados    3 sin fin de oración
decreto_1693_1997               46 artículos      63 chunks    0 forzados    1 sin fin de oración
decreto_1695_1997               23 artículos      24 chunks    0 forzados    0 sin fin de oración
decreto_1698_2019                6 artículos      12 chunks    0 forzados    0 sin fin de oración
decreto_169_2008                 5 artículos       9 chunks    0 forzados    0 sin fin de oración
decreto_16_2014                 59 artículos     111 chunks    0 forzados    2 sin fin de oración
decreto_1720_2008                6 artículos       7 chunks    0 forzados    1 sin fin de oración
decreto_1725_1997               56 artículos     106 chunks    0 forzados    4 sin fin de oración
decreto_1737_1999                5 artículos       8 chunks    0 forzados    1 sin fin de oración
decreto_173_2026                 8 artículos      29 chunks    0 forzados    1 sin fin de oración
decreto_1740_1994               10 artículos      14 chunks    0 forzados    1 sin fin de oración
decreto_1742_1991                6 artículos       7 chunks    0 forzados    1 sin fin de oración
decreto_1742_1992                5 artículos       6 chunks    0 forzados    1 sin fin de oración
decreto_1742_2020               84 artículos     177 chunks    2 forzados   10 sin fin de oración
decreto_1744_2013                5 artículos       9 chunks    0 forzados    1 sin fin de oración
decreto_1745_2013                6 artículos       8 chunks    0 forzados    0 sin fin de oración
decreto_1747_2013                6 artículos       9 chunks    0 forzados    0 sin fin de oración
decreto_174_2025                 2 artículos      12 chunks    2 forzados    3 sin fin de oración
decreto_174_2026                20 artículos      63 chunks    0 forzados    0 sin fin de oración
decreto_1750_2003               29 artículos      35 chunks    0 forzados    0 sin fin de oración
decreto_175_2010                31 artículos      35 chunks    0 forzados    0 sin fin de oración
decreto_175_2025                10 artículos      31 chunks    0 forzados    1 sin fin de oración
decreto_175_2026                13 artículos      32 chunks    0 forzados    1 sin fin de oración
decreto_1760_2003               57 artículos      64 chunks    0 forzados    0 sin fin de oración
decreto_176_2022                 3 artículos      11 chunks    0 forzados    1 sin fin de oración
decreto_176_2026                 3 artículos      10 chunks    0 forzados    1 sin fin de oración
decreto_1770_2015                4 artículos      23 chunks    0 forzados    5 sin fin de oración
decreto_1771_2015                3 artículos       7 chunks    0 forzados    0 sin fin de oración
decreto_1778_2021                3 artículos      79 chunks   18 forzados   29 sin fin de oración
decreto_1781_2014                2 artículos       6 chunks    0 forzados    1 sin fin de oración
decreto_1789_2021                3 artículos      11 chunks    0 forzados    1 sin fin de oración
decreto_178_2025                 3 artículos      10 chunks    0 forzados    1 sin fin de oración
decreto_1791_2000               99 artículos     106 chunks    0 forzados    1 sin fin de oración
decreto_1791_2007               11 artículos      16 chunks    0 forzados    1 sin fin de oración
decreto_1793_1992                2 artículos       6 chunks    0 forzados    0 sin fin de oración
decreto_1794_2013               31 artículos      42 chunks    0 forzados    1 sin fin de oración
decreto_1794_2020                2 artículos       5 chunks    0 forzados    1 sin fin de oración
decreto_1796_2000               50 artículos      54 chunks    0 forzados    3 sin fin de oración
decreto_1796_2020                3 artículos       6 chunks    0 forzados    1 sin fin de oración
decreto_1797_2008               14 artículos      17 chunks    0 forzados    1 sin fin de oración
decreto_17_2011                 19 artículos      24 chunks    0 forzados    0 sin fin de oración
decreto_1800_2000               64 artículos      66 chunks    0 forzados    3 sin fin de oración
decreto_1800_2003               20 artículos      21 chunks    0 forzados    0 sin fin de oración
decreto_1801_2007                4 artículos       6 chunks    0 forzados    2 sin fin de oración
decreto_1803_1994                9 artículos      11 chunks    0 forzados    1 sin fin de oración
decreto_1804_1994                5 artículos       6 chunks    0 forzados    1 sin fin de oración
decreto_1805_2010                5 artículos       7 chunks    0 forzados    1 sin fin de oración
decreto_1807_2019                4 artículos      15 chunks    0 forzados    1 sin fin de oración
decreto_1809_1989                6 artículos       7 chunks    0 forzados    1 sin fin de oración
decreto_180_1993                12 artículos      13 chunks    0 forzados    1 sin fin de oración
decreto_1811_1992               10 artículos      11 chunks    0 forzados    0 sin fin de oración
decreto_1813_1984               36 artículos      39 chunks    0 forzados    1 sin fin de oración
decreto_1814_1995                3 artículos       4 chunks    0 forzados    1 sin fin de oración
decreto_1818_1998              232 artículos     237 chunks    0 forzados    1 sin fin de oración
decreto_1827_1995                7 artículos       8 chunks    0 forzados    1 sin fin de oración
decreto_1828_2013                8 artículos      19 chunks    2 forzados    2 sin fin de oración
decreto_1829_2019                4 artículos      10 chunks    0 forzados    0 sin fin de oración
decreto_1835_1992                9 artículos      11 chunks    0 forzados    0 sin fin de oración
decreto_1835_2003                3 artículos       5 chunks    0 forzados    1 sin fin de oración
decreto_1835_2012                2 artículos       4 chunks    0 forzados    0 sin fin de oración
decreto_1835_2013               17 artículos      19 chunks    0 forzados    1 sin fin de oración
decreto_1837_2002                4 artículos      10 chunks    0 forzados    0 sin fin de oración
decreto_1838_2002               12 artículos      13 chunks    0 forzados    0 sin fin de oración
decreto_1843_2021                7 artículos      13 chunks    0 forzados    1 sin fin de oración
decreto_1844_2003               12 artículos      18 chunks    0 forzados    1 sin fin de oración
decreto_1847_2021                5 artículos       9 chunks    0 forzados    1 sin fin de oración
decreto_1848_2013                7 artículos      13 chunks    0 forzados    1 sin fin de oración
decreto_1849_2006                6 artículos       7 chunks    0 forzados    1 sin fin de oración
decreto_1850_2016                5 artículos       9 chunks    0 forzados    0 sin fin de oración
decreto_1851_2021               32 artículos      57 chunks    0 forzados    1 sin fin de oración
decreto_1854_2001                2 artículos       4 chunks    0 forzados    1 sin fin de oración
decreto_1859_2014                2 artículos       4 chunks    0 forzados    1 sin fin de oración
decreto_1862_2015                2 artículos       4 chunks    0 forzados    1 sin fin de oración
decreto_186_2013                 5 artículos       8 chunks    0 forzados    1 sin fin de oración
decreto_1870_2008                5 artículos       6 chunks    0 forzados    1 sin fin de oración
decreto_187_1975               118 artículos     123 chunks    0 forzados    2 sin fin de oración
decreto_1880_2021               11 artículos      22 chunks    0 forzados    1 sin fin de oración
decreto_1881_2021                6 artículos      23 chunks    0 forzados    3 sin fin de oración
decreto_1885_2002                3 artículos       4 chunks    0 forzados    0 sin fin de oración
decreto_1888_2008                3 artículos       5 chunks    0 forzados    1 sin fin de oración
decreto_1888_2015                2 artículos       3 chunks    0 forzados    1 sin fin de oración
decreto_1891_2009                2 artículos      10 chunks    0 forzados    1 sin fin de oración
decreto_1894_2015               16 artículos      27 chunks    0 forzados    1 sin fin de oración
decreto_1898_2023               15 artículos      31 chunks    0 forzados    2 sin fin de oración
decreto_1899_2005                3 artículos       4 chunks    0 forzados    1 sin fin de oración
decreto_189_2006                 3 artículos       4 chunks    0 forzados    1 sin fin de oración
decreto_1900_1992                2 artículos       3 chunks    0 forzados    1 sin fin de oración
decreto_1903_2014               15 artículos      24 chunks    0 forzados    2 sin fin de oración
decreto_1909_1992              113 artículos     117 chunks    0 forzados    1 sin fin de oración
decreto_1915_2003               12 artículos      17 chunks    0 forzados    1 sin fin de oración
decreto_1915_2017                3 artículos       8 chunks    0 forzados    2 sin fin de oración
decreto_1920_2023                1 artículos       8 chunks    0 forzados    2 sin fin de oración
decreto_1929_2007               13 artículos      17 chunks    0 forzados    1 sin fin de oración
decreto_192_2015                 2 artículos       4 chunks    0 forzados    0 sin fin de oración
decreto_193_2001                 2 artículos       3 chunks    0 forzados    1 sin fin de oración
decreto_1940_2006                3 artículos       4 chunks    0 forzados    1 sin fin de oración
decreto_1949_2003                6 artículos       7 chunks    0 forzados    1 sin fin de oración
decreto_1950_2017                2 artículos       7 chunks    0 forzados    1 sin fin de oración
decreto_1951_2017                2 artículos      80 chunks   12 forzados   27 sin fin de oración
decreto_1953_2014               99 artículos     116 chunks    0 forzados    0 sin fin de oración
decreto_1959_2013                5 artículos       7 chunks    0 forzados    1 sin fin de oración
decreto_195_1999                 4 artículos       6 chunks    0 forzados    1 sin fin de oración
decreto_1960_1996               18 artículos      21 chunks    0 forzados    3 sin fin de oración
decreto_1960_2023               10 artículos      17 chunks    0 forzados    0 sin fin de oración
decreto_1962_2023               12 artículos      14 chunks    0 forzados    0 sin fin de oración
decreto_1966_2014                4 artículos       8 chunks    0 forzados    3 sin fin de oración
decreto_196_1999                16 artículos      25 chunks    0 forzados    2 sin fin de oración
decreto_1973_2019                7 artículos      24 chunks    0 forzados    2 sin fin de oración
decreto_1975_2002               23 artículos      28 chunks    0 forzados    0 sin fin de oración
decreto_197_1999                 9 artículos      10 chunks    0 forzados    1 sin fin de oración
decreto_1983_1992                2 artículos       3 chunks    0 forzados    1 sin fin de oración
decreto_1985_2013               26 artículos      62 chunks    0 forzados    0 sin fin de oración
decreto_1988_1974               33 artículos      39 chunks    0 forzados    1 sin fin de oración
decreto_198_1988                 4 artículos       5 chunks    0 forzados    1 sin fin de oración
decreto_198_1999                 4 artículos       5 chunks    0 forzados    3 sin fin de oración
decreto_1990_1986               11 artículos      13 chunks    0 forzados    1 sin fin de oración
decreto_1991_1997               10 artículos      11 chunks    0 forzados    3 sin fin de oración
decreto_1998_2017                2 artículos       8 chunks    0 forzados    1 sin fin de oración
decreto_1999_2008                3 artículos       5 chunks    0 forzados    2 sin fin de oración
decreto_19_2012                238 artículos     287 chunks    0 forzados    5 sin fin de oración
decreto_19_2026                 21 artículos      46 chunks    0 forzados    0 sin fin de oración
decreto_2000_2004                3 artículos       4 chunks    0 forzados    1 sin fin de oración
decreto_2005_2001                3 artículos       5 chunks    0 forzados    1 sin fin de oración
decreto_200_2003                50 artículos      53 chunks    0 forzados    2 sin fin de oración
decreto_2024_2012                2 artículos       4 chunks    0 forzados    1 sin fin de oración
decreto_2025_2015               13 artículos      26 chunks    0 forzados    1 sin fin de oración
decreto_2026_1983               25 artículos      27 chunks    0 forzados    1 sin fin de oración
decreto_2036_1995                3 artículos       4 chunks    0 forzados    1 sin fin de oración
decreto_2037_2019               26 artículos      66 chunks    0 forzados    0 sin fin de oración
decreto_2039_2023               13 artículos      33 chunks    3 forzados    3 sin fin de oración
decreto_2046_2019                7 artículos      24 chunks    0 forzados    1 sin fin de oración
decreto_2053_1974              144 artículos     155 chunks    0 forzados    3 sin fin de oración
decreto_205_2003                48 artículos      84 chunks    0 forzados    3 sin fin de oración
decreto_2065_1992                5 artículos      27 chunks    0 forzados    9 sin fin de oración
decreto_2065_2023                4 artículos       7 chunks    0 forzados    1 sin fin de oración
decreto_2067_1991               56 artículos      57 chunks    0 forzados    0 sin fin de oración
decreto_2068_2023                2 artículos       7 chunks    0 forzados    1 sin fin de oración
decreto_2074_2019                3 artículos       5 chunks    0 forzados    1 sin fin de oración
decreto_2075_1992               34 artículos      43 chunks    0 forzados    3 sin fin de oración
decreto_2076_1992               44 artículos      48 chunks    0 forzados    1 sin fin de oración
decreto_2080_2000               55 artículos      63 chunks    0 forzados    4 sin fin de oración
decreto_2085_2000                4 artículos      16 chunks   10 forzados    4 sin fin de oración
decreto_2090_2003               11 artículos      12 chunks    0 forzados    0 sin fin de oración
decreto_2091_2017                4 artículos      24 chunks    0 forzados    1 sin fin de oración
decreto_2095_2014                2 artículos       6 chunks    0 forzados    1 sin fin de oración
decreto_2096_2016                5 artículos       9 chunks    0 forzados    0 sin fin de oración
decreto_20_1992                  8 artículos      10 chunks    0 forzados    1 sin fin de oración
decreto_20_1994                  9 artículos      10 chunks    0 forzados    1 sin fin de oración
decreto_20_2011                  4 artículos      11 chunks    0 forzados    0 sin fin de oración
decreto_20_2014                121 artículos     132 chunks    0 forzados    0 sin fin de oración
decreto_2102_2008                3 artículos       5 chunks    0 forzados    1 sin fin de oración
decreto_2105_2016               34 artículos      95 chunks   20 forzados   28 sin fin de oración
decreto_2106_2019              158 artículos     201 chunks    0 forzados    1 sin fin de oración
decreto_2107_2016                6 artículos       9 chunks    0 forzados    1 sin fin de oración
decreto_2107_2019                9 artículos      18 chunks    0 forzados    1 sin fin de oración
decreto_2108_2013                2 artículos       4 chunks    0 forzados    1 sin fin de oración
decreto_210_2003                44 artículos      84 chunks    0 forzados    6 sin fin de oración
decreto_2112_2019                2 artículos      21 chunks    0 forzados    1 sin fin de oración
decreto_2117_1992              121 artículos     143 chunks    0 forzados    6 sin fin de oración
decreto_2119_2017                2 artículos       6 chunks    0 forzados    1 sin fin de oración
decreto_2120_2017                7 artículos      21 chunks    0 forzados    2 sin fin de oración
decreto_2123_1975                4 artículos       5 chunks    0 forzados    1 sin fin de oración
decreto_2125_2018                2 artículos       8 chunks    0 forzados    1 sin fin de oración
decreto_2126_1983               22 artículos      26 chunks    0 forzados    1 sin fin de oración
decreto_212_2026                22 artículos      53 chunks    0 forzados    1 sin fin de oración
decreto_2131_1991               81 artículos      84 chunks    0 forzados    1 sin fin de oración
decreto_2132_1992               54 artículos      64 chunks    0 forzados    0 sin fin de oración
decreto_213_2009                 3 artículos       4 chunks    0 forzados    1 sin fin de oración
decreto_2141_1996               34 artículos      43 chunks    0 forzados    1 sin fin de oración
decreto_2141_1999               23 artículos      36 chunks    0 forzados    0 sin fin de oración
decreto_2142_2016                8 artículos      15 chunks    0 forzados    1 sin fin de oración
decreto_2143_2015                3 artículos       6 chunks    0 forzados    1 sin fin de oración
decreto_2143_2017                2 artículos      10 chunks    0 forzados    1 sin fin de oración
decreto_2146_2018                2 artículos       7 chunks    0 forzados    1 sin fin de oración
decreto_2147_2016              121 artículos     302 chunks    0 forzados    3 sin fin de oración
decreto_2148_1991               24 artículos      29 chunks    0 forzados    2 sin fin de oración
decreto_2148_2009                2 artículos       4 chunks    0 forzados    0 sin fin de oración
decreto_214_2014                 7 artículos      24 chunks    8 forzados   11 sin fin de oración
decreto_214_2025                 3 artículos       6 chunks    0 forzados    2 sin fin de oración
decreto_2150_1992               40 artículos      44 chunks    0 forzados    1 sin fin de oración
decreto_2150_1995              152 artículos     156 chunks    0 forzados    2 sin fin de oración
decreto_2150_2017                6 artículos      34 chunks    0 forzados    2 sin fin de oración
decreto_2153_1992               59 artículos      70 chunks    0 forzados    0 sin fin de oración
decreto_2153_2016               10 artículos      30 chunks    0 forzados    6 sin fin de oración
decreto_2160_2019                2 artículos       6 chunks    0 forzados    0 sin fin de oración
decreto_2162_1992               49 artículos      53 chunks    0 forzados    2 sin fin de oración
decreto_2165_1992               61 artículos      71 chunks    0 forzados    0 sin fin de oración
decreto_216_2003                34 artículos      47 chunks    0 forzados    0 sin fin de oración
decreto_216_2026                 6 artículos      24 chunks    0 forzados    1 sin fin de oración
decreto_2171_1992              165 artículos     174 chunks    0 forzados    2 sin fin de oración
decreto_2179_1992               28 artículos      30 chunks    0 forzados    0 sin fin de oración
decreto_2180_1992               11 artículos      17 chunks    0 forzados    0 sin fin de oración
decreto_2180_2018                2 artículos       4 chunks    0 forzados    0 sin fin de oración
decreto_2183_2017                7 artículos      12 chunks    0 forzados    0 sin fin de oración
decreto_2188_2016                2 artículos       3 chunks    0 forzados    0 sin fin de oración
decreto_218_2026                 3 artículos      10 chunks    0 forzados    1 sin fin de oración
decreto_2190_2007                3 artículos       4 chunks    0 forzados    0 sin fin de oración
decreto_2193_2013                4 artículos       6 chunks    0 forzados    3 sin fin de oración
decreto_2198_2017                3 artículos       6 chunks    0 forzados    2 sin fin de oración
decreto_2199_2015                2 artículos       3 chunks    0 forzados    0 sin fin de oración
decreto_219_2000                32 artículos      48 chunks    0 forzados    2 sin fin de oración
decreto_219_2023                11 artículos      31 chunks    0 forzados    8 sin fin de oración
decreto_2200_2016                2 artículos       5 chunks    0 forzados    1 sin fin de oración
decreto_2201_1998                5 artículos       6 chunks    0 forzados    1 sin fin de oración
decreto_2201_2016                4 artículos      41 chunks   24 forzados   19 sin fin de oración
decreto_2205_2017                2 artículos      12 chunks    0 forzados    1 sin fin de oración
decreto_2206_1998               27 artículos      36 chunks    0 forzados    1 sin fin de oración
decreto_2208_1991                3 artículos       4 chunks    0 forzados    1 sin fin de oración
decreto_220_2017                 3 artículos      38 chunks    8 forzados   17 sin fin de oración
decreto_2214_2023                2 artículos       5 chunks    0 forzados    1 sin fin de oración
decreto_2218_2017               12 artículos      17 chunks    0 forzados    1 sin fin de oración
decreto_221_2020                 6 artículos      30 chunks    0 forzados    1 sin fin de oración
decreto_2222_2013                7 artículos       9 chunks    0 forzados    1 sin fin de oración
decreto_2223_2004                5 artículos       6 chunks    0 forzados    1 sin fin de oración
decreto_2224_2004                2 artículos       3 chunks    0 forzados    1 sin fin de oración
decreto_2226_2019               25 artículos      51 chunks    0 forzados    0 sin fin de oración
decreto_2229_2023                2 artículos      10 chunks    2 forzados    3 sin fin de oración
decreto_222_2000                 6 artículos       8 chunks    0 forzados    1 sin fin de oración
decreto_222_2014                39 artículos      45 chunks    0 forzados    0 sin fin de oración
decreto_2231_2023               12 artículos      22 chunks    0 forzados    1 sin fin de oración
decreto_2232_1995               10 artículos      11 chunks    0 forzados    1 sin fin de oración
decreto_2233_1996               79 artículos      87 chunks    0 forzados    1 sin fin de oración
decreto_2235_2017                2 artículos       7 chunks    0 forzados    2 sin fin de oración
decreto_223_1999                 3 artículos       5 chunks    0 forzados    1 sin fin de oración
decreto_223_2023                 6 artículos      14 chunks    0 forzados    1 sin fin de oración
decreto_2241_1986              218 artículos     226 chunks    0 forzados    2 sin fin de oración
decreto_2242_2015               21 artículos      43 chunks    0 forzados    1 sin fin de oración
decreto_2243_2015               53 artículos     106 chunks   20 forzados   33 sin fin de oración
decreto_2244_2011                7 artículos      10 chunks    0 forzados    0 sin fin de oración
decreto_2245_2011               43 artículos      64 chunks    0 forzados    3 sin fin de oración
decreto_2246_2011                4 artículos       8 chunks    0 forzados    0 sin fin de oración
decreto_2247_1974               86 artículos      87 chunks    0 forzados    1 sin fin de oración
decreto_2249_2000                9 artículos      12 chunks    0 forzados    1 sin fin de oración
decreto_2250_2017               13 artículos      85 chunks    0 forzados    3 sin fin de oración
decreto_2253_2015               11 artículos      17 chunks    0 forzados    0 sin fin de oración
decreto_2254_2014                5 artículos       8 chunks    0 forzados    0 sin fin de oración
decreto_2263_2001                3 artículos      11 chunks    0 forzados    9 sin fin de oración
decreto_2264_1976                4 artículos       5 chunks    0 forzados    1 sin fin de oración
decreto_2264_2001                6 artículos       7 chunks    0 forzados    1 sin fin de oración
decreto_2266_2023                3 artículos       7 chunks    0 forzados    3 sin fin de oración
decreto_2267_2001                8 artículos      13 chunks    0 forzados    1 sin fin de oración
decreto_2269_2019               13 artículos      28 chunks    0 forzados    0 sin fin de oración
decreto_2269_2023               45 artículos      93 chunks    2 forzados    4 sin fin de oración
decreto_2271_2009                7 artículos       9 chunks    0 forzados    1 sin fin de oración
decreto_2272_1991               33 artículos      54 chunks    0 forzados    0 sin fin de oración
decreto_2274_1991               43 artículos      44 chunks    0 forzados    2 sin fin de oración
decreto_2277_2012               27 artículos      42 chunks    0 forzados    1 sin fin de oración
decreto_2277_2023                3 artículos      25 chunks    0 forzados    1 sin fin de oración
decreto_2279_2019                6 artículos       8 chunks    0 forzados    1 sin fin de oración
decreto_227_2026                 2 artículos      10 chunks    0 forzados    1 sin fin de oración
decreto_2286_2007                2 artículos       3 chunks    0 forzados    1 sin fin de oración
decreto_2289_1996                2 artículos       3 chunks    0 forzados    1 sin fin de oración
decreto_228_2026                 8 artículos      19 chunks    0 forzados    1 sin fin de oración
decreto_2296_1991                2 artículos       3 chunks    0 forzados    1 sin fin de oración
decreto_2310_2014                2 artículos       5 chunks    0 forzados    1 sin fin de oración
decreto_2311_2014                2 artículos       4 chunks    0 forzados    1 sin fin de oración
decreto_2313_2022                2 artículos       4 chunks    0 forzados    1 sin fin de oración
decreto_2318_2013                5 artículos      11 chunks    0 forzados    1 sin fin de oración
decreto_231_1983                14 artículos      15 chunks    0 forzados    2 sin fin de oración
decreto_231_2006                 2 artículos       4 chunks    0 forzados    0 sin fin de oración
decreto_2321_1995               35 artículos      52 chunks    5 forzados    6 sin fin de oración
decreto_2321_2011                3 artículos       4 chunks    0 forzados    1 sin fin de oración
decreto_2330_1998                2 artículos       8 chunks    0 forzados    1 sin fin de oración
decreto_2331_1998               38 artículos      45 chunks    0 forzados    1 sin fin de oración
decreto_2336_1995                2 artículos       3 chunks    0 forzados    1 sin fin de oración
decreto_2340_2015                3 artículos       8 chunks    0 forzados    0 sin fin de oración
decreto_2344_2014                5 artículos      12 chunks    0 forzados    1 sin fin de oración
decreto_2345_2019                3 artículos      70 chunks   16 forzados   24 sin fin de oración
decreto_2348_1974               26 artículos      27 chunks    0 forzados    1 sin fin de oración
decreto_2350_2011                2 artículos       5 chunks    0 forzados    2 sin fin de oración
decreto_2353_2019                8 artículos      17 chunks    0 forzados    0 sin fin de oración
decreto_2357_2022                2 artículos       7 chunks    0 forzados    2 sin fin de oración
decreto_2360_1996               12 artículos      19 chunks    0 forzados    1 sin fin de oración
decreto_2360_2009                6 artículos       8 chunks    0 forzados    1 sin fin de oración
decreto_2363_2015               40 artículos      66 chunks    0 forzados    1 sin fin de oración
decreto_2364_2012                9 artículos      11 chunks    0 forzados    1 sin fin de oración
decreto_2364_2015               38 artículos      63 chunks    0 forzados    1 sin fin de oración
decreto_2365_2015               32 artículos      42 chunks    0 forzados    0 sin fin de oración
decreto_2366_2015               33 artículos      36 chunks    0 forzados    0 sin fin de oración
decreto_2368_1974               20 artículos      21 chunks    0 forzados    1 sin fin de oración
decreto_2369_2015                4 artículos       7 chunks    0 forzados    0 sin fin de oración
decreto_2371_2015                5 artículos      10 chunks    0 forzados    0 sin fin de oración
decreto_2380_2008               42 artículos      48 chunks    0 forzados    9 sin fin de oración
decreto_2384_2015               14 artículos      27 chunks    0 forzados    1 sin fin de oración
decreto_2388_1991               10 artículos      11 chunks    0 forzados    2 sin fin de oración
decreto_240_2026                21 artículos      51 chunks    0 forzados    1 sin fin de oración
decreto_2414_2007                2 artículos       3 chunks    0 forzados    1 sin fin de oración
decreto_2418_2013                9 artículos      12 chunks    0 forzados    1 sin fin de oración
decreto_241_2026                 3 artículos      21 chunks    0 forzados    1 sin fin de oración
decreto_242_2024                 3 artículos      37 chunks   25 forzados   19 sin fin de oración
decreto_2440_2005                5 artículos       6 chunks    0 forzados    1 sin fin de oración
decreto_2440_2018                2 artículos       8 chunks    0 forzados    1 sin fin de oración
decreto_2442_2018                2 artículos      40 chunks    0 forzados    5 sin fin de oración
decreto_2452_2015                6 artículos      10 chunks    0 forzados    1 sin fin de oración
decreto_2453_1993               34 artículos      60 chunks    0 forzados    1 sin fin de oración
decreto_2453_2013                5 artículos       6 chunks    0 forzados    0 sin fin de oración
decreto_245_2026                13 artículos      34 chunks    0 forzados    2 sin fin de oración
decreto_2460_2013               24 artículos      48 chunks    0 forzados    1 sin fin de oración
decreto_2462_2010               11 artículos      13 chunks    0 forzados    1 sin fin de oración
decreto_2466_2007                4 artículos       5 chunks    0 forzados    1 sin fin de oración
decreto_2469_2018               11 artículos      27 chunks    0 forzados    1 sin fin de oración
decreto_246_2026                 2 artículos      17 chunks    0 forzados    1 sin fin de oración
decreto_2474_1999                8 artículos       9 chunks    0 forzados    1 sin fin de oración
decreto_2478_1999               22 artículos      35 chunks    0 forzados    1 sin fin de oración
decreto_2487_2022                2 artículos      67 chunks   20 forzados   26 sin fin de oración
decreto_248_2015                 8 artículos      16 chunks    0 forzados    1 sin fin de oración
decreto_2498_2012               12 artículos      17 chunks    0 forzados    2 sin fin de oración
decreto_2499_2012                2 artículos       3 chunks    0 forzados    1 sin fin de oración
decreto_2500_1986                8 artículos       9 chunks    0 forzados    1 sin fin de oración
decreto_2502_2005                2 artículos       3 chunks    0 forzados    1 sin fin de oración
decreto_2503_1987              153 artículos     168 chunks    2 forzados    1 sin fin de oración
decreto_2503_1998               11 artículos      15 chunks    0 forzados    2 sin fin de oración
decreto_2509_1985               19 artículos      22 chunks    0 forzados    1 sin fin de oración
decreto_2518_2013                5 artículos       6 chunks    0 forzados    0 sin fin de oración
decreto_2520_1993               81 artículos      96 chunks    0 forzados    1 sin fin de oración
decreto_2521_2011                2 artículos       3 chunks    0 forzados    1 sin fin de oración
decreto_2524_2000                5 artículos       6 chunks    0 forzados    1 sin fin de oración
decreto_252_2020                 3 artículos       9 chunks    0 forzados    0 sin fin de oración
decreto_2532_2001               10 artículos      13 chunks    0 forzados    1 sin fin de oración
decreto_2535_1993              111 artículos     122 chunks    0 forzados    1 sin fin de oración
decreto_254_2000                43 artículos      53 chunks    0 forzados    0 sin fin de oración
decreto_2555_2010             2740 artículos    3939 chunks    4 forzados   91 sin fin de oración
decreto_2559_2007                2 artículos       3 chunks    0 forzados    1 sin fin de oración
decreto_2562_2012               14 artículos      23 chunks    0 forzados    0 sin fin de oración
decreto_2577_1999               14 artículos      29 chunks    0 forzados    1 sin fin de oración
decreto_2579_1983               33 artículos      38 chunks    0 forzados    1 sin fin de oración
decreto_2584_1993              101 artículos     109 chunks    0 forzados    0 sin fin de oración
decreto_258_1982                 4 artículos       5 chunks    0 forzados    1 sin fin de oración
decreto_258_1999                31 artículos      44 chunks    0 forzados    0 sin fin de oración
decreto_2591_1991               55 artículos      57 chunks    0 forzados    1 sin fin de oración
decreto_2591_1993               10 artículos      14 chunks    0 forzados    2 sin fin de oración
decreto_2595_1979               47 artículos      57 chunks    0 forzados    1 sin fin de oración
decreto_2595_1993                2 artículos       3 chunks    0 forzados    1 sin fin de oración
decreto_2595_2012               23 artículos      45 chunks    0 forzados    0 sin fin de oración
decreto_2598_2022                5 artículos       8 chunks    0 forzados    2 sin fin de oración
decreto_25_2014                 28 artículos      52 chunks    0 forzados    1 sin fin de oración
decreto_2609_2012               38 artículos      51 chunks    0 forzados    1 sin fin de oración
decreto_260_1987                29 artículos      33 chunks    0 forzados    1 sin fin de oración
decreto_260_2001                 6 artículos      10 chunks    0 forzados    1 sin fin de oración
decreto_2616_2022                5 artículos       7 chunks    0 forzados    1 sin fin de oración
decreto_2618_2012               41 artículos      85 chunks    0 forzados    3 sin fin de oración
decreto_261_2000               136 artículos     149 chunks    0 forzados    2 sin fin de oración
decreto_261_2023                 3 artículos      38 chunks   24 forzados   18 sin fin de oración
decreto_2620_2014               11 artículos      23 chunks    0 forzados    1 sin fin de oración
decreto_2621_2022                2 artículos       5 chunks    0 forzados    2 sin fin de oración
decreto_2622_2013                3 artículos      10 chunks    0 forzados    0 sin fin de oración
decreto_2623_2012                7 artículos       9 chunks    0 forzados    0 sin fin de oración
decreto_2623_2014               53 artículos     101 chunks   18 forzados   31 sin fin de oración
decreto_2626_1994              686 artículos     755 chunks    0 forzados    7 sin fin de oración
decreto_2627_1993               10 artículos      11 chunks    0 forzados    1 sin fin de oración
decreto_262_1994                47 artículos      49 chunks    0 forzados    0 sin fin de oración
decreto_262_2000               268 artículos     312 chunks    0 forzados    4 sin fin de oración
decreto_2634_2012               44 artículos      81 chunks   14 forzados   25 sin fin de oración
decreto_2636_2004               12 artículos      14 chunks    0 forzados    0 sin fin de oración
decreto_263_2024                 3 artículos      11 chunks    0 forzados    1 sin fin de oración
decreto_2645_2011                8 artículos      16 chunks    0 forzados    2 sin fin de oración
decreto_2647_2022               43 artículos      87 chunks    0 forzados    3 sin fin de oración
decreto_264_2024                 2 artículos       8 chunks    0 forzados    1 sin fin de oración
decreto_264_2026                 4 artículos       8 chunks    0 forzados    2 sin fin de oración
decreto_2651_1991               62 artículos      67 chunks    0 forzados    2 sin fin de oración
decreto_2653_1998               11 artículos      12 chunks    0 forzados    1 sin fin de oración
decreto_265_2000                 5 artículos      11 chunks    0 forzados    5 sin fin de oración
decreto_265_2024                27 artículos      33 chunks    0 forzados    1 sin fin de oración
decreto_265_2026                 4 artículos       8 chunks    0 forzados    2 sin fin de oración
decreto_2661_2000                8 artículos      37 chunks    0 forzados   20 sin fin de oración
decreto_2667_2001                3 artículos       5 chunks    0 forzados    0 sin fin de oración
decreto_2669_2012               14 artículos      16 chunks    0 forzados    1 sin fin de oración
decreto_266_2000               164 artículos     184 chunks    0 forzados    2 sin fin de oración
decreto_2670_1988                6 artículos       7 chunks    0 forzados    1 sin fin de oración
decreto_2670_2010                7 artículos       8 chunks    0 forzados    2 sin fin de oración
decreto_2672_2013                9 artículos      15 chunks    0 forzados    1 sin fin de oración
decreto_2674_2013                2 artículos       4 chunks    0 forzados    0 sin fin de oración
decreto_267_2000               107 artículos     160 chunks    0 forzados    4 sin fin de oración
decreto_267_2016                 2 artículos       4 chunks    0 forzados    0 sin fin de oración
decreto_267_2024                 6 artículos      12 chunks    0 forzados    1 sin fin de oración
decreto_2680_2009                9 artículos      10 chunks    0 forzados    1 sin fin de oración
decreto_2681_1999               10 artículos      12 chunks    0 forzados    1 sin fin de oración
decreto_2685_1999              708 artículos     980 chunks    0 forzados   42 sin fin de oración
decreto_2686_2014                2 artículos       4 chunks    0 forzados    1 sin fin de oración
decreto_2687_1991               26 artículos      27 chunks    0 forzados    2 sin fin de oración
decreto_2688_2014                3 artículos       7 chunks    0 forzados    1 sin fin de oración
decreto_268_2000                52 artículos      57 chunks    0 forzados    1 sin fin de oración
decreto_268_2024                 3 artículos      23 chunks    0 forzados    2 sin fin de oración
decreto_2697_2012                3 artículos       4 chunks    0 forzados    0 sin fin de oración
decreto_269_2000                11 artículos      15 chunks    0 forzados    2 sin fin de oración
decreto_269_2016                 2 artículos       4 chunks    0 forzados    0 sin fin de oración
decreto_26_2014                 17 artículos      18 chunks    0 forzados    0 sin fin de oración
decreto_2700_2008                2 artículos       3 chunks    0 forzados    0 sin fin de oración
decreto_2701_2013               15 artículos      18 chunks    0 forzados    1 sin fin de oración
decreto_2702_2013                2 artículos       4 chunks    0 forzados    1 sin fin de oración
decreto_2707_2008                2 artículos       3 chunks    0 forzados    1 sin fin de oración
decreto_2711_2008                3 artículos       5 chunks    0 forzados    0 sin fin de oración
decreto_2715_1983                2 artículos       3 chunks    0 forzados    1 sin fin de oración
decreto_271_2000                 7 artículos      10 chunks    0 forzados    4 sin fin de oración
decreto_2720_2006                3 artículos       4 chunks    0 forzados    1 sin fin de oración
decreto_2721_2003                6 artículos       9 chunks    0 forzados    2 sin fin de oración
decreto_2723_2008                4 artículos       6 chunks    0 forzados    1 sin fin de oración
decreto_2728_2012                2 artículos       4 chunks    0 forzados    0 sin fin de oración
decreto_272_2000                36 artículos      54 chunks    0 forzados    1 sin fin de oración
decreto_272_2015                21 artículos      29 chunks    0 forzados    0 sin fin de oración
decreto_272_2018                 3 artículos       5 chunks    0 forzados    1 sin fin de oración
decreto_2740_1993               10 artículos      11 chunks    0 forzados    1 sin fin de oración
decreto_274_2000                96 artículos     116 chunks    0 forzados    0 sin fin de oración
decreto_2755_2003               28 artículos      42 chunks    0 forzados    1 sin fin de oración
decreto_2755_2005                4 artículos       9 chunks    0 forzados    1 sin fin de oración
decreto_2762_1991               39 artículos      40 chunks    0 forzados    0 sin fin de oración
decreto_2763_2012               16 artículos      25 chunks    0 forzados    2 sin fin de oración
decreto_276_2015                17 artículos      26 chunks    0 forzados    1 sin fin de oración
decreto_2770_2004               33 artículos      41 chunks    0 forzados    0 sin fin de oración
decreto_2775_1983               13 artículos      14 chunks    0 forzados    1 sin fin de oración
decreto_2776_2010               11 artículos      22 chunks    0 forzados    1 sin fin de oración
decreto_277_2017                23 artículos      49 chunks    0 forzados    0 sin fin de oración
decreto_2783_2001                5 artículos       6 chunks    0 forzados    1 sin fin de oración
decreto_2788_2004               22 artículos      33 chunks    0 forzados    2 sin fin de oración
decreto_278_2021                42 artículos      97 chunks    0 forzados    4 sin fin de oración
decreto_2794_2001                8 artículos      32 chunks    0 forzados   16 sin fin de oración
decreto_27_2024                  4 artículos      12 chunks    0 forzados    1 sin fin de oración
decreto_2811_1974              340 artículos     346 chunks    0 forzados    6 sin fin de oración
decreto_2812_1991                3 artículos       4 chunks    0 forzados    1 sin fin de oración
decreto_2815_1974               44 artículos      55 chunks    0 forzados    6 sin fin de oración
decreto_2816_1991                5 artículos       6 chunks    0 forzados    1 sin fin de oración
decreto_2820_1991                0 artículos      50 chunks    2 forzados    7 sin fin de oración
decreto_2820_2011                2 artículos       7 chunks    0 forzados    1 sin fin de oración
decreto_2821_1974               48 artículos      49 chunks    0 forzados    1 sin fin de oración
decreto_2828_2004                3 artículos       4 chunks    0 forzados    1 sin fin de oración
decreto_285_2020                37 artículos      80 chunks    0 forzados    1 sin fin de oración
decreto_2860_2008                6 artículos       7 chunks    0 forzados    1 sin fin de oración
decreto_2866_1991                2 artículos       3 chunks    0 forzados    1 sin fin de oración
decreto_286_2020                 2 artículos      19 chunks    0 forzados    3 sin fin de oración
decreto_2877_2013                9 artículos      23 chunks    0 forzados    1 sin fin de oración
decreto_2881_2013                4 artículos       5 chunks    0 forzados    0 sin fin de oración
decreto_2885_2001                2 artículos       3 chunks    0 forzados    1 sin fin de oración
decreto_2892_2007                4 artículos       5 chunks    0 forzados    1 sin fin de oración
decreto_2893_1991                6 artículos       8 chunks    0 forzados    1 sin fin de oración
decreto_2893_2011               46 artículos      81 chunks    0 forzados    1 sin fin de oración
decreto_2897_2011               43 artículos      64 chunks    0 forzados    1 sin fin de oración
decreto_28_1999                  2 artículos       7 chunks    0 forzados    1 sin fin de oración
decreto_28_2008                 25 artículos      34 chunks    0 forzados    0 sin fin de oración
decreto_2903_2006                2 artículos       3 chunks    0 forzados    1 sin fin de oración
decreto_290_2022                 2 artículos       6 chunks    0 forzados    1 sin fin de oración
decreto_2910_2013               18 artículos      25 chunks    0 forzados    1 sin fin de oración
decreto_2913_1991                3 artículos       4 chunks    0 forzados    1 sin fin de oración
decreto_2924_2013               11 artículos      20 chunks    0 forzados    1 sin fin de oración
decreto_2925_2008                9 artículos      12 chunks    0 forzados    2 sin fin de oración
decreto_2926_2013                4 artículos       7 chunks    0 forzados    1 sin fin de oración
decreto_2941_2007                2 artículos       3 chunks    0 forzados    1 sin fin de oración
decreto_2972_2013               54 artículos     101 chunks   24 forzados   35 sin fin de oración
decreto_2974_2013                2 artículos       3 chunks    0 forzados    1 sin fin de oración
decreto_2978_2002                3 artículos       5 chunks    0 forzados    0 sin fin de oración
decreto_297_2016                 2 artículos       6 chunks    0 forzados    1 sin fin de oración
decreto_2984_2009                3 artículos       4 chunks    0 forzados    1 sin fin de oración
decreto_300_1995                 5 artículos       7 chunks    0 forzados    1 sin fin de oración
decreto_300_2001                 7 artículos       8 chunks    0 forzados    1 sin fin de oración
decreto_300_2009                 2 artículos       3 chunks    0 forzados    1 sin fin de oración
decreto_300_2017                 4 artículos       8 chunks    0 forzados    0 sin fin de oración
decreto_3019_1989                8 artículos       9 chunks    0 forzados    1 sin fin de oración
decreto_3025_2013                8 artículos      19 chunks    0 forzados    2 sin fin de oración
decreto_3026_2013               22 artículos      31 chunks    0 forzados    1 sin fin de oración
decreto_3027_2013                7 artículos      10 chunks    0 forzados    1 sin fin de oración
decreto_3028_2013               12 artículos      15 chunks    0 forzados    2 sin fin de oración
decreto_3030_2013               26 artículos      69 chunks    0 forzados    1 sin fin de oración
decreto_3032_2013               10 artículos      16 chunks    0 forzados    1 sin fin de oración
decreto_3033_2013               10 artículos      14 chunks    0 forzados    1 sin fin de oración
decreto_3037_2013                3 artículos       6 chunks    0 forzados    1 sin fin de oración
decreto_3048_2013                7 artículos       9 chunks    0 forzados    1 sin fin de oración
decreto_3049_2013                8 artículos      11 chunks    0 forzados    0 sin fin de oración
decreto_3050_1997               34 artículos      36 chunks    0 forzados    2 sin fin de oración
decreto_3070_1983               11 artículos      12 chunks    0 forzados    1 sin fin de oración
decreto_3071_1997               26 artículos      27 chunks    0 forzados    2 sin fin de oración
decreto_3075_2005                3 artículos       5 chunks    0 forzados    0 sin fin de oración
decreto_307_2022                 3 artículos       8 chunks    0 forzados    1 sin fin de oración
decreto_30_2022                  9 artículos      15 chunks    0 forzados    0 sin fin de oración
decreto_3101_1990               17 artículos      28 chunks    0 forzados    7 sin fin de oración
decreto_3110_2004                2 artículos       4 chunks    0 forzados    1 sin fin de oración
decreto_3119_1997                7 artículos      10 chunks    0 forzados    1 sin fin de oración
decreto_313_2024                 3 artículos       5 chunks    0 forzados    1 sin fin de oración
decreto_3150_2008                2 artículos       3 chunks    0 forzados    0 sin fin de oración
decreto_3211_1979               14 artículos      16 chunks    0 forzados    1 sin fin de oración
decreto_321_2017                 3 artículos       8 chunks    0 forzados    0 sin fin de oración
decreto_3228_2003                2 artículos       3 chunks    0 forzados    1 sin fin de oración
decreto_324_2024                 4 artículos       7 chunks    0 forzados    1 sin fin de oración
decreto_3250_2011                6 artículos       8 chunks    0 forzados    1 sin fin de oración
decreto_3256_2002               10 artículos      15 chunks    0 forzados    3 sin fin de oración
decreto_3257_2002                6 artículos      20 chunks    0 forzados   11 sin fin de oración
decreto_3258_2002               41 artículos      58 chunks    0 forzados   11 sin fin de oración
decreto_3259_2009                4 artículos       6 chunks    0 forzados    0 sin fin de oración
decreto_3264_2008                4 artículos       6 chunks    0 forzados    2 sin fin de oración
decreto_326_1995                18 artículos      26 chunks    0 forzados    1 sin fin de oración
decreto_3273_2008                5 artículos       7 chunks    0 forzados    1 sin fin de oración
decreto_3283_2004                3 artículos       6 chunks    0 forzados    1 sin fin de oración
decreto_328_1995                 6 artículos       7 chunks    0 forzados    1 sin fin de oración
decreto_3303_2006               20 artículos      28 chunks    0 forzados    1 sin fin de oración
decreto_331_1976                19 artículos      21 chunks    0 forzados    1 sin fin de oración
decreto_333_2014                22 artículos      31 chunks    0 forzados    1 sin fin de oración
decreto_3355_2009               33 artículos      59 chunks    0 forzados    0 sin fin de oración
decreto_338_2022                 3 artículos      17 chunks    0 forzados    2 sin fin de oración
decreto_3410_1983               19 artículos      27 chunks    0 forzados    1 sin fin de oración
decreto_3426_2004                4 artículos       5 chunks    0 forzados    1 sin fin de oración
decreto_3444_2009               13 artículos      15 chunks    0 forzados    1 sin fin de oración
decreto_348_2013                 3 artículos       5 chunks    0 forzados    0 sin fin de oración
decreto_349_2018               204 artículos     313 chunks    0 forzados    1 sin fin de oración
decreto_350_1999                64 artículos      73 chunks    0 forzados    0 sin fin de oración
decreto_352_1994                26 artículos      29 chunks    0 forzados    0 sin fin de oración
decreto_353_1984                38 artículos      44 chunks    0 forzados    1 sin fin de oración
decreto_353_1994                35 artículos      48 chunks    0 forzados    0 sin fin de oración
decreto_3541_1983               93 artículos     126 chunks    0 forzados    3 sin fin de oración
decreto_354_1994                84 artículos      94 chunks    0 forzados    1 sin fin de oración
decreto_3558_2004                2 artículos       5 chunks    0 forzados    1 sin fin de oración
decreto_3568_2011               27 artículos      46 chunks    0 forzados    2 sin fin de oración
decreto_356_1994               118 artículos     129 chunks    0 forzados    2 sin fin de oración
decreto_3570_2011               40 artículos      62 chunks    0 forzados    0 sin fin de oración
decreto_3571_2011               44 artículos      76 chunks    0 forzados    1 sin fin de oración
decreto_3582_2009                3 artículos       4 chunks    0 forzados    0 sin fin de oración
decreto_358_2002                 9 artículos      12 chunks    0 forzados    2 sin fin de oración
decreto_358_2011                 4 artículos       6 chunks    0 forzados    1 sin fin de oración
decreto_358_2020                 3 artículos      51 chunks    0 forzados    1 sin fin de oración
decreto_3595_2005                3 artículos       5 chunks    0 forzados    1 sin fin de oración
decreto_359_2020                 8 artículos      17 chunks    0 forzados    2 sin fin de oración
decreto_360_2021               148 artículos     227 chunks    0 forzados    2 sin fin de oración
decreto_3655_2009                2 artículos       3 chunks    0 forzados    1 sin fin de oración
decreto_366_1992                 9 artículos      10 chunks    0 forzados    2 sin fin de oración
decreto_366_2023                 3 artículos       6 chunks    0 forzados    3 sin fin de oración
decreto_3715_1986                5 artículos       6 chunks    0 forzados    1 sin fin de oración
decreto_3730_2005                3 artículos       4 chunks    0 forzados    1 sin fin de oración
decreto_3731_2005                2 artículos       3 chunks    0 forzados    1 sin fin de oración
decreto_3733_2005                8 artículos      10 chunks    0 forzados    2 sin fin de oración
decreto_374_2021                 2 artículos       6 chunks    0 forzados    4 sin fin de oración
decreto_3750_1986                9 artículos      17 chunks    0 forzados    5 sin fin de oración
decreto_3759_2009               44 artículos      81 chunks    0 forzados    1 sin fin de oración
decreto_375_2021                 4 artículos      13 chunks    4 forzados    6 sin fin de oración
decreto_3770_2005                2 artículos       3 chunks    0 forzados    1 sin fin de oración
decreto_379_1993                 2 artículos       4 chunks    0 forzados    1 sin fin de oración
decreto_379_2007                12 artículos      14 chunks    0 forzados    2 sin fin de oración
decreto_379_2012                 3 artículos       8 chunks    0 forzados    0 sin fin de oración
decreto_3802_1985                2 artículos       3 chunks    0 forzados    1 sin fin de oración
decreto_3802_2007                3 artículos      10 chunks    0 forzados    1 sin fin de oración
decreto_3803_1982               90 artículos      93 chunks    0 forzados    1 sin fin de oración
decreto_3804_2003                5 artículos       8 chunks    0 forzados    3 sin fin de oración
decreto_3805_2003               43 artículos      58 chunks    0 forzados   11 sin fin de oración
decreto_380_1996                30 artículos      34 chunks    0 forzados    2 sin fin de oración
decreto_381_2012                22 artículos      45 chunks    0 forzados    1 sin fin de oración
decreto_386_2007                12 artículos      38 chunks    0 forzados    1 sin fin de oración
decreto_390_2016               682 artículos    1181 chunks    0 forzados   18 sin fin de oración
decreto_3913_2008                5 artículos       6 chunks    0 forzados    1 sin fin de oración
decreto_3916_2005                2 artículos       3 chunks    0 forzados    1 sin fin de oración
decreto_392_2021                 2 artículos       9 chunks    0 forzados    1 sin fin de oración
decreto_398_1983                27 artículos      28 chunks    0 forzados    1 sin fin de oración
decreto_3991_2010                3 artículos       5 chunks    0 forzados    1 sin fin de oración
decreto_399_1987                 3 artículos       4 chunks    0 forzados    1 sin fin de oración
decreto_400_1975                19 artículos      20 chunks    0 forzados    1 sin fin de oración
decreto_400_1987                23 artículos      27 chunks    0 forzados    2 sin fin de oración
decreto_4011_2006                5 artículos       6 chunks    0 forzados    0 sin fin de oración
decreto_401_2020                12 artículos      28 chunks    2 forzados    2 sin fin de oración
decreto_4032_2010                4 artículos       7 chunks    0 forzados    1 sin fin de oración
decreto_403_2020               166 artículos     196 chunks    2 forzados    1 sin fin de oración
decreto_4048_2008               55 artículos     107 chunks    0 forzados    1 sin fin de oración
decreto_4050_2008               10 artículos      14 chunks    0 forzados    1 sin fin de oración
decreto_4057_2011               28 artículos      36 chunks    0 forzados    0 sin fin de oración
decreto_405_2001                26 artículos      31 chunks    0 forzados    1 sin fin de oración
decreto_405_2020                13 artículos      23 chunks    0 forzados    0 sin fin de oración
decreto_4065_2011               26 artículos      36 chunks    0 forzados    0 sin fin de oración
decreto_406_1993                 2 artículos       3 chunks    0 forzados    1 sin fin de oración
decreto_406_2001                31 artículos      49 chunks    0 forzados    1 sin fin de oración
decreto_407_1994               186 artículos     191 chunks    0 forzados    1 sin fin de oración
decreto_4085_2011               29 artículos      54 chunks    0 forzados    0 sin fin de oración
decreto_408_1995                10 artículos      13 chunks    0 forzados    1 sin fin de oración
decreto_408_2001                13 artículos      18 chunks    0 forzados    2 sin fin de oración
decreto_4097_2004                2 artículos       4 chunks    0 forzados    1 sin fin de oración
decreto_4107_2011               66 artículos     104 chunks    0 forzados    2 sin fin de oración
decreto_4108_2011               54 artículos      92 chunks    0 forzados    0 sin fin de oración
decreto_4109_2011               12 artículos      18 chunks    0 forzados    0 sin fin de oración
decreto_410_2020                 4 artículos       8 chunks    0 forzados    2 sin fin de oración
decreto_410_2026                 2 artículos       5 chunks    0 forzados    2 sin fin de oración
decreto_4122_2011               23 artículos      33 chunks    0 forzados    1 sin fin de oración
decreto_4123_2005               10 artículos      11 chunks    0 forzados    1 sin fin de oración
decreto_4130_2011                7 artículos      10 chunks    0 forzados    0 sin fin de oración
decreto_4137_2011               14 artículos      16 chunks    0 forzados    0 sin fin de oración
decreto_4138_2011               25 artículos      35 chunks    0 forzados    2 sin fin de oración
decreto_413_2018                 7 artículos      12 chunks    0 forzados    0 sin fin de oración
decreto_4142_2011               26 artículos      27 chunks    0 forzados    2 sin fin de oración
decreto_4144_2011                5 artículos       8 chunks    0 forzados    1 sin fin de oración
decreto_4147_2011               30 artículos      44 chunks    0 forzados    1 sin fin de oración
decreto_4149_2004               12 artículos      13 chunks    0 forzados    1 sin fin de oración
decreto_414_2003                 5 artículos       6 chunks    0 forzados    1 sin fin de oración
decreto_414_2021                 7 artículos      14 chunks    0 forzados    2 sin fin de oración
decreto_4150_2011               35 artículos      51 chunks    0 forzados    1 sin fin de oración
decreto_415_2016                 3 artículos      10 chunks    0 forzados    1 sin fin de oración
decreto_4165_2011               30 artículos      59 chunks    0 forzados    1 sin fin de oración
decreto_4167_2011                8 artículos       9 chunks    0 forzados    0 sin fin de oración
decreto_4168_2011                4 artículos       7 chunks    0 forzados    0 sin fin de oración
decreto_4169_2011                8 artículos      11 chunks    0 forzados    1 sin fin de oración
decreto_416_2000                 2 artículos       3 chunks    0 forzados    1 sin fin de oración
decreto_416_2003                 5 artículos       7 chunks    0 forzados    1 sin fin de oración
decreto_416_2007                38 artículos      66 chunks    0 forzados    1 sin fin de oración
decreto_416_2018                12 artículos      14 chunks    0 forzados    0 sin fin de oración
decreto_4173_2011               18 artículos      23 chunks    0 forzados    1 sin fin de oración
decreto_4174_2011                6 artículos      10 chunks    0 forzados    0 sin fin de oración
decreto_417_2020                 4 artículos      33 chunks    0 forzados    6 sin fin de oración
decreto_4181_2011               25 artículos      35 chunks    0 forzados    0 sin fin de oración
decreto_4183_2011               32 artículos      50 chunks    0 forzados    4 sin fin de oración
decreto_4184_2011               10 artículos      13 chunks    0 forzados    0 sin fin de oración
decreto_4185_2010                2 artículos       3 chunks    0 forzados    1 sin fin de oración
decreto_4185_2011                5 artículos       7 chunks    0 forzados    0 sin fin de oración
decreto_419_2020                 2 artículos       6 chunks    0 forzados    1 sin fin de oración
decreto_41_1994                115 artículos     117 chunks    0 forzados    3 sin fin de oración
decreto_4210_2004                3 artículos       4 chunks    0 forzados    1 sin fin de oración
decreto_422_1991                29 artículos      30 chunks    0 forzados    1 sin fin de oración
decreto_423_2021                 4 artículos       9 chunks    0 forzados    1 sin fin de oración
decreto_4243_2004                2 artículos       4 chunks    0 forzados    3 sin fin de oración
decreto_427_2004                 5 artículos       7 chunks    0 forzados    1 sin fin de oración
decreto_427_2015                 7 artículos      16 chunks    0 forzados    5 sin fin de oración
decreto_4299_2008                2 artículos       4 chunks    0 forzados    1 sin fin de oración
decreto_4320_2008                8 artículos      11 chunks    0 forzados    1 sin fin de oración
decreto_4327_2005               94 artículos     126 chunks    0 forzados    0 sin fin de oración
decreto_4333_2008                3 artículos       6 chunks    0 forzados    0 sin fin de oración
decreto_4334_2008               16 artículos      22 chunks    0 forzados    0 sin fin de oración
decreto_4335_2004                7 artículos      12 chunks    0 forzados    1 sin fin de oración
decreto_4335_2008                3 artículos       4 chunks    0 forzados    0 sin fin de oración
decreto_433_1999                31 artículos      39 chunks    0 forzados    1 sin fin de oración
decreto_4345_2004               45 artículos      63 chunks    0 forzados   13 sin fin de oración
decreto_4349_2004               19 artículos      40 chunks    0 forzados    2 sin fin de oración
decreto_4350_2010                2 artículos       3 chunks    0 forzados    1 sin fin de oración
decreto_436_2018                 5 artículos       8 chunks    0 forzados    2 sin fin de oración
decreto_436_2020                 7 artículos      10 chunks    0 forzados    1 sin fin de oración
decreto_437_2013                10 artículos      12 chunks    0 forzados    1 sin fin de oración
decreto_438_2020                 5 artículos      18 chunks    0 forzados    1 sin fin de oración
decreto_4400_2004               22 artículos      30 chunks    0 forzados    1 sin fin de oración
decreto_440_2020                11 artículos      15 chunks    0 forzados    1 sin fin de oración
decreto_4415_2011                8 artículos      14 chunks    0 forzados    2 sin fin de oración
decreto_441_2020                 4 artículos      12 chunks    0 forzados    1 sin fin de oración
decreto_4421_2009                4 artículos       6 chunks    0 forzados    0 sin fin de oración
decreto_442_2022                 4 artículos      10 chunks    0 forzados    1 sin fin de oración
decreto_442_2023                14 artículos      36 chunks    0 forzados    1 sin fin de oración
decreto_4432_2006               19 artículos      26 chunks    0 forzados    1 sin fin de oración
decreto_4434_2004               20 artículos      22 chunks    0 forzados    1 sin fin de oración
decreto_444_1967               269 artículos     274 chunks    0 forzados    3 sin fin de oración
decreto_444_2020                20 artículos      31 chunks    0 forzados    0 sin fin de oración
decreto_444_2022                 4 artículos      10 chunks    0 forzados    0 sin fin de oración
decreto_4452_2011                3 artículos       5 chunks    0 forzados    1 sin fin de oración
decreto_4473_2006                8 artículos       9 chunks    0 forzados    1 sin fin de oración
decreto_4474_2005                4 artículos       9 chunks    0 forzados    1 sin fin de oración
decreto_4480_2005                3 artículos       4 chunks    0 forzados    1 sin fin de oración
decreto_4490_2008                3 artículos       5 chunks    0 forzados    2 sin fin de oración
decreto_449_2003                16 artículos      22 chunks    0 forzados    1 sin fin de oración
decreto_449_2026                 2 artículos      12 chunks    3 forzados    3 sin fin de oración
decreto_4515_2009                3 artículos       4 chunks    0 forzados    1 sin fin de oración
decreto_4530_2008               32 artículos      66 chunks    0 forzados    0 sin fin de oración
decreto_4565_2010                2 artículos       4 chunks    0 forzados    2 sin fin de oración
decreto_456_2014                 7 artículos      10 chunks    0 forzados    1 sin fin de oración
decreto_456_2020                 3 artículos      10 chunks    0 forzados    2 sin fin de oración
decreto_456_2021                 3 artículos      10 chunks    0 forzados    1 sin fin de oración
decreto_457_2008                 6 artículos       7 chunks    0 forzados    2 sin fin de oración
decreto_4580_2010                4 artículos      15 chunks    0 forzados    0 sin fin de oración
decreto_4583_2006               42 artículos      60 chunks    3 forzados   12 sin fin de oración
decreto_458_2020                 4 artículos       8 chunks    0 forzados    0 sin fin de oración
decreto_4590_2008                5 artículos       7 chunks    0 forzados    1 sin fin de oración
decreto_4591_2008                9 artículos      11 chunks    0 forzados    0 sin fin de oración
decreto_460_1986                26 artículos      29 chunks    0 forzados    1 sin fin de oración
decreto_460_2024                 4 artículos      11 chunks    0 forzados    1 sin fin de oración
decreto_461_2018                 6 artículos      10 chunks    0 forzados    0 sin fin de oración
decreto_461_2020                 4 artículos      10 chunks    0 forzados    0 sin fin de oración
decreto_4628_2010                7 artículos      12 chunks    0 forzados    0 sin fin de oración
decreto_4632_2011               16 artículos      20 chunks    0 forzados    1 sin fin de oración
decreto_4633_2011              194 artículos     242 chunks    0 forzados    3 sin fin de oración
decreto_4634_2011              123 artículos     143 chunks    0 forzados    1 sin fin de oración
decreto_4635_2011              156 artículos     191 chunks    0 forzados    0 sin fin de oración
decreto_463_2016                 2 artículos       4 chunks    0 forzados    1 sin fin de oración
decreto_463_2020                 5 artículos      10 chunks    0 forzados    2 sin fin de oración
decreto_464_2020                 7 artículos      19 chunks    0 forzados    1 sin fin de oración
decreto_4650_2006                6 artículos       8 chunks    0 forzados    1 sin fin de oración
decreto_4651_2006                3 artículos       4 chunks    0 forzados    0 sin fin de oración
decreto_4660_2007                2 artículos       3 chunks    0 forzados    1 sin fin de oración
decreto_4673_2010                2 artículos       6 chunks    0 forzados    0 sin fin de oración
decreto_4675_2008                4 artículos       6 chunks    0 forzados    1 sin fin de oración
decreto_467_2020                 3 artículos      12 chunks    0 forzados    2 sin fin de oración
decreto_468_2020                 4 artículos      10 chunks    0 forzados    3 sin fin de oración
decreto_4692_2005                7 artículos      11 chunks    0 forzados    1 sin fin de oración
decreto_4694_2005               10 artículos      12 chunks    0 forzados    1 sin fin de oración
decreto_469_2020                 2 artículos       9 chunks    0 forzados    1 sin fin de oración
decreto_469_2024                 3 artículos      12 chunks    0 forzados    1 sin fin de oración
decreto_4702_2010               11 artículos      18 chunks    0 forzados    0 sin fin de oración
decreto_4704_2008                3 artículos       5 chunks    0 forzados    0 sin fin de oración
decreto_4705_2008               22 artículos      27 chunks    0 forzados    0 sin fin de oración
decreto_470_2020                 4 artículos      15 chunks    0 forzados    1 sin fin de oración
decreto_470_2026                 3 artículos       8 chunks    0 forzados    2 sin fin de oración
decreto_4711_2005                2 artículos       3 chunks    0 forzados    1 sin fin de oración
decreto_4712_2008-2             50 artículos     134 chunks    0 forzados    5 sin fin de oración
decreto_4713_2005               10 artículos      17 chunks    0 forzados    4 sin fin de oración
decreto_4714_2005               44 artículos      62 chunks    0 forzados   13 sin fin de oración
decreto_4714_2008                3 artículos       5 chunks    0 forzados    1 sin fin de oración
decreto_4715_2005                4 artículos      12 chunks    0 forzados    4 sin fin de oración
decreto_475_2020                 6 artículos      13 chunks    0 forzados    1 sin fin de oración
decreto_476_2014                73 artículos     101 chunks    0 forzados    0 sin fin de oración
decreto_4788_2009                2 artículos       4 chunks    0 forzados    1 sin fin de oración
decreto_478_2020                 4 artículos       7 chunks    0 forzados    1 sin fin de oración
decreto_47_2024                  5 artículos      11 chunks    0 forzados    2 sin fin de oración
decreto_4800_2010               12 artículos      20 chunks    0 forzados    1 sin fin de oración
decreto_4814_2007                2 artículos       4 chunks    0 forzados    1 sin fin de oración
decreto_4815_2007               12 artículos      15 chunks    0 forzados    2 sin fin de oración
decreto_4819_2010               10 artículos      15 chunks    0 forzados    0 sin fin de oración
decreto_481_2025               103 artículos     115 chunks    0 forzados    1 sin fin de oración
decreto_4821_2010               14 artículos      24 chunks    0 forzados    0 sin fin de oración
decreto_4826_2010                3 artículos       8 chunks    0 forzados    0 sin fin de oración
decreto_4827_2010                3 artículos       5 chunks    0 forzados    0 sin fin de oración
decreto_4829_2010                2 artículos       8 chunks    0 forzados    0 sin fin de oración
decreto_482_1996                 9 artículos      10 chunks    0 forzados    1 sin fin de oración
decreto_4830_2010                4 artículos       8 chunks    0 forzados    0 sin fin de oración
decreto_4836_2010               42 artículos      69 chunks    9 forzados   17 sin fin de oración
decreto_486_2020                 6 artículos      16 chunks    0 forzados    1 sin fin de oración
decreto_4886_2011               30 artículos      76 chunks    0 forzados    4 sin fin de oración
decreto_488_2020                 9 artículos      22 chunks    0 forzados    3 sin fin de oración
decreto_489_2013                16 artículos      19 chunks    0 forzados    1 sin fin de oración
decreto_4907_2011               40 artículos      66 chunks   11 forzados   16 sin fin de oración
decreto_4910_2011               20 artículos      42 chunks    0 forzados    1 sin fin de oración
decreto_491_2020                19 artículos      38 chunks    0 forzados    4 sin fin de oración
decreto_4929_2009               43 artículos      72 chunks    5 forzados   20 sin fin de oración
decreto_492_2020-2               9 artículos      21 chunks    0 forzados    1 sin fin de oración
decreto_4943_2011                3 artículos       4 chunks    0 forzados    0 sin fin de oración
decreto_495_2019                 9 artículos      16 chunks    0 forzados    1 sin fin de oración
decreto_4962_2011                5 artículos       8 chunks    0 forzados    1 sin fin de oración
decreto_4975_2009                4 artículos      18 chunks    0 forzados    0 sin fin de oración
decreto_4980_2007                3 artículos       5 chunks    0 forzados    1 sin fin de oración
decreto_5012_2009               48 artículos     100 chunks    0 forzados    5 sin fin de oración
decreto_5021_2009               28 artículos      44 chunks    0 forzados    1 sin fin de oración
decreto_504_2022                 3 artículos       8 chunks    0 forzados    1 sin fin de oración
decreto_5057_2009               11 artículos      17 chunks    0 forzados    3 sin fin de oración
decreto_505_2022                 2 artículos       8 chunks    0 forzados    1 sin fin de oración
decreto_507_2020                 7 artículos      17 chunks    0 forzados    3 sin fin de oración
decreto_508_1994                 3 artículos       4 chunks    0 forzados    1 sin fin de oración
decreto_513_2020                 9 artículos      17 chunks    0 forzados    2 sin fin de oración
decreto_516_2020                 3 artículos      15 chunks    0 forzados    3 sin fin de oración
decreto_517_2001                 7 artículos      13 chunks    0 forzados    2 sin fin de oración
decreto_517_2020                 8 artículos      22 chunks    0 forzados    1 sin fin de oración
decreto_518_2001                 4 artículos       6 chunks    0 forzados    1 sin fin de oración
decreto_518_2020                 8 artículos      18 chunks    0 forzados    1 sin fin de oración
decreto_519_2020                 7 artículos      17 chunks    0 forzados    2 sin fin de oración
decreto_520_2001                 3 artículos       4 chunks    0 forzados    1 sin fin de oración
decreto_520_2018                 3 artículos       4 chunks    0 forzados    0 sin fin de oración
decreto_521_2004                 3 artículos       5 chunks    0 forzados    3 sin fin de oración
decreto_522_2003                27 artículos      32 chunks    0 forzados    2 sin fin de oración
decreto_528_2020                 6 artículos      18 chunks    0 forzados    2 sin fin de oración
decreto_530_2020                 4 artículos      15 chunks    0 forzados    3 sin fin de oración
decreto_533_2020                 4 artículos      16 chunks    0 forzados    2 sin fin de oración
decreto_535_1987                15 artículos      18 chunks    0 forzados    3 sin fin de oración
decreto_535_2020-2               4 artículos      15 chunks    0 forzados    1 sin fin de oración
decreto_536_2017                 2 artículos       4 chunks    0 forzados    1 sin fin de oración
decreto_537_2004                 2 artículos       3 chunks    0 forzados    1 sin fin de oración
decreto_537_2017                23 artículos      41 chunks    0 forzados    4 sin fin de oración
decreto_537_2020                11 artículos      27 chunks    0 forzados    2 sin fin de oración
decreto_538_2020                29 artículos      68 chunks    0 forzados    2 sin fin de oración
decreto_540_2004                 5 artículos       8 chunks    0 forzados    1 sin fin de oración
decreto_540_2020                 3 artículos      18 chunks    0 forzados    2 sin fin de oración
decreto_541_2020                 2 artículos      14 chunks    0 forzados    4 sin fin de oración
decreto_547_2017                 2 artículos       3 chunks    0 forzados    0 sin fin de oración
decreto_550_2010                 2 artículos       3 chunks    0 forzados    1 sin fin de oración
decreto_551_2020                 4 artículos      22 chunks    7 forzados    5 sin fin de oración
decreto_552_2020                 6 artículos      22 chunks    2 forzados    3 sin fin de oración
decreto_554_2020                 3 artículos      21 chunks    0 forzados    1 sin fin de oración
decreto_555_2003                17 artículos      23 chunks    0 forzados    0 sin fin de oración
decreto_555_2017                18 artículos      45 chunks    0 forzados    0 sin fin de oración
decreto_555_2020                 8 artículos      33 chunks    2 forzados    3 sin fin de oración
decreto_556_2001                 3 artículos       4 chunks    0 forzados    1 sin fin de oración
decreto_558_1999                10 artículos      16 chunks    0 forzados    1 sin fin de oración
decreto_559_2020                11 artículos      25 chunks    2 forzados    3 sin fin de oración
decreto_560_2020                16 artículos      46 chunks    2 forzados    2 sin fin de oración
decreto_563_2000                 3 artículos       4 chunks    0 forzados    1 sin fin de oración
decreto_564_2020                 3 artículos      28 chunks    3 forzados    3 sin fin de oración
decreto_567_2007                10 artículos      13 chunks    0 forzados    1 sin fin de oración
decreto_567_2020                 7 artículos      26 chunks    3 forzados    3 sin fin de oración
decreto_568_2013                25 artículos      41 chunks    0 forzados    2 sin fin de oración
decreto_568_2020                14 artículos      30 chunks    2 forzados    2 sin fin de oración
decreto_570_1984                37 artículos      48 chunks    0 forzados    2 sin fin de oración
decreto_572_2021                 4 artículos      12 chunks    0 forzados    2 sin fin de oración
decreto_572_2025                 9 artículos      45 chunks   24 forzados   19 sin fin de oración
decreto_573_1995                13 artículos      14 chunks    0 forzados    0 sin fin de oración
decreto_574_1995                12 artículos      13 chunks    0 forzados    0 sin fin de oración
decreto_574_2002                 2 artículos       3 chunks    0 forzados    1 sin fin de oración
decreto_574_2020                11 artículos      21 chunks    0 forzados    2 sin fin de oración
decreto_575_2013                33 artículos      57 chunks    0 forzados    0 sin fin de oración
decreto_575_2020                14 artículos      42 chunks    0 forzados    5 sin fin de oración
decreto_578_2007                 6 artículos       7 chunks    0 forzados    0 sin fin de oración
decreto_581_2020                 4 artículos      18 chunks    3 forzados    2 sin fin de oración
decreto_582_2013                16 artículos      18 chunks    0 forzados    0 sin fin de oración
decreto_588_2017                33 artículos      51 chunks    0 forzados    0 sin fin de oración
decreto_589_2016                14 artículos      18 chunks    0 forzados    1 sin fin de oración
decreto_589_2017                31 artículos      52 chunks    0 forzados    0 sin fin de oración
decreto_594_2026                 6 artículos      12 chunks    0 forzados    1 sin fin de oración
decreto_598_2020                 2 artículos       6 chunks    0 forzados    1 sin fin de oración
decreto_602_1993                 8 artículos       9 chunks    0 forzados    1 sin fin de oración
decreto_602_2013                37 artículos      49 chunks    0 forzados    2 sin fin de oración
decreto_608_2019                 7 artículos      13 chunks    0 forzados    2 sin fin de oración
decreto_612_2021                 2 artículos       5 chunks    0 forzados    2 sin fin de oración
decreto_620_2020                 4 artículos      15 chunks    0 forzados    2 sin fin de oración
decreto_621_1993                 3 artículos       4 chunks    0 forzados    1 sin fin de oración
decreto_621_1994                 3 artículos       4 chunks    0 forzados    1 sin fin de oración
decreto_626_2026                36 artículos      55 chunks    0 forzados    0 sin fin de oración
decreto_627_2014                 2 artículos       3 chunks    0 forzados    1 sin fin de oración
decreto_62_1996                  2 artículos       4 chunks    0 forzados    0 sin fin de oración
decreto_62_2025                  2 artículos      27 chunks    0 forzados    4 sin fin de oración
decreto_631_1985                29 artículos      30 chunks    0 forzados    1 sin fin de oración
decreto_632_2018                37 artículos      47 chunks    0 forzados    0 sin fin de oración
decreto_633_1993                 7 artículos       8 chunks    0 forzados    1 sin fin de oración
decreto_637_2020                 4 artículos      34 chunks    0 forzados    1 sin fin de oración
decreto_639_2020                14 artículos      32 chunks    0 forzados    2 sin fin de oración
decreto_640_2005                 7 artículos       9 chunks    0 forzados    1 sin fin de oración
decreto_640_2018                 4 artículos      12 chunks    0 forzados    1 sin fin de oración
decreto_644_2020                 5 artículos      15 chunks    0 forzados    1 sin fin de oración
decreto_645_2012                 4 artículos       5 chunks    0 forzados    0 sin fin de oración
decreto_647_2018                 3 artículos       7 chunks    0 forzados    1 sin fin de oración
decreto_650_1996                18 artículos      25 chunks    0 forzados    1 sin fin de oración
decreto_651_2019                 4 artículos       9 chunks    0 forzados    1 sin fin de oración
decreto_653_1990                 8 artículos       9 chunks    0 forzados    1 sin fin de oración
decreto_653_2022                 3 artículos      11 chunks    0 forzados    3 sin fin de oración
decreto_654_1993                12 artículos      14 chunks    0 forzados    0 sin fin de oración
decreto_654_2013                 6 artículos      11 chunks    0 forzados    1 sin fin de oración
decreto_655_1993                12 artículos      18 chunks    0 forzados    0 sin fin de oración
decreto_656_1993                15 artículos      23 chunks    0 forzados    0 sin fin de oración
decreto_656_1994                48 artículos      54 chunks    0 forzados    1 sin fin de oración
decreto_658_2020                 5 artículos      39 chunks    8 forzados    6 sin fin de oración
decreto_659_2018                64 artículos     125 chunks    0 forzados    4 sin fin de oración
decreto_659_2020                 4 artículos      24 chunks    8 forzados    4 sin fin de oración
decreto_659_2024                67 artículos     131 chunks    0 forzados    3 sin fin de oración
decreto_65_2005                  4 artículos       5 chunks    0 forzados    1 sin fin de oración
decreto_660_2011                14 artículos      22 chunks    0 forzados    2 sin fin de oración
decreto_660_2016                14 artículos      20 chunks    0 forzados    1 sin fin de oración
decreto_660_2020                 2 artículos      23 chunks    7 forzados    2 sin fin de oración
decreto_662_2020                 4 artículos      30 chunks    8 forzados    6 sin fin de oración
decreto_667_2007                 6 artículos       7 chunks    0 forzados    1 sin fin de oración
decreto_670_2022                 2 artículos       4 chunks    0 forzados    1 sin fin de oración
decreto_671_2017                 2 artículos       9 chunks    0 forzados    1 sin fin de oración
decreto_676_1999                12 artículos      17 chunks    0 forzados    2 sin fin de oración
decreto_676_2019                 2 artículos       4 chunks    0 forzados    2 sin fin de oración
decreto_677_2020                 7 artículos      32 chunks    8 forzados    5 sin fin de oración
decreto_678_2020                10 artículos      30 chunks    7 forzados    4 sin fin de oración
decreto_678_2022                21 artículos      70 chunks    0 forzados    5 sin fin de oración
decreto_681_2017                 9 artículos      14 chunks    0 forzados    0 sin fin de oración
decreto_685_2014                10 artículos      11 chunks    0 forzados    1 sin fin de oración
decreto_688_1967                31 artículos      32 chunks    0 forzados    1 sin fin de oración
decreto_688_2020                 4 artículos      22 chunks    8 forzados    4 sin fin de oración
decreto_691_2017                15 artículos      23 chunks    0 forzados    0 sin fin de oración
decreto_694_2003                 2 artículos       3 chunks    0 forzados    1 sin fin de oración
decreto_69_2018                  3 artículos       6 chunks    0 forzados    0 sin fin de oración
decreto_700_1992                29 artículos      32 chunks    0 forzados    1 sin fin de oración
decreto_700_1997                42 artículos      61 chunks    0 forzados    3 sin fin de oración
decreto_702_2013                12 artículos      20 chunks    0 forzados    1 sin fin de oración
decreto_705_2019                 2 artículos       7 chunks    0 forzados    1 sin fin de oración
decreto_706_2017                14 artículos      19 chunks    0 forzados    0 sin fin de oración
decreto_707_2001                 2 artículos       4 chunks    0 forzados    1 sin fin de oración
decreto_714_2012                18 artículos      26 chunks    0 forzados    0 sin fin de oración
decreto_719_2018                 2 artículos       8 chunks    0 forzados    1 sin fin de oración
decreto_71_2020                150 artículos     162 chunks    0 forzados    1 sin fin de oración
decreto_722_2014                 2 artículos       5 chunks    0 forzados    0 sin fin de oración
decreto_723_2014                16 artículos      22 chunks    0 forzados    1 sin fin de oración
decreto_723_2021                 3 artículos       9 chunks    0 forzados    1 sin fin de oración
decreto_727_1980                 4 artículos       5 chunks    0 forzados    1 sin fin de oración
decreto_728_2017                 3 artículos       9 chunks    0 forzados    1 sin fin de oración
decreto_731_2026                 4 artículos       7 chunks    0 forzados    2 sin fin de oración
decreto_733_2017                 5 artículos       7 chunks    0 forzados    2 sin fin de oración
decreto_738_2017                 7 artículos      18 chunks    0 forzados    2 sin fin de oración
decreto_743_2020                 4 artículos      13 chunks    0 forzados    1 sin fin de oración
decreto_746_2022                16 artículos      42 chunks    0 forzados    0 sin fin de oración
decreto_747_1996                 9 artículos      10 chunks    0 forzados    1 sin fin de oración
decreto_74_2022                  6 artículos      12 chunks    0 forzados    1 sin fin de oración
decreto_752_2002                 3 artículos       4 chunks    0 forzados    1 sin fin de oración
decreto_760_2005                49 artículos      51 chunks    0 forzados    0 sin fin de oración
decreto_760_2020                 2 artículos       7 chunks    0 forzados    0 sin fin de oración
decreto_761_2020                 2 artículos      15 chunks    0 forzados    1 sin fin de oración
decreto_763_2009                82 artículos     116 chunks    0 forzados    2 sin fin de oración
decreto_763_2024                 2 artículos      14 chunks    0 forzados    1 sin fin de oración
decreto_765_2005                62 artículos      69 chunks    0 forzados    0 sin fin de oración
decreto_767_2022                 3 artículos      18 chunks    0 forzados    2 sin fin de oración
decreto_768_2016                 2 artículos       4 chunks    0 forzados    1 sin fin de oración
decreto_769_2025                 5 artículos      12 chunks    0 forzados    1 sin fin de oración
decreto_770_2005                14 artículos      17 chunks    0 forzados    1 sin fin de oración
decreto_770_2020                30 artículos      78 chunks    8 forzados    2 sin fin de oración
decreto_770_2021                 6 artículos      10 chunks    0 forzados    1 sin fin de oración
decreto_772_2020                17 artículos      59 chunks    0 forzados    0 sin fin de oración
decreto_775_2005                54 artículos      57 chunks    0 forzados    0 sin fin de oración
decreto_779_2003                12 artículos      13 chunks    0 forzados    1 sin fin de oración
decreto_779_2004                 2 artículos       3 chunks    0 forzados    1 sin fin de oración
decreto_782_1996                 4 artículos       6 chunks    0 forzados    1 sin fin de oración
decreto_785_2005                34 artículos      42 chunks    0 forzados    6 sin fin de oración
decreto_789_2020                 5 artículos      26 chunks   10 forzados    7 sin fin de oración
decreto_790_2012                 5 artículos       8 chunks    0 forzados    0 sin fin de oración
decreto_796_2020                 4 artículos      39 chunks   11 forzados    8 sin fin de oración
decreto_798_2020                11 artículos      42 chunks    9 forzados    6 sin fin de oración
decreto_799_2020-2               2 artículos      23 chunks   10 forzados    6 sin fin de oración
decreto_800_2020                11 artículos      44 chunks   11 forzados   10 sin fin de oración
decreto_803_2013                 7 artículos       9 chunks    0 forzados    2 sin fin de oración
decreto_806_2000                 3 artículos       4 chunks    0 forzados    1 sin fin de oración
decreto_806_2020                16 artículos      60 chunks   11 forzados    9 sin fin de oración
decreto_807_2020                 9 artículos      33 chunks   11 forzados    8 sin fin de oración
decreto_808_2020                 8 artículos      34 chunks   10 forzados    6 sin fin de oración
decreto_809_2020                 5 artículos      23 chunks    4 forzados    4 sin fin de oración
decreto_809_2023                 2 artículos       6 chunks    0 forzados    1 sin fin de oración
decreto_80_1984                 39 artículos      82 chunks    0 forzados    3 sin fin de oración
decreto_80_2005                  2 artículos       3 chunks    0 forzados    1 sin fin de oración
decreto_810_2020                10 artículos      49 chunks    7 forzados    0 sin fin de oración
decreto_812_2020                10 artículos      36 chunks    9 forzados    6 sin fin de oración
decreto_815_2020                 7 artículos      36 chunks   11 forzados    9 sin fin de oración
decreto_816_2020                 3 artículos      33 chunks   11 forzados    8 sin fin de oración
decreto_819_2020                11 artículos      37 chunks   12 forzados    9 sin fin de oración
decreto_81_1984                 24 artículos      83 chunks   56 forzados   55 sin fin de oración
decreto_823_1987                 9 artículos      10 chunks    0 forzados    1 sin fin de oración
decreto_825_1978                57 artículos      58 chunks    0 forzados    1 sin fin de oración
decreto_829_2020                 4 artículos      22 chunks    0 forzados    1 sin fin de oración
decreto_836_1991                42 artículos      48 chunks    0 forzados    2 sin fin de oración
decreto_841_1995                 3 artículos       4 chunks    0 forzados    1 sin fin de oración
decreto_841_1998                24 artículos      42 chunks    0 forzados    1 sin fin de oración
decreto_845_2020                 5 artículos      13 chunks    0 forzados    2 sin fin de oración
decreto_847_1996                 6 artículos       8 chunks    0 forzados    1 sin fin de oración
decreto_849_2016                16 artículos      35 chunks    0 forzados    1 sin fin de oración
decreto_849_2020                 3 artículos      27 chunks    0 forzados    4 sin fin de oración
decreto_849_2023                 4 artículos       7 chunks    0 forzados    1 sin fin de oración
decreto_854_2011                 5 artículos      12 chunks    0 forzados    1 sin fin de oración
decreto_860_2018                 2 artículos       4 chunks    0 forzados    1 sin fin de oración
decreto_860_2022                 2 artículos       8 chunks    0 forzados    1 sin fin de oración
decreto_862_2013                12 artículos      46 chunks   28 forzados   21 sin fin de oración
decreto_869_2016                33 artículos      67 chunks    0 forzados    0 sin fin de oración
decreto_86_2008                  3 artículos       5 chunks    0 forzados    1 sin fin de oración
decreto_870_2010                 2 artículos       3 chunks    0 forzados    1 sin fin de oración
decreto_870_2017                23 artículos      36 chunks    0 forzados    0 sin fin de oración
decreto_881_2007                14 artículos      15 chunks    0 forzados    1 sin fin de oración
decreto_881_2020                 6 artículos      10 chunks    0 forzados    1 sin fin de oración
decreto_882_2017                 7 artículos      23 chunks    0 forzados    0 sin fin de oración
decreto_882_2020                 5 artículos       9 chunks    0 forzados    1 sin fin de oración
decreto_883_2017                 3 artículos      15 chunks    0 forzados    0 sin fin de oración
decreto_885_2017                12 artículos      24 chunks    0 forzados    0 sin fin de oración
decreto_886_2006                 5 artículos       7 chunks    0 forzados    1 sin fin de oración
decreto_886_2014                16 artículos      18 chunks    0 forzados    1 sin fin de oración
decreto_888_2017                 7 artículos      32 chunks    0 forzados    0 sin fin de oración
decreto_889_2017                 2 artículos      10 chunks    0 forzados    0 sin fin de oración
decreto_88_1988                 34 artículos      45 chunks    0 forzados    5 sin fin de oración
decreto_88_2022                  3 artículos      84 chunks    0 forzados    9 sin fin de oración
decreto_890_2017                14 artículos      38 chunks    0 forzados    0 sin fin de oración
decreto_891_2017                 2 artículos      10 chunks    0 forzados    0 sin fin de oración
decreto_893_2017                15 artículos      34 chunks    0 forzados    0 sin fin de oración
decreto_894_2017                 8 artículos      19 chunks    0 forzados    0 sin fin de oración
decreto_894_2020                 4 artículos       7 chunks    0 forzados    2 sin fin de oración
decreto_895_2022                 5 artículos      39 chunks    2 forzados    1 sin fin de oración
decreto_896_2017                 9 artículos      29 chunks    0 forzados    0 sin fin de oración
decreto_897_2017                 7 artículos      18 chunks    0 forzados    0 sin fin de oración
decreto_898_2026                 4 artículos       9 chunks    0 forzados    1 sin fin de oración
decreto_899_2017                24 artículos      42 chunks    0 forzados    2 sin fin de oración
decreto_8_2024                   1 artículos       4 chunks    0 forzados    1 sin fin de oración
decreto_900_2017                 2 artículos      15 chunks    0 forzados    2 sin fin de oración
decreto_902_2017                82 artículos     134 chunks    0 forzados    4 sin fin de oración
decreto_903_2017                 6 artículos      11 chunks    0 forzados    2 sin fin de oración
decreto_912_2003                 6 artículos       8 chunks    0 forzados    1 sin fin de oración
decreto_915_2017                 7 artículos      14 chunks    0 forzados    0 sin fin de oración
decreto_919_1989                75 artículos      99 chunks    0 forzados    3 sin fin de oración
decreto_91_2007                 92 artículos     100 chunks    0 forzados    1 sin fin de oración
decreto_920_2009                 3 artículos       4 chunks    0 forzados    1 sin fin de oración
decreto_920_2017                 3 artículos      11 chunks    0 forzados    2 sin fin de oración
decreto_920_2023               155 artículos     351 chunks    0 forzados    5 sin fin de oración
decreto_921_2024                 4 artículos       7 chunks    0 forzados    4 sin fin de oración
decreto_925_2013                27 artículos      30 chunks    0 forzados    2 sin fin de oración
decreto_926_2017                 6 artículos      20 chunks    0 forzados    1 sin fin de oración
decreto_927_2023               152 artículos     165 chunks    0 forzados    3 sin fin de oración
decreto_92_2022                 10 artículos      33 chunks    0 forzados    0 sin fin de oración
decreto_930_1996                 2 artículos       3 chunks    0 forzados    1 sin fin de oración
decreto_935_2014                 3 artículos       6 chunks    0 forzados    0 sin fin de oración
decreto_941_2002                20 artículos      23 chunks    0 forzados    1 sin fin de oración
decreto_946_2018                 2 artículos       7 chunks    0 forzados    1 sin fin de oración
decreto_948_2024                 4 artículos       8 chunks    0 forzados    1 sin fin de oración
decreto_952_2019                 3 artículos       6 chunks    0 forzados    1 sin fin de oración
decreto_953_1997                18 artículos      21 chunks    0 forzados    1 sin fin de oración
decreto_953_2003                 9 artículos      12 chunks    0 forzados    2 sin fin de oración
decreto_960_1970               233 artículos     237 chunks    0 forzados    6 sin fin de oración
decreto_960_2013                 3 artículos       7 chunks    0 forzados    0 sin fin de oración
decreto_961_2006                 3 artículos       4 chunks    0 forzados    1 sin fin de oración
decreto_961_2019                 2 artículos      20 chunks    0 forzados    1 sin fin de oración
decreto_963_1993                 4 artículos       5 chunks    0 forzados    1 sin fin de oración
decreto_963_2020                 4 artículos      14 chunks    0 forzados    2 sin fin de oración
decreto_96_2020                  2 artículos      15 chunks    0 forzados    1 sin fin de oración
decreto_971_1993                35 artículos      37 chunks    0 forzados    1 sin fin de oración
decreto_973_1994                 9 artículos      11 chunks    0 forzados    1 sin fin de oración
decreto_978_1999                15 artículos      18 chunks    0 forzados    0 sin fin de oración
decreto_985_2012                13 artículos      22 chunks    0 forzados    2 sin fin de oración
decreto_985_2022                 3 artículos      11 chunks    0 forzados    2 sin fin de oración
decreto_99_2013                  4 artículos      14 chunks    2 forzados    3 sin fin de oración
decreto_9_2026                   4 artículos       6 chunks    0 forzados    1 sin fin de oración
directiva_presidencia_0004_2016     0 artículos       2 chunks    0 forzados    1 sin fin de oración
directiva_presidencia_0005_2010     0 artículos       1 chunks    0 forzados    1 sin fin de oración
directiva_presidencia_0006_2018     0 artículos       4 chunks    0 forzados    1 sin fin de oración
directiva_presidencia_0026_2011     0 artículos       1 chunks    0 forzados    1 sin fin de oración
estatuto_consumidor             84 artículos     124 chunks    0 forzados    1 sin fin de oración
estatuto_organico_sistema_financiero   340 artículos     737 chunks    0 forzados   16 sin fin de oración
estatuto_tributario-2         1302 artículos    1801 chunks    7 forzados   30 sin fin de oración
estatuto_tributario           1302 artículos    1802 chunks    7 forzados   31 sin fin de oración
ley_09060_204a                 533 artículos     565 chunks    2 forzados    7 sin fin de oración
ley_1001_2005                   11 artículos      13 chunks    0 forzados    0 sin fin de oración
ley_1002_2005                   12 artículos      16 chunks    0 forzados    0 sin fin de oración
ley_1004_2005                   13 artículos      14 chunks    0 forzados    0 sin fin de oración
ley_1005_2006                   19 artículos      22 chunks    0 forzados    0 sin fin de oración
ley_1008_2006                    2 artículos       4 chunks    0 forzados    0 sin fin de oración
ley_100_1993                   296 artículos     389 chunks    0 forzados    3 sin fin de oración
ley_1010_2006                   19 artículos      26 chunks    0 forzados    0 sin fin de oración
ley_1012_2006                    3 artículos       5 chunks    0 forzados    0 sin fin de oración
ley_1013_2006                    5 artículos       6 chunks    0 forzados    1 sin fin de oración
ley_1014_2006                   24 artículos      29 chunks    0 forzados    0 sin fin de oración
ley_101_1993                   134 artículos     144 chunks    0 forzados    0 sin fin de oración
ley_1021_2006                   54 artículos      64 chunks    0 forzados    3 sin fin de oración
ley_1023_2006                    4 artículos       5 chunks    0 forzados    0 sin fin de oración
ley_1024_2006                    9 artículos      10 chunks    0 forzados    0 sin fin de oración
ley_1028_2006                    4 artículos       5 chunks    0 forzados    0 sin fin de oración
ley_1029_2006                    2 artículos       4 chunks    0 forzados    0 sin fin de oración
ley_1031_2006                    3 artículos       4 chunks    0 forzados    0 sin fin de oración
ley_1032_2006                    5 artículos       6 chunks    0 forzados    0 sin fin de oración
ley_1033_2006                   14 artículos      16 chunks    0 forzados    0 sin fin de oración
ley_1037_2006                   41 artículos      60 chunks    2 forzados    2 sin fin de oración
ley_104_1993                   150 artículos     159 chunks    0 forzados    1 sin fin de oración
ley_105_1993                    71 artículos      87 chunks    0 forzados    3 sin fin de oración
ley_1060_2006                   14 artículos      15 chunks    0 forzados    0 sin fin de oración
ley_1064_2006                    9 artículos      10 chunks    0 forzados    0 sin fin de oración
ley_1065_2006                    4 artículos       5 chunks    0 forzados    0 sin fin de oración
ley_1066_2006                   21 artículos      29 chunks    0 forzados    0 sin fin de oración
ley_106_1993                   151 artículos     155 chunks    0 forzados    4 sin fin de oración
ley_1081_2006                   13 artículos      15 chunks    0 forzados    0 sin fin de oración
ley_1082_2006                   50 artículos      83 chunks    0 forzados    6 sin fin de oración
ley_1083_2006                    9 artículos      13 chunks    0 forzados    0 sin fin de oración
ley_1085_2006                    7 artículos       8 chunks    0 forzados    1 sin fin de oración
ley_1086_2006                    5 artículos       6 chunks    0 forzados    0 sin fin de oración
ley_1087_2006                    2 artículos       4 chunks    0 forzados    0 sin fin de oración
ley_1093_2006                    2 artículos       3 chunks    0 forzados    0 sin fin de oración
ley_1094_2006                    4 artículos       5 chunks    0 forzados    0 sin fin de oración
ley_1095_2006                   10 artículos      11 chunks    0 forzados    0 sin fin de oración
ley_1099_2006                    4 artículos       5 chunks    0 forzados    0 sin fin de oración
ley_109_1994                    15 artículos      18 chunks    0 forzados    1 sin fin de oración
ley_10_1990                     52 artículos      69 chunks    0 forzados    1 sin fin de oración
ley_1101_2006                   21 artículos      27 chunks    0 forzados    2 sin fin de oración
ley_1105_2006                   23 artículos      28 chunks    0 forzados    0 sin fin de oración
ley_1106_2006                    7 artículos      10 chunks    0 forzados    0 sin fin de oración
ley_1107_2006                    3 artículos       4 chunks    0 forzados    0 sin fin de oración
ley_1110_2006                   82 artículos      83 chunks    0 forzados    3 sin fin de oración
ley_1111_2006                   78 artículos     103 chunks    2 forzados    7 sin fin de oración
ley_1114_2006                    6 artículos       8 chunks    0 forzados    0 sin fin de oración
ley_1115_2006                    9 artículos      11 chunks    0 forzados    0 sin fin de oración
ley_1116_2006                  126 artículos     166 chunks    0 forzados    0 sin fin de oración
ley_1117_2006                    4 artículos       5 chunks    0 forzados    0 sin fin de oración
ley_1118_2006                   11 artículos      12 chunks    0 forzados    1 sin fin de oración
ley_1119_2006                   12 artículos      22 chunks    0 forzados    0 sin fin de oración
ley_1121_2006                   29 artículos      33 chunks    0 forzados    0 sin fin de oración
ley_1122_2007                   46 artículos      69 chunks    0 forzados    0 sin fin de oración
ley_1123_2007                  112 artículos     119 chunks    0 forzados    1 sin fin de oración
ley_1133_2007                   11 artículos      13 chunks    0 forzados    0 sin fin de oración
ley_1136_2007                    2 artículos       3 chunks    0 forzados    0 sin fin de oración
ley_1142_2007                   56 artículos      63 chunks    2 forzados    0 sin fin de oración
ley_1143_2007                    3 artículos      40 chunks    0 forzados    1 sin fin de oración
ley_1145_2007                   19 artículos      26 chunks    0 forzados    0 sin fin de oración
ley_1147_2007                   16 artículos      22 chunks    0 forzados    2 sin fin de oración
ley_1148_2007                    8 artículos      10 chunks    0 forzados    0 sin fin de oración
ley_1149_2007                   17 artículos      20 chunks    0 forzados    0 sin fin de oración
ley_1150_2007                   33 artículos      62 chunks    0 forzados    2 sin fin de oración
ley_1151_2007                  160 artículos     299 chunks    0 forzados   16 sin fin de oración
ley_1152_2007                  178 artículos     235 chunks    0 forzados    1 sin fin de oración
ley_1153_2007                   60 artículos      66 chunks    0 forzados    1 sin fin de oración
ley_1155_2007                   15 artículos      16 chunks    0 forzados    1 sin fin de oración
ley_1156_2007                   24 artículos     102 chunks    0 forzados   38 sin fin de oración
ley_115_1994                   222 artículos     241 chunks    0 forzados    1 sin fin de oración
ley_1163_2007                    6 artículos      10 chunks    0 forzados    0 sin fin de oración
ley_1164_2007                   40 artículos      51 chunks    0 forzados    0 sin fin de oración
ley_1169_2007                   75 artículos      80 chunks    0 forzados    6 sin fin de oración
ley_1173_2007                    2 artículos       3 chunks    0 forzados    0 sin fin de oración
ley_1175_2007                    5 artículos       7 chunks    0 forzados    0 sin fin de oración
ley_1176_2007                   37 artículos      57 chunks    0 forzados    0 sin fin de oración
ley_1181_2007                    2 artículos       3 chunks    0 forzados    0 sin fin de oración
ley_1182_2008                   17 artículos      20 chunks    0 forzados    0 sin fin de oración
ley_1184_2008                   10 artículos      13 chunks    0 forzados    0 sin fin de oración
ley_1185_2008                   26 artículos      44 chunks    0 forzados    1 sin fin de oración
ley_1187_2008                    5 artículos       6 chunks    0 forzados    0 sin fin de oración
ley_1188_2008                    7 artículos      10 chunks    0 forzados    0 sin fin de oración
ley_1190_2008                   10 artículos      14 chunks    0 forzados    0 sin fin de oración
ley_1194_2008                    3 artículos       5 chunks    0 forzados    0 sin fin de oración
ley_119_1994                    51 artículos      55 chunks    0 forzados    0 sin fin de oración
ley_1200_2008                    2 artículos       3 chunks    0 forzados    0 sin fin de oración
ley_1202_2008                    2 artículos       3 chunks    0 forzados    0 sin fin de oración
ley_1207_2008                   46 artículos      71 chunks    0 forzados    4 sin fin de oración
ley_1209_2008                   19 artículos      21 chunks    0 forzados    0 sin fin de oración
ley_1210_2008                    6 artículos      10 chunks    0 forzados    0 sin fin de oración
ley_1212_2008                    9 artículos      13 chunks    0 forzados    0 sin fin de oración
ley_1213_2008                    3 artículos       4 chunks    0 forzados    0 sin fin de oración
ley_1215_2008                    2 artículos       3 chunks    0 forzados    1 sin fin de oración
ley_1220_2008                    9 artículos      10 chunks    0 forzados    0 sin fin de oración
ley_1221_2008                    9 artículos      15 chunks    0 forzados    0 sin fin de oración
ley_1223_2008                    2 artículos       5 chunks    0 forzados    0 sin fin de oración
ley_1224_2008                   38 artículos      40 chunks    0 forzados    1 sin fin de oración
ley_1228_2008                   12 artículos      16 chunks    0 forzados    0 sin fin de oración
ley_1229_2008                    7 artículos       9 chunks    0 forzados    0 sin fin de oración
ley_122_1994                    11 artículos      12 chunks    0 forzados    0 sin fin de oración
ley_1231_2008                   10 artículos      14 chunks    0 forzados    0 sin fin de oración
ley_1232_2008                   28 artículos      30 chunks    0 forzados    0 sin fin de oración
ley_1233_2008                   14 artículos      16 chunks    0 forzados    0 sin fin de oración
ley_1234_2008                    2 artículos       3 chunks    0 forzados    0 sin fin de oración
ley_1236_2008                   14 artículos      15 chunks    0 forzados    0 sin fin de oración
ley_123_1994                     3 artículos       4 chunks    0 forzados    1 sin fin de oración
ley_1242_2008                   89 artículos     104 chunks    0 forzados    1 sin fin de oración
ley_124_1994                     5 artículos       6 chunks    0 forzados    0 sin fin de oración
ley_1250_2008                    3 artículos       6 chunks    0 forzados    2 sin fin de oración
ley_1251_2008                   36 artículos      54 chunks    0 forzados    0 sin fin de oración
ley_1257_2008                   39 artículos      48 chunks    0 forzados    1 sin fin de oración
ley_1258_2008                   46 artículos      48 chunks    0 forzados    0 sin fin de oración
ley_1259_2008                   26 artículos      27 chunks    0 forzados    0 sin fin de oración
ley_1261_2008                   31 artículos      54 chunks    0 forzados   13 sin fin de oración
ley_1263_2008                    4 artículos       5 chunks    0 forzados    1 sin fin de oración
ley_1266_2008                   24 artículos      44 chunks    0 forzados    0 sin fin de oración
ley_1269_2008                    2 artículos       4 chunks    0 forzados    0 sin fin de oración
ley_1273_2009                    4 artículos       5 chunks    0 forzados    0 sin fin de oración
ley_1274_2009                   10 artículos      15 chunks    0 forzados    0 sin fin de oración
ley_1276_2009                   15 artículos      19 chunks    0 forzados    0 sin fin de oración
ley_1280_2009                    2 artículos       3 chunks    0 forzados    0 sin fin de oración
ley_1281_2009                    2 artículos       3 chunks    0 forzados    0 sin fin de oración
ley_1283_2009                    5 artículos       8 chunks    0 forzados    1 sin fin de oración
ley_1285_2009                   30 artículos      36 chunks    0 forzados    1 sin fin de oración
ley_1286_2009                   35 artículos      41 chunks    0 forzados    0 sin fin de oración
ley_1287_2009                    9 artículos      10 chunks    0 forzados    0 sin fin de oración
ley_128_1994                    30 artículos      35 chunks    0 forzados    0 sin fin de oración
ley_1294_2009                    2 artículos       3 chunks    0 forzados    0 sin fin de oración
ley_1295_2009                   18 artículos      19 chunks    0 forzados    0 sin fin de oración
ley_1296_2009                    2 artículos       3 chunks    0 forzados    0 sin fin de oración
ley_1297_2009                    3 artículos       5 chunks    0 forzados    0 sin fin de oración
ley_1305_2009                   11 artículos      17 chunks    0 forzados    0 sin fin de oración
ley_1306_2009                  120 artículos     128 chunks    0 forzados    0 sin fin de oración
ley_1309_2009                    7 artículos       8 chunks    0 forzados    0 sin fin de oración
ley_130_1994                    56 artículos      61 chunks    0 forzados    1 sin fin de oración
ley_1310_2009                   16 artículos      87 chunks    0 forzados    9 sin fin de oración
ley_1311_2009                    3 artículos       4 chunks    0 forzados    0 sin fin de oración
ley_1312_2009                    6 artículos      11 chunks    0 forzados    0 sin fin de oración
ley_1314_2009                   17 artículos      24 chunks    0 forzados    0 sin fin de oración
ley_1315_2009                   20 artículos      24 chunks    0 forzados    0 sin fin de oración
ley_1316_2009                    2 artículos       4 chunks    0 forzados    0 sin fin de oración
ley_1318_2009                    4 artículos       6 chunks    0 forzados    0 sin fin de oración
ley_131_1994                    16 artículos      17 chunks    0 forzados    1 sin fin de oración
ley_1321_2009                    4 artículos       5 chunks    0 forzados    1 sin fin de oración
ley_1322_2009                    7 artículos       8 chunks    0 forzados    0 sin fin de oración
ley_1324_2009                   15 artículos      21 chunks    0 forzados    0 sin fin de oración
ley_1325_2009                    5 artículos       6 chunks    0 forzados    1 sin fin de oración
ley_1326_2009                    2 artículos       3 chunks    0 forzados    0 sin fin de oración
ley_1328_2009                  103 artículos     138 chunks    0 forzados    0 sin fin de oración
ley_1329_2009                    5 artículos       6 chunks    0 forzados    0 sin fin de oración
ley_132_1994                    19 artículos      20 chunks    0 forzados    0 sin fin de oración
ley_1330_2009                    8 artículos      10 chunks    0 forzados    0 sin fin de oración
ley_1333_2009                   70 artículos      87 chunks    0 forzados    1 sin fin de oración
ley_1335_2009                   36 artículos      39 chunks    0 forzados    0 sin fin de oración
ley_1336_2009                   27 artículos      33 chunks    0 forzados    0 sin fin de oración
ley_133_1994                    19 artículos      23 chunks    0 forzados    0 sin fin de oración
ley_1340_2009                   34 artículos      39 chunks    0 forzados    0 sin fin de oración
ley_1341_2009                   74 artículos     149 chunks    0 forzados    2 sin fin de oración
ley_1344_2009                   29 artículos      47 chunks    0 forzados    2 sin fin de oración
ley_1346_2009                   50 artículos      70 chunks    0 forzados    4 sin fin de oración
ley_134_1994                   109 artículos     111 chunks    0 forzados    1 sin fin de oración
ley_1350_2009                   70 artículos      76 chunks    0 forzados    0 sin fin de oración
ley_1355_2009                   22 artículos      23 chunks    0 forzados    0 sin fin de oración
ley_1356_2009                   15 artículos      18 chunks    0 forzados    1 sin fin de oración
ley_1357_2009                    5 artículos       6 chunks    0 forzados    0 sin fin de oración
ley_1361_2009                   17 artículos      18 chunks    0 forzados    0 sin fin de oración
ley_1364_2009                    3 artículos       4 chunks    0 forzados    0 sin fin de oración
ley_1365_2009                   93 artículos      95 chunks    0 forzados    2 sin fin de oración
ley_1367_2009                    9 artículos      10 chunks    0 forzados    0 sin fin de oración
ley_1368_2009                    9 artículos      10 chunks    0 forzados    1 sin fin de oración
ley_1369_2009                   53 artículos      69 chunks    0 forzados    0 sin fin de oración
ley_136_1994                   203 artículos     244 chunks    0 forzados    2 sin fin de oración
ley_1374_2010                    7 artículos      10 chunks    0 forzados    0 sin fin de oración
ley_1376_2010                    4 artículos       5 chunks    0 forzados    0 sin fin de oración
ley_1379_2010                   46 artículos      53 chunks    0 forzados    0 sin fin de oración
ley_137_1994                    59 artículos      67 chunks    0 forzados    0 sin fin de oración
ley_1380_2010                   41 artículos      60 chunks    0 forzados    0 sin fin de oración
ley_1381_2010                   29 artículos      30 chunks    0 forzados    0 sin fin de oración
ley_1382_2010                   31 artículos      42 chunks    0 forzados    0 sin fin de oración
ley_1383_2010                   30 artículos      51 chunks    0 forzados    3 sin fin de oración
ley_1389_2010                    7 artículos       8 chunks    0 forzados    0 sin fin de oración
ley_138_1994                    19 artículos      24 chunks    0 forzados    0 sin fin de oración
ley_1392_2010                   16 artículos      17 chunks    0 forzados    0 sin fin de oración
ley_1393_2010                   41 artículos      52 chunks    0 forzados    0 sin fin de oración
ley_1394_2010                   15 artículos      16 chunks    0 forzados    0 sin fin de oración
ley_1395_2010                  122 artículos     143 chunks    0 forzados    1 sin fin de oración
ley_1397_2010                    6 artículos       9 chunks    0 forzados    0 sin fin de oración
ley_139_1994                    17 artículos      21 chunks    0 forzados    1 sin fin de oración
ley_1408_2010                   16 artículos      23 chunks    0 forzados    2 sin fin de oración
ley_1412_2010                   15 artículos      19 chunks    0 forzados    1 sin fin de oración
ley_1413_2010                    8 artículos       9 chunks    0 forzados    1 sin fin de oración
ley_1414_2010                   27 artículos      31 chunks    0 forzados    0 sin fin de oración
ley_1415_2010                    6 artículos       9 chunks    0 forzados    0 sin fin de oración
ley_1416_2010                    6 artículos       8 chunks    0 forzados    2 sin fin de oración
ley_1419_2010                   12 artículos      15 chunks    0 forzados    0 sin fin de oración
ley_141_1994                    70 artículos     100 chunks    0 forzados   17 sin fin de oración
ley_1420_2010                   94 artículos     102 chunks    4 forzados    5 sin fin de oración
ley_1421_2010                   25 artículos      33 chunks    0 forzados    0 sin fin de oración
ley_1424_2010                   11 artículos      15 chunks    0 forzados    0 sin fin de oración
ley_1425_2010                    2 artículos       3 chunks    0 forzados    0 sin fin de oración
ley_1426_2010                    5 artículos       6 chunks    0 forzados    0 sin fin de oración
ley_1428_2010                    2 artículos       3 chunks    0 forzados    0 sin fin de oración
ley_1429_2010                   65 artículos      83 chunks    0 forzados    0 sin fin de oración
ley_142_1994                   191 artículos     266 chunks    0 forzados    2 sin fin de oración
ley_1430_2010                   68 artículos      81 chunks    0 forzados    0 sin fin de oración
ley_1431_2011                    5 artículos       9 chunks    0 forzados    1 sin fin de oración
ley_1432_2011                    3 artículos       5 chunks    0 forzados    0 sin fin de oración
ley_1434_2011                   15 artículos      20 chunks    0 forzados    2 sin fin de oración
ley_1438_2011                  149 artículos     184 chunks    0 forzados    0 sin fin de oración
ley_143_1994                    97 artículos     116 chunks    0 forzados    1 sin fin de oración
ley_1443_2011                    3 artículos      71 chunks    0 forzados    2 sin fin de oración
ley_1444_2011                   22 artículos      24 chunks    0 forzados    1 sin fin de oración
ley_1445_2011                   18 artículos      26 chunks    0 forzados    0 sin fin de oración
ley_1446_2011                    3 artículos       4 chunks    0 forzados    0 sin fin de oración
ley_1447_2011                   15 artículos      17 chunks    0 forzados    0 sin fin de oración
ley_1448_2011                  217 artículos     316 chunks    0 forzados    2 sin fin de oración
ley_144_1994                    19 artículos      20 chunks    0 forzados    0 sin fin de oración
ley_1450_2011                  276 artículos     322 chunks    0 forzados    1 sin fin de oración
ley_1453_2011                  111 artículos     136 chunks    2 forzados    0 sin fin de oración
ley_1454_2011                   40 artículos      55 chunks    0 forzados    0 sin fin de oración
ley_1459_2011                   30 artículos      53 chunks    0 forzados    6 sin fin de oración
ley_1465_2011                   10 artículos      14 chunks    0 forzados    1 sin fin de oración
ley_1466_2011                    4 artículos       5 chunks    0 forzados    0 sin fin de oración
ley_1468_2011                    5 artículos       8 chunks    0 forzados    0 sin fin de oración
ley_1469_2011                   33 artículos      49 chunks    0 forzados    0 sin fin de oración
ley_1471_2011                    6 artículos       9 chunks    0 forzados    0 sin fin de oración
ley_1473_2011                   17 artículos      26 chunks    0 forzados    0 sin fin de oración
ley_1474_2011                  142 artículos     172 chunks    0 forzados    0 sin fin de oración
ley_1475_2011                   55 artículos      71 chunks    0 forzados    1 sin fin de oración
ley_1481_2011                    2 artículos       3 chunks    0 forzados    0 sin fin de oración
ley_1482_2011                    8 artículos       9 chunks    0 forzados    0 sin fin de oración
ley_1483_2011                    2 artículos       4 chunks    0 forzados    0 sin fin de oración
ley_1485_2011                   91 artículos      99 chunks    4 forzados    5 sin fin de oración
ley_1493_2011                   39 artículos      47 chunks    0 forzados    0 sin fin de oración
ley_1496_2011                   10 artículos      12 chunks    0 forzados    0 sin fin de oración
ley_1502_2011                   10 artículos      11 chunks    0 forzados    0 sin fin de oración
ley_1503_2011                   26 artículos      30 chunks    0 forzados    0 sin fin de oración
ley_1504_2011                    2 artículos       5 chunks    0 forzados    0 sin fin de oración
ley_1507_2012                   23 artículos      33 chunks    0 forzados    0 sin fin de oración
ley_1508_2012                   39 artículos      54 chunks    0 forzados    0 sin fin de oración
ley_1509_2012                    4 artículos       6 chunks    0 forzados    0 sin fin de oración
ley_1523_2012                   96 artículos     122 chunks    0 forzados    0 sin fin de oración
ley_1527_2012                   23 artículos      30 chunks    0 forzados    0 sin fin de oración
ley_152_1994                    52 artículos      60 chunks    0 forzados    0 sin fin de oración
ley_1530_2012                  160 artículos     191 chunks    0 forzados    0 sin fin de oración
ley_1532_2012                   19 artículos      22 chunks    0 forzados    0 sin fin de oración
ley_1536_2012-2                  7 artículos       8 chunks    0 forzados    0 sin fin de oración
ley_1537_2012                   66 artículos      85 chunks    2 forzados    0 sin fin de oración
ley_1539_2012                    6 artículos      10 chunks    0 forzados    0 sin fin de oración
ley_1546_2012                    3 artículos       5 chunks    0 forzados    0 sin fin de oración
ley_1547_2012                    4 artículos       5 chunks    0 forzados    0 sin fin de oración
ley_1548_2012                    2 artículos       4 chunks    0 forzados    0 sin fin de oración
ley_1549_2012                   10 artículos      11 chunks    0 forzados    0 sin fin de oración
ley_1551_2012                   51 artículos      78 chunks    0 forzados    1 sin fin de oración
ley_1554_2012                   12 artículos      15 chunks    0 forzados    0 sin fin de oración
ley_1555_2012                    6 artículos       7 chunks    0 forzados    0 sin fin de oración
ley_1556_2012                   18 artículos      21 chunks    0 forzados    1 sin fin de oración
ley_1557_2012                    2 artículos       3 chunks    0 forzados    0 sin fin de oración
ley_1558_2012                   39 artículos      46 chunks    0 forzados    0 sin fin de oración
ley_1561_2012                   27 artículos      35 chunks    0 forzados    0 sin fin de oración
ley_1562_2012                   33 artículos      53 chunks    0 forzados    1 sin fin de oración
ley_1563_2012                  119 artículos     134 chunks    0 forzados    3 sin fin de oración
ley_1565_2012                   12 artículos      18 chunks    0 forzados    0 sin fin de oración
ley_1566_2012                   12 artículos      14 chunks    0 forzados    0 sin fin de oración
ley_1573_2012                   17 artículos      21 chunks    0 forzados    2 sin fin de oración
ley_1575_2012                   53 artículos      56 chunks    0 forzados    1 sin fin de oración
ley_1579_2012                  103 artículos     109 chunks    0 forzados    0 sin fin de oración
ley_1580_2012                    7 artículos      13 chunks    0 forzados    0 sin fin de oración
ley_1581_2012                   34 artículos     392 chunks    0 forzados   54 sin fin de oración
ley_1587_2012                   16 artículos      23 chunks    2 forzados    5 sin fin de oración
ley_1592_2012                   58 artículos      77 chunks    0 forzados    0 sin fin de oración
ley_1593_2012                   96 artículos     108 chunks    6 forzados    8 sin fin de oración
ley_1607_2012                   24 artículos      52 chunks    4 forzados    3 sin fin de oración
ley_1608_2013                   13 artículos      22 chunks    0 forzados    0 sin fin de oración
ley_1609_2013                    7 artículos      10 chunks    0 forzados    0 sin fin de oración
ley_160_1994                   115 artículos     155 chunks    0 forzados    1 sin fin de oración
ley_1610_2013                   19 artículos      21 chunks    0 forzados    0 sin fin de oración
ley_1615_2013                   18 artículos      22 chunks    0 forzados    1 sin fin de oración
ley_1617_2013                  138 artículos     151 chunks    0 forzados    0 sin fin de oración
ley_1618_2013                   32 artículos      63 chunks    0 forzados    0 sin fin de oración
ley_161_1994                    22 artículos      28 chunks    0 forzados    1 sin fin de oración
ley_1621_2013                   46 artículos      58 chunks    0 forzados    1 sin fin de oración
ley_1622_2013                   83 artículos     122 chunks    0 forzados    2 sin fin de oración
ley_1624_2013                    2 artículos       3 chunks    0 forzados    0 sin fin de oración
ley_1625_2013                   42 artículos      55 chunks    0 forzados    0 sin fin de oración
ley_1630_2013                    6 artículos       7 chunks    0 forzados    0 sin fin de oración
ley_1635_2013                    2 artículos       3 chunks    0 forzados    0 sin fin de oración
ley_1636_2013                   50 artículos      57 chunks    0 forzados    0 sin fin de oración
ley_1639_2013                    6 artículos       7 chunks    0 forzados    0 sin fin de oración
ley_1640_2013                   16 artículos      18 chunks    0 forzados    6 sin fin de oración
ley_1641_2013                   14 artículos      15 chunks    0 forzados    1 sin fin de oración
ley_1642_2013                    3 artículos       4 chunks    0 forzados    0 sin fin de oración
ley_164_1994                    26 artículos      52 chunks    0 forzados    6 sin fin de oración
ley_1650_2013                    4 artículos       5 chunks    0 forzados    0 sin fin de oración
ley_1651_2013                    9 artículos      10 chunks    0 forzados    0 sin fin de oración
ley_1652_2013                    4 artículos       6 chunks    0 forzados    0 sin fin de oración
ley_1653_2013                   14 artículos      19 chunks    0 forzados    0 sin fin de oración
ley_1654_2013                    3 artículos       5 chunks    0 forzados    0 sin fin de oración
ley_1655_2013                    2 artículos       3 chunks    0 forzados    0 sin fin de oración
ley_1659_2013                   17 artículos      21 chunks    0 forzados    0 sin fin de oración
ley_165_1994                    42 artículos      57 chunks    0 forzados    3 sin fin de oración
ley_1665_2013                    4 artículos      54 chunks    0 forzados    6 sin fin de oración
ley_166_1994                     4 artículos       5 chunks    0 forzados    1 sin fin de oración
ley_1672_2013                   24 artículos      33 chunks    0 forzados    0 sin fin de oración
ley_1673_2013                   39 artículos      45 chunks    0 forzados    0 sin fin de oración
ley_1675_2013                   23 artículos      27 chunks    0 forzados    0 sin fin de oración
ley_1676_2013                   91 artículos     110 chunks    0 forzados    1 sin fin de oración
ley_1679_2013                    5 artículos       6 chunks    0 forzados    0 sin fin de oración
ley_1680_2013                   15 artículos      16 chunks    0 forzados    0 sin fin de oración
ley_1681_2013                    3 artículos       4 chunks    0 forzados    0 sin fin de oración
ley_1682_2013                   73 artículos     109 chunks    0 forzados    1 sin fin de oración
ley_1687_2013                  112 artículos     125 chunks    0 forzados    6 sin fin de oración
ley_1692_2013                   30 artículos      69 chunks    0 forzados    3 sin fin de oración
ley_1694_2013-2                  4 artículos       5 chunks    0 forzados    0 sin fin de oración
ley_1696_2013                   10 artículos      14 chunks    0 forzados    0 sin fin de oración
ley_1697_2013                   14 artículos      15 chunks    0 forzados    0 sin fin de oración
ley_1698_2013                   17 artículos      19 chunks    0 forzados    0 sin fin de oración
ley_1699_2013                   17 artículos      21 chunks    0 forzados    0 sin fin de oración
ley_1700_2013                   13 artículos      15 chunks    0 forzados    0 sin fin de oración
ley_1702_2013                   24 artículos      42 chunks    0 forzados    2 sin fin de oración
ley_1708_2014                  227 artículos     267 chunks    0 forzados    3 sin fin de oración
ley_1709_2014                  114 artículos     137 chunks    0 forzados    0 sin fin de oración
ley_170_1994                   209 artículos     801 chunks   39 forzados  162 sin fin de oración
ley_1712_2014                   37 artículos     114 chunks    3 forzados    2 sin fin de oración
ley_1715_2014                   51 artículos      74 chunks    0 forzados    0 sin fin de oración
ley_1718_2014                    3 artículos       4 chunks    0 forzados    0 sin fin de oración
ley_1719_2014                   35 artículos      49 chunks    0 forzados    0 sin fin de oración
ley_1727_2014                   35 artículos      39 chunks    0 forzados    0 sin fin de oración
ley_1728_2014                    3 artículos       5 chunks    0 forzados    0 sin fin de oración
ley_1730_2014                    2 artículos       6 chunks    0 forzados    0 sin fin de oración
ley_1731_2014                   25 artículos      37 chunks    0 forzados    0 sin fin de oración
ley_1732_2014                    8 artículos       9 chunks    0 forzados    0 sin fin de oración
ley_1733_2014                   11 artículos      14 chunks    0 forzados    0 sin fin de oración
ley_1735_2014                   15 artículos      18 chunks    0 forzados    0 sin fin de oración
ley_1737_2014                  125 artículos     140 chunks    5 forzados    6 sin fin de oración
ley_1738_2014                    8 artículos      10 chunks    0 forzados    0 sin fin de oración
ley_1739_2014                   77 artículos     115 chunks    0 forzados    5 sin fin de oración
ley_173_1994                    45 artículos      48 chunks    0 forzados    2 sin fin de oración
ley_1740_2014                   26 artículos      36 chunks    0 forzados    0 sin fin de oración
ley_1742_2014                   12 artículos      16 chunks    0 forzados    0 sin fin de oración
ley_1743_2014                   25 artículos      30 chunks    0 forzados    0 sin fin de oración
ley_1744_2014                   43 artículos      65 chunks   10 forzados   19 sin fin de oración
ley_1748_2014                    3 artículos       5 chunks    0 forzados    0 sin fin de oración
ley_174_1994                    17 artículos      20 chunks    0 forzados    0 sin fin de oración
ley_1751_2015                   26 artículos      34 chunks    0 forzados    0 sin fin de oración
ley_1752_2015                    6 artículos       7 chunks    0 forzados    0 sin fin de oración
ley_1753_2015                  269 artículos     381 chunks    2 forzados    2 sin fin de oración
ley_1755_2015                    2 artículos       3 chunks    0 forzados    0 sin fin de oración
ley_1757_2015                  113 artículos     123 chunks    0 forzados    0 sin fin de oración
ley_1760_2015                    5 artículos       7 chunks    0 forzados    0 sin fin de oración
ley_1761_2015                   13 artículos      15 chunks    0 forzados    0 sin fin de oración
ley_1762_2015                   56 artículos      77 chunks    0 forzados    0 sin fin de oración
ley_1769_2015                  123 artículos     135 chunks    0 forzados    2 sin fin de oración
ley_1771_2015                    4 artículos       5 chunks    0 forzados    0 sin fin de oración
ley_1773_2016                    8 artículos      11 chunks    0 forzados    0 sin fin de oración
ley_1774_2016                   14 artículos      15 chunks    0 forzados    1 sin fin de oración
ley_1776_2016                   32 artículos      42 chunks    0 forzados    0 sin fin de oración
ley_1778_2016                   37 artículos      43 chunks    0 forzados    0 sin fin de oración
ley_1779_2016                    2 artículos       7 chunks    0 forzados    0 sin fin de oración
ley_177_1994                     5 artículos       7 chunks    0 forzados    1 sin fin de oración
ley_1780_2016                   28 artículos      29 chunks    0 forzados    0 sin fin de oración
ley_1781_2016                    4 artículos       5 chunks    0 forzados    0 sin fin de oración
ley_1786_2016                    6 artículos       9 chunks    0 forzados    0 sin fin de oración
ley_1787_2016                   19 artículos      24 chunks    0 forzados    0 sin fin de oración
ley_1788_2016                    5 artículos       6 chunks    0 forzados    0 sin fin de oración
ley_178_1994                    45 artículos      70 chunks    0 forzados    2 sin fin de oración
ley_1796_2016                   36 artículos      45 chunks    0 forzados    0 sin fin de oración
ley_1797_2016                   28 artículos      37 chunks    0 forzados    0 sin fin de oración
ley_179_1994                    70 artículos      80 chunks    0 forzados    1 sin fin de oración
ley_17_1971                     79 artículos      89 chunks    0 forzados    2 sin fin de oración
ley_1804_2016                   28 artículos      37 chunks    0 forzados    0 sin fin de oración
ley_1805_2016                   22 artículos      24 chunks    0 forzados    0 sin fin de oración
ley_1807_2016                   13 artículos      16 chunks    0 forzados    0 sin fin de oración
ley_180_1995                     9 artículos      11 chunks    0 forzados    0 sin fin de oración
ley_1811_2016                   19 artículos      21 chunks    0 forzados    0 sin fin de oración
ley_1813_2016                    4 artículos       6 chunks    0 forzados    0 sin fin de oración
ley_1815_2016                  134 artículos     153 chunks    5 forzados    8 sin fin de oración
ley_1816_2016                   42 artículos      52 chunks    0 forzados    0 sin fin de oración
ley_1819_2016                  253 artículos     398 chunks    0 forzados    5 sin fin de oración
ley_181_1995                    92 artículos     103 chunks    0 forzados    0 sin fin de oración
ley_1820_2016                   61 artículos      82 chunks    0 forzados    1 sin fin de oración
ley_1821_2016                    4 artículos       5 chunks    0 forzados    0 sin fin de oración
ley_1822_2017                    3 artículos       7 chunks    0 forzados    0 sin fin de oración
ley_1826_2017                   44 artículos      54 chunks    2 forzados    0 sin fin de oración
ley_1828_2017                   73 artículos      79 chunks    0 forzados    0 sin fin de oración
ley_182_1995                    65 artículos      97 chunks    0 forzados    0 sin fin de oración
ley_1830_2017                    2 artículos       3 chunks    0 forzados    0 sin fin de oración
ley_1831_2017                    9 artículos      12 chunks    0 forzados    0 sin fin de oración
ley_1833_2017                   12 artículos      14 chunks    0 forzados    0 sin fin de oración
ley_1834_2017                   15 artículos      18 chunks    0 forzados    0 sin fin de oración
ley_1837_2017                   40 artículos      41 chunks    0 forzados    4 sin fin de oración
ley_1843_2017                   15 artículos      18 chunks    0 forzados    1 sin fin de oración
ley_1844_2017                   29 artículos      76 chunks    0 forzados    5 sin fin de oración
ley_1846_2017                    4 artículos       5 chunks    0 forzados    0 sin fin de oración
ley_1848_2017                   11 artículos      12 chunks    0 forzados    0 sin fin de oración
ley_1849_2017                   58 artículos      68 chunks    0 forzados    0 sin fin de oración
ley_1850_2017                   18 artículos      21 chunks    0 forzados    0 sin fin de oración
ley_1851_2017                   14 artículos      17 chunks    0 forzados    0 sin fin de oración
ley_1857_2017                    8 artículos       9 chunks    0 forzados    0 sin fin de oración
ley_185_1995                    26 artículos      27 chunks    0 forzados    1 sin fin de oración
ley_1861_2017                   82 artículos     101 chunks    0 forzados    0 sin fin de oración
ley_1864_2017                   21 artículos      22 chunks    0 forzados    0 sin fin de oración
ley_186_1995                     8 artículos      10 chunks    0 forzados    3 sin fin de oración
ley_1870_2017                   12 artículos      17 chunks    0 forzados    1 sin fin de oración
ley_1871_2017                   10 artículos      11 chunks    0 forzados    0 sin fin de oración
ley_1872_2017                   11 artículos      16 chunks    0 forzados    0 sin fin de oración
ley_1874_2017                    8 artículos      10 chunks    0 forzados    0 sin fin de oración
ley_1876_2017                   47 artículos      64 chunks    0 forzados    0 sin fin de oración
ley_1878_2018                   13 artículos      25 chunks    0 forzados    1 sin fin de oración
ley_1879_2018                   25 artículos     141 chunks    2 forzados   22 sin fin de oración
ley_1881_2018                   24 artículos      25 chunks    0 forzados    0 sin fin de oración
ley_1882_2018                   21 artículos      31 chunks    0 forzados    1 sin fin de oración
ley_1885_2018                   24 artículos      42 chunks    0 forzados    1 sin fin de oración
ley_1886_2018                    2 artículos       3 chunks    0 forzados    0 sin fin de oración
ley_188_1995                    47 artículos     116 chunks    9 forzados   35 sin fin de oración
ley_1893_2018                    2 artículos       4 chunks    0 forzados    0 sin fin de oración
ley_1896_2018                    7 artículos       8 chunks    0 forzados    0 sin fin de oración
ley_1900_2018                   10 artículos      13 chunks    0 forzados    0 sin fin de oración
ley_1902_2018                   15 artículos      18 chunks    0 forzados    0 sin fin de oración
ley_1904_2018                   13 artículos      17 chunks    0 forzados    1 sin fin de oración
ley_1908_2018                   61 artículos      73 chunks    0 forzados    0 sin fin de oración
ley_1909_2018                   32 artículos      38 chunks    0 forzados    0 sin fin de oración
ley_190_1995                    32 artículos      34 chunks    0 forzados    2 sin fin de oración
ley_1911_2018                   48 artículos      58 chunks    0 forzados    1 sin fin de oración
ley_1915_2018                   37 artículos      46 chunks    0 forzados    1 sin fin de oración
ley_1916_2018                   15 artículos      21 chunks    0 forzados    0 sin fin de oración
ley_1917_2018                   16 artículos      19 chunks    0 forzados    0 sin fin de oración
ley_1918_2018                    6 artículos       9 chunks    0 forzados    0 sin fin de oración
ley_191_1995                    57 artículos      62 chunks    0 forzados    1 sin fin de oración
ley_1920_2018                   12 artículos      14 chunks    0 forzados    0 sin fin de oración
ley_1921_2018                    3 artículos       4 chunks    0 forzados    0 sin fin de oración
ley_1923_2018                   10 artículos      11 chunks    0 forzados    0 sin fin de oración
ley_1924_2018                    3 artículos       4 chunks    0 forzados    0 sin fin de oración
ley_1929_2018                    8 artículos      10 chunks    0 forzados    0 sin fin de oración
ley_192_1995                     2 artículos       3 chunks    0 forzados    0 sin fin de oración
ley_1930_2018                   33 artículos      40 chunks    0 forzados    0 sin fin de oración
ley_1931_2018                   36 artículos      48 chunks    0 forzados    0 sin fin de oración
ley_1934_2018                   22 artículos      23 chunks    0 forzados    0 sin fin de oración
ley_1935_2018                    8 artículos      12 chunks    0 forzados    0 sin fin de oración
ley_1938_2018                    4 artículos       5 chunks    0 forzados    0 sin fin de oración
ley_1940_2018                  152 artículos     168 chunks    6 forzados    5 sin fin de oración
ley_1941_2018                    9 artículos      20 chunks    0 forzados    2 sin fin de oración
ley_1942_2018                   66 artículos      75 chunks    0 forzados    0 sin fin de oración
ley_1943_2018                  122 artículos     224 chunks    0 forzados    0 sin fin de oración
ley_1944_2018                    7 artículos       9 chunks    2 forzados    0 sin fin de oración
ley_1946_2019                   12 artículos      16 chunks    0 forzados    1 sin fin de oración
ley_1948_2019                   13 artículos      16 chunks    0 forzados    1 sin fin de oración
ley_1949_2019                   12 artículos      24 chunks    0 forzados    1 sin fin de oración
ley_194_1995                    83 artículos     101 chunks    0 forzados    5 sin fin de oración
ley_1951_2019                    5 artículos       8 chunks    0 forzados    0 sin fin de oración
ley_1955_2019                  337 artículos     536 chunks    4 forzados    4 sin fin de oración
ley_1957_2019                  159 artículos     238 chunks    0 forzados    1 sin fin de oración
ley_1959_2019                    8 artículos      13 chunks    0 forzados    0 sin fin de oración
ley_1960_2019                    7 artículos      10 chunks    0 forzados    0 sin fin de oración
ley_1962_2019                   18 artículos      27 chunks    0 forzados    1 sin fin de oración
ley_1964_2019                   12 artículos      14 chunks    0 forzados    0 sin fin de oración
ley_1967_2019                   18 artículos      24 chunks    0 forzados    1 sin fin de oración
ley_1969_2019                   15 artículos      17 chunks    0 forzados    0 sin fin de oración
ley_1971_2019                   14 artículos      16 chunks    0 forzados    0 sin fin de oración
ley_1973_2019                    9 artículos      10 chunks    0 forzados    0 sin fin de oración
ley_1975_2019                   19 artículos      21 chunks    0 forzados    0 sin fin de oración
ley_1977_2019                    5 artículos       7 chunks    0 forzados    0 sin fin de oración
ley_1978_2019                   65 artículos     101 chunks    0 forzados    1 sin fin de oración
ley_1979_2019                   34 artículos      40 chunks    0 forzados    0 sin fin de oración
ley_1981_2019                    4 artículos       5 chunks    0 forzados    0 sin fin de oración
ley_1982_2019                    8 artículos       9 chunks    0 forzados    0 sin fin de oración
ley_1985_2019                   21 artículos      23 chunks    0 forzados    0 sin fin de oración
ley_1988_2019                    9 artículos      10 chunks    0 forzados    0 sin fin de oración
ley_1989_2019                    8 artículos      10 chunks    0 forzados    0 sin fin de oración
ley_1990_2019                   19 artículos      25 chunks    0 forzados    0 sin fin de oración
ley_1993_2019                    3 artículos       4 chunks    0 forzados    0 sin fin de oración
ley_1995_2019                    7 artículos       8 chunks    0 forzados    0 sin fin de oración
ley_1996_2019                   63 artículos      74 chunks    0 forzados    0 sin fin de oración
ley_1997_2019                    3 artículos       4 chunks    0 forzados    0 sin fin de oración
ley_1999_2019                    7 artículos       8 chunks    0 forzados    0 sin fin de oración
ley_199_1995                    24 artículos      36 chunks    0 forzados    1 sin fin de oración
ley_1_1992                      48 artículos      51 chunks    0 forzados    0 sin fin de oración
ley_2000_2019                    7 artículos       9 chunks    0 forzados    0 sin fin de oración
ley_2003_2019                    5 artículos       9 chunks    0 forzados    1 sin fin de oración
ley_2005_2019                   24 artículos      26 chunks    0 forzados    0 sin fin de oración
ley_2008_2019                  155 artículos     161 chunks    0 forzados    1 sin fin de oración
ley_200_1995                   178 artículos     186 chunks    0 forzados    2 sin fin de oración
ley_2010_2019                  160 artículos     272 chunks    0 forzados    2 sin fin de oración
ley_2013_2019                    6 artículos       9 chunks    0 forzados    1 sin fin de oración
ley_2014_2019                   12 artículos      17 chunks    0 forzados    0 sin fin de oración
ley_2015_2020                   16 artículos      18 chunks    0 forzados    0 sin fin de oración
ley_2019_2020                    2 artículos       3 chunks    0 forzados    0 sin fin de oración
ley_201_1995                   203 artículos     204 chunks    0 forzados    2 sin fin de oración
ley_2020_2020                   16 artículos      19 chunks    0 forzados    0 sin fin de oración
ley_2022_2020                    3 artículos       5 chunks    0 forzados    0 sin fin de oración
ley_2027_2020                    4 artículos       7 chunks    0 forzados    0 sin fin de oración
ley_202_1995                     3 artículos       4 chunks    0 forzados    0 sin fin de oración
ley_2030_2020                    5 artículos       6 chunks    0 forzados    1 sin fin de oración
ley_2036_2020                    3 artículos       5 chunks    0 forzados    0 sin fin de oración
ley_2037_2020                    6 artículos       7 chunks    0 forzados    0 sin fin de oración
ley_2039_2020                    5 artículos      10 chunks    0 forzados    0 sin fin de oración
ley_2040_2020                   12 artículos      15 chunks    0 forzados    1 sin fin de oración
ley_2042_2020                    6 artículos       8 chunks    0 forzados    1 sin fin de oración
ley_2043_2020                    8 artículos       9 chunks    0 forzados    0 sin fin de oración
ley_2044_2020                   33 artículos      41 chunks    0 forzados    0 sin fin de oración
ley_2046_2020                   14 artículos      19 chunks    0 forzados    0 sin fin de oración
ley_2048_2020                    2 artículos       3 chunks    0 forzados    0 sin fin de oración
ley_2050_2020                   24 artículos      25 chunks    0 forzados    2 sin fin de oración
ley_2051_2020                    7 artículos       8 chunks    0 forzados    0 sin fin de oración
ley_2052_2020                   31 artículos      34 chunks    0 forzados    1 sin fin de oración
ley_2054_2020                   11 artículos      12 chunks    0 forzados    1 sin fin de oración
ley_2056_2020                  211 artículos     285 chunks    0 forzados    1 sin fin de oración
ley_2060_2020                   15 artículos      16 chunks    0 forzados    1 sin fin de oración
ley_2064_2020                    0 artículos       8 chunks    0 forzados    2 sin fin de oración
ley_2065_2020                    3 artículos       4 chunks    0 forzados    1 sin fin de oración
ley_2068_2020                   56 artículos      80 chunks    0 forzados    2 sin fin de oración
ley_2069_2020                   86 artículos     117 chunks    0 forzados    6 sin fin de oración
ley_2070_2020                   19 artículos      28 chunks    2 forzados    3 sin fin de oración
ley_2071_2020                   15 artículos      17 chunks    0 forzados    2 sin fin de oración
ley_2072_2020                   24 artículos      28 chunks    0 forzados    2 sin fin de oración
ley_2073_2020                    5 artículos       6 chunks    0 forzados    1 sin fin de oración
ley_2077_2021                    9 artículos      10 chunks    0 forzados    0 sin fin de oración
ley_2078_2021                    6 artículos       7 chunks    0 forzados    0 sin fin de oración
ley_2079_2021                   59 artículos      84 chunks    0 forzados    0 sin fin de oración
ley_2080_2021                   88 artículos     118 chunks    0 forzados    0 sin fin de oración
ley_2082_2021                   17 artículos      21 chunks    0 forzados    0 sin fin de oración
ley_2083_2021                    2 artículos       3 chunks    0 forzados    0 sin fin de oración
ley_2084_2021                   22 artículos      25 chunks    0 forzados    0 sin fin de oración
ley_2085_2021                    8 artículos       9 chunks    0 forzados    1 sin fin de oración
ley_2086_2021                    7 artículos       9 chunks    0 forzados    0 sin fin de oración
ley_2088_2021                   16 artículos      17 chunks    0 forzados    2 sin fin de oración
ley_2089_2021                    7 artículos       9 chunks    0 forzados    0 sin fin de oración
ley_2093_2021                    4 artículos       7 chunks    0 forzados    0 sin fin de oración
ley_2094_2021                   76 artículos      88 chunks    0 forzados    3 sin fin de oración
ley_2098_2021                   26 artículos      32 chunks    0 forzados    0 sin fin de oración
ley_2099_2021                   68 artículos      81 chunks    0 forzados    2 sin fin de oración
ley_209_1995                    18 artículos      21 chunks    0 forzados    1 sin fin de oración
ley_20_1979                     36 artículos      39 chunks    0 forzados    1 sin fin de oración
ley_2101_2021                    8 artículos      10 chunks    0 forzados    0 sin fin de oración
ley_2102_2021                    6 artículos       7 chunks    0 forzados    0 sin fin de oración
ley_2108_2021                   13 artículos      15 chunks    0 forzados    1 sin fin de oración
ley_2111_2021                   12 artículos      18 chunks    0 forzados    3 sin fin de oración
ley_2112_2021                    6 artículos       8 chunks    0 forzados    0 sin fin de oración
ley_2113_2021                   20 artículos      31 chunks    0 forzados    0 sin fin de oración
ley_2114_2021                    6 artículos      16 chunks    0 forzados    0 sin fin de oración
ley_2115_2021                    8 artículos      10 chunks    0 forzados    0 sin fin de oración
ley_2116_2021                   18 artículos      23 chunks    0 forzados    0 sin fin de oración
ley_2117_2021                    8 artículos      12 chunks    0 forzados    1 sin fin de oración
ley_2118_2021                    2 artículos       3 chunks    0 forzados    0 sin fin de oración
ley_2119_2021                    9 artículos      12 chunks    0 forzados    0 sin fin de oración
ley_2125_2021                   24 artículos      28 chunks    0 forzados    0 sin fin de oración
ley_2126_2021                   48 artículos      69 chunks    0 forzados    1 sin fin de oración
ley_2128_2021                   23 artículos      27 chunks    0 forzados    0 sin fin de oración
ley_2129_2021                    4 artículos       5 chunks    0 forzados    0 sin fin de oración
ley_2130_2021                    5 artículos       6 chunks    0 forzados    1 sin fin de oración
ley_2133_2021                   33 artículos      36 chunks    0 forzados    0 sin fin de oración
ley_2135_2021                   31 artículos      39 chunks    0 forzados    0 sin fin de oración
ley_2136_2021                   91 artículos     122 chunks    0 forzados    0 sin fin de oración
ley_2140_2021                    6 artículos       7 chunks    0 forzados    0 sin fin de oración
ley_2141_2021                    3 artículos       5 chunks    0 forzados    0 sin fin de oración
ley_2148_2021                    4 artículos       7 chunks    0 forzados    0 sin fin de oración
ley_2152_2021-2                  4 artículos       5 chunks    0 forzados    0 sin fin de oración
ley_2154_2021                   10 artículos      15 chunks    0 forzados    2 sin fin de oración
ley_2155_2021                   65 artículos     129 chunks    0 forzados    3 sin fin de oración
ley_2157_2021                   16 artículos      21 chunks    0 forzados    0 sin fin de oración
ley_2158_2021                   14 artículos      22 chunks    0 forzados    0 sin fin de oración
ley_2159_2021                  139 artículos     151 chunks    0 forzados    0 sin fin de oración
ley_2160_2021                    7 artículos      11 chunks    0 forzados    1 sin fin de oración
ley_2161_2021                   14 artículos      16 chunks    0 forzados    0 sin fin de oración
ley_2162_2021                   22 artículos      26 chunks    0 forzados    1 sin fin de oración
ley_2165_2021                   10 artículos      13 chunks    0 forzados    0 sin fin de oración
ley_2166_2021                  109 artículos     135 chunks    0 forzados    1 sin fin de oración
ley_2167_2021                    5 artículos       7 chunks    0 forzados    1 sin fin de oración
ley_2169_2021                   38 artículos      69 chunks    0 forzados    3 sin fin de oración
ley_2172_2021                    5 artículos      10 chunks    0 forzados    2 sin fin de oración
ley_2174_2021                    8 artículos      10 chunks    0 forzados    0 sin fin de oración
ley_2176_2021                    8 artículos      11 chunks    0 forzados    1 sin fin de oración
ley_2178_2021                   12 artículos      16 chunks    0 forzados    0 sin fin de oración
ley_2182_2022                    3 artículos       4 chunks    0 forzados    0 sin fin de oración
ley_2183_2022                   28 artículos      32 chunks    0 forzados    0 sin fin de oración
ley_2186_2022                    6 artículos       7 chunks    0 forzados    0 sin fin de oración
ley_2187_2022                    6 artículos       7 chunks    0 forzados    0 sin fin de oración
ley_2189_2022                    7 artículos       8 chunks    0 forzados    1 sin fin de oración
ley_218_1995                    15 artículos      20 chunks    0 forzados    0 sin fin de oración
ley_2195_2022                   70 artículos      88 chunks    0 forzados    1 sin fin de oración
ley_2197_2022                   69 artículos     119 chunks    3 forzados    2 sin fin de oración
ley_2198_2022                   11 artículos      12 chunks    0 forzados    0 sin fin de oración
ley_2199_2022                   59 artículos      80 chunks    0 forzados    0 sin fin de oración
ley_2200_2022                  154 artículos     194 chunks    0 forzados    1 sin fin de oración
ley_2203_2022                    4 artículos       6 chunks    0 forzados    1 sin fin de oración
ley_2205_2022                    7 artículos      10 chunks    0 forzados    0 sin fin de oración
ley_2207_2022                    4 artículos       5 chunks    0 forzados    0 sin fin de oración
ley_2208_2022                   13 artículos      18 chunks    0 forzados    1 sin fin de oración
ley_2209_2022                    2 artículos       3 chunks    0 forzados    0 sin fin de oración
ley_2213_2022                   15 artículos      21 chunks    0 forzados    1 sin fin de oración
ley_2215_2022                   16 artículos      19 chunks    0 forzados    1 sin fin de oración
ley_2219_2022                   18 artículos      21 chunks    0 forzados    0 sin fin de oración
ley_2220_2022                  146 artículos     177 chunks    0 forzados    1 sin fin de oración
ley_2221_2022                   16 artículos      17 chunks    0 forzados    1 sin fin de oración
ley_2222_2022                    7 artículos       9 chunks    0 forzados    0 sin fin de oración
ley_2224_2022                   11 artículos      15 chunks    0 forzados    1 sin fin de oración
ley_2225_2022                   20 artículos      24 chunks    0 forzados    1 sin fin de oración
ley_2229_2022                    3 artículos       4 chunks    0 forzados    0 sin fin de oración
ley_222_1995                    10 artículos      16 chunks    0 forzados    1 sin fin de oración
ley_2232_2022                   35 artículos      53 chunks    0 forzados    0 sin fin de oración
ley_2234_2022                   15 artículos      20 chunks    0 forzados    0 sin fin de oración
ley_2238_2022                    3 artículos       4 chunks    0 forzados    1 sin fin de oración
ley_223_1995                   285 artículos     335 chunks    2 forzados   14 sin fin de oración
ley_2240_2022                    3 artículos       4 chunks    0 forzados    0 sin fin de oración
ley_2241_2022                    5 artículos       6 chunks    0 forzados    1 sin fin de oración
ley_2242_2022                    8 artículos      11 chunks    0 forzados    1 sin fin de oración
ley_2251_2022                   24 artículos      29 chunks    0 forzados    0 sin fin de oración
ley_2252_2022                    3 artículos       4 chunks    0 forzados    0 sin fin de oración
ley_2254_2022                   21 artículos      22 chunks    0 forzados    1 sin fin de oración
ley_225_1995                    33 artículos      34 chunks    0 forzados    1 sin fin de oración
ley_2267_2022                    4 artículos       5 chunks    0 forzados    0 sin fin de oración
ley_2268_2022                   23 artículos      26 chunks    0 forzados    0 sin fin de oración
ley_226_1995                    26 artículos      28 chunks    0 forzados    0 sin fin de oración
ley_2272_2022                   25 artículos      44 chunks    0 forzados    1 sin fin de oración
ley_2273_2022                   26 artículos      72 chunks    0 forzados   12 sin fin de oración
ley_2274_2022                   27 artículos      59 chunks    0 forzados    6 sin fin de oración
ley_2276_2022                  103 artículos     122 chunks    8 forzados   10 sin fin de oración
ley_2277_2022                   96 artículos     149 chunks    3 forzados    8 sin fin de oración
ley_2279_2022                   27 artículos      34 chunks    0 forzados    1 sin fin de oración
ley_2281_2023                   18 artículos      23 chunks    0 forzados    0 sin fin de oración
ley_2283_2023                    9 artículos      12 chunks    0 forzados    0 sin fin de oración
ley_2287_2023                   40 artículos      51 chunks    0 forzados    1 sin fin de oración
ley_228_1995                    42 artículos      46 chunks    0 forzados    1 sin fin de oración
ley_2292_2023                   20 artículos      27 chunks    0 forzados    0 sin fin de oración
ley_2294_2023                  373 artículos     552 chunks    0 forzados    2 sin fin de oración
ley_2297_2023                   19 artículos      21 chunks    0 forzados    0 sin fin de oración
ley_2298_2023                    3 artículos       4 chunks    0 forzados    0 sin fin de oración
ley_2300_2023                   10 artículos      12 chunks    0 forzados    0 sin fin de oración
ley_2306_2023                    9 artículos      12 chunks    0 forzados    0 sin fin de oración
ley_2307_2023                    8 artículos       9 chunks    0 forzados    0 sin fin de oración
ley_2311_2023                   19 artículos      20 chunks    0 forzados    1 sin fin de oración
ley_2315_2023                    7 artículos       8 chunks    0 forzados    1 sin fin de oración
ley_2316_2023                   11 artículos      12 chunks    0 forzados    0 sin fin de oración
ley_2318_2023                    7 artículos      10 chunks    0 forzados    0 sin fin de oración
ley_2319_2023                    9 artículos      10 chunks    0 forzados    0 sin fin de oración
ley_2320_2023                    5 artículos       8 chunks    0 forzados    1 sin fin de oración
ley_2322_2023                    2 artículos       5 chunks    0 forzados    0 sin fin de oración
ley_2329_2023                    6 artículos       7 chunks    0 forzados    0 sin fin de oración
ley_232_1995                     6 artículos       7 chunks    0 forzados    0 sin fin de oración
ley_2332_2023                   55 artículos      60 chunks    0 forzados    1 sin fin de oración
ley_2333_2023                    3 artículos       6 chunks    0 forzados    0 sin fin de oración
ley_2335_2023                   58 artículos      76 chunks    0 forzados    1 sin fin de oración
ley_2337_2023                   10 artículos      12 chunks    0 forzados    0 sin fin de oración
ley_2338_2023                   15 artículos      19 chunks    0 forzados    1 sin fin de oración
ley_2341_2023                    8 artículos      11 chunks    0 forzados    0 sin fin de oración
ley_2343_2023                    7 artículos      11 chunks    0 forzados    1 sin fin de oración
ley_2346_2024                    4 artículos       5 chunks    0 forzados    0 sin fin de oración
ley_2354_2024                    6 artículos       8 chunks    0 forzados    1 sin fin de oración
ley_2356_2024                    4 artículos      11 chunks    3 forzados    0 sin fin de oración
ley_2358_2024                    8 artículos       9 chunks    0 forzados    1 sin fin de oración
ley_2364_2024                   19 artículos      22 chunks    0 forzados    0 sin fin de oración
ley_2365_2024                   20 artículos      25 chunks    0 forzados    0 sin fin de oración
ley_2366_2024                   11 artículos      17 chunks    0 forzados    0 sin fin de oración
ley_2372_2024                    8 artículos      16 chunks    0 forzados    4 sin fin de oración
ley_2375_2024                    7 artículos      10 chunks    0 forzados    1 sin fin de oración
ley_2379_2024                    5 artículos       6 chunks    0 forzados    0 sin fin de oración
ley_2380_2024-2                  6 artículos       7 chunks    0 forzados    0 sin fin de oración
ley_2381_2024                   95 artículos     156 chunks    0 forzados    4 sin fin de oración
ley_2384_2024                   12 artículos      17 chunks    0 forzados    1 sin fin de oración
ley_2387_2024                   27 artículos      35 chunks    0 forzados    0 sin fin de oración
ley_2388_2024                   15 artículos      17 chunks    0 forzados    0 sin fin de oración
ley_238_1995                     2 artículos       3 chunks    0 forzados    0 sin fin de oración
ley_2390_2024                   17 artículos      18 chunks    0 forzados    0 sin fin de oración
ley_2393_2024                    6 artículos       8 chunks    0 forzados    0 sin fin de oración
ley_2395_2024                    5 artículos       6 chunks    0 forzados    0 sin fin de oración
ley_23_1982                    261 artículos     269 chunks    0 forzados    1 sin fin de oración
ley_2405_2024                   14 artículos      20 chunks    0 forzados    0 sin fin de oración
ley_2409_2024                   10 artículos      11 chunks    0 forzados    0 sin fin de oración
ley_2411_2024-2                  4 artículos       5 chunks    0 forzados    1 sin fin de oración
ley_2416_2024                    6 artículos       9 chunks    0 forzados    0 sin fin de oración
ley_2418_2024                   12 artículos      18 chunks    0 forzados    0 sin fin de oración
ley_241_1995                    63 artículos      66 chunks    0 forzados    1 sin fin de oración
ley_2421_2024                   63 artículos     136 chunks    0 forzados    3 sin fin de oración
ley_2422_2024                    6 artículos       8 chunks    0 forzados    0 sin fin de oración
ley_2423_2024                    3 artículos       7 chunks    0 forzados    1 sin fin de oración
ley_2424_2024                    5 artículos       7 chunks    0 forzados    0 sin fin de oración
ley_2427_2024                   15 artículos      16 chunks    0 forzados    1 sin fin de oración
ley_242_1995                     8 artículos       9 chunks    0 forzados    1 sin fin de oración
ley_2430_2024                   95 artículos     128 chunks    0 forzados    0 sin fin de oración
ley_2434_2024                    8 artículos      15 chunks    0 forzados    0 sin fin de oración
ley_2435_2024                    3 artículos       5 chunks    0 forzados    1 sin fin de oración
ley_2436_2024                    6 artículos       9 chunks    0 forzados    1 sin fin de oración
ley_2437_2024                   20 artículos      41 chunks    0 forzados    2 sin fin de oración
ley_2439_2024                    9 artículos      12 chunks    0 forzados    0 sin fin de oración
ley_2442_2024                    8 artículos      10 chunks    0 forzados    1 sin fin de oración
ley_2444_2025                    3 artículos       4 chunks    0 forzados    0 sin fin de oración
ley_2445_2025                   45 artículos      93 chunks    0 forzados    1 sin fin de oración
ley_2446_2025                   23 artículos      29 chunks    0 forzados    2 sin fin de oración
ley_2447_2025                   21 artículos      26 chunks    0 forzados    0 sin fin de oración
ley_2450_2025                   24 artículos      53 chunks    0 forzados    0 sin fin de oración
ley_2452_2025                  331 artículos     405 chunks    0 forzados    1 sin fin de oración
ley_2453_2025                   32 artículos      48 chunks    0 forzados    0 sin fin de oración
ley_2454_2025                   23 artículos      34 chunks    0 forzados    1 sin fin de oración
ley_2455_2025                   30 artículos      37 chunks    0 forzados    0 sin fin de oración
ley_2457_2025                    3 artículos       4 chunks    0 forzados    0 sin fin de oración
ley_2461_2025                    7 artículos       9 chunks    0 forzados    0 sin fin de oración
ley_2462_2025                   45 artículos      58 chunks    0 forzados    2 sin fin de oración
ley_2466_2025                   70 artículos      97 chunks    0 forzados    1 sin fin de oración
ley_2468_2025                   19 artículos      35 chunks    0 forzados    1 sin fin de oración
ley_2471_2025                   11 artículos      13 chunks    0 forzados    0 sin fin de oración
ley_2473_2025                    4 artículos       5 chunks    0 forzados    0 sin fin de oración
ley_2474_2025                   17 artículos      20 chunks    0 forzados    1 sin fin de oración
ley_2475_2025                    8 artículos      10 chunks    0 forzados    0 sin fin de oración
ley_2477_2025                   13 artículos      22 chunks    0 forzados    0 sin fin de oración
ley_2478_2025                   16 artículos      23 chunks    0 forzados    1 sin fin de oración
ley_2479_2025                   34 artículos      40 chunks    0 forzados    0 sin fin de oración
ley_2481_2025                   19 artículos      23 chunks    0 forzados    1 sin fin de oración
ley_2485_2025                    5 artículos       6 chunks    0 forzados    0 sin fin de oración
ley_2486_2025                   18 artículos      24 chunks    0 forzados    0 sin fin de oración
ley_2489_2025                   15 artículos      25 chunks    0 forzados    0 sin fin de oración
ley_248_1995                    25 artículos      28 chunks    0 forzados    1 sin fin de oración
ley_2492_2025                    8 artículos      12 chunks    0 forzados    1 sin fin de oración
ley_2498_2025                   16 artículos      21 chunks    0 forzados    1 sin fin de oración
ley_24_1992                     41 artículos      42 chunks    0 forzados    0 sin fin de oración
ley_2501_2025                   15 artículos      19 chunks    0 forzados    0 sin fin de oración
ley_2502_2025                    6 artículos       8 chunks    0 forzados    0 sin fin de oración
ley_2507_2025                   19 artículos      20 chunks    0 forzados    0 sin fin de oración
ley_2514_2025                    8 artículos      10 chunks    0 forzados    0 sin fin de oración
ley_2524_2025                   41 artículos      50 chunks    0 forzados    1 sin fin de oración
ley_252_1995                    63 artículos      85 chunks    0 forzados    3 sin fin de oración
ley_2530_2025                   25 artículos      37 chunks    0 forzados    1 sin fin de oración
ley_2536_2025                   14 artículos      19 chunks    0 forzados    1 sin fin de oración
ley_2538_2025                    3 artículos       5 chunks    0 forzados    0 sin fin de oración
ley_2539_2025                   21 artículos      29 chunks    0 forzados    0 sin fin de oración
ley_253_1996-2                  32 artículos      64 chunks    0 forzados    5 sin fin de oración
ley_2541_2025                    5 artículos       7 chunks    0 forzados    0 sin fin de oración
ley_2559_2025                   91 artículos     100 chunks    0 forzados    3 sin fin de oración
ley_2565_2026                   10 artículos      11 chunks    0 forzados    1 sin fin de oración
ley_2568_2026                    8 artículos      15 chunks    0 forzados    1 sin fin de oración
ley_256_1996                    33 artículos      34 chunks    0 forzados    0 sin fin de oración
ley_2570_2026                   10 artículos      13 chunks    0 forzados    0 sin fin de oración
ley_2573_2026                   13 artículos      22 chunks    0 forzados    0 sin fin de oración
ley_2581_2026                    8 artículos      10 chunks    0 forzados    0 sin fin de oración
ley_2585_2026                   17 artículos      26 chunks    0 forzados    1 sin fin de oración
ley_2586_2026                  114 artículos     311 chunks    0 forzados   24 sin fin de oración
ley_258_1996                    13 artículos      15 chunks    0 forzados    0 sin fin de oración
ley_2590_2026                   14 artículos      19 chunks    0 forzados    0 sin fin de oración
ley_2592_2026                   12 artículos      20 chunks    0 forzados    1 sin fin de oración
ley_25_1992                     15 artículos      16 chunks    0 forzados    1 sin fin de oración
ley_2603_2026                   88 artículos     113 chunks    0 forzados    1 sin fin de oración
ley_2608_2026                   22 artículos      36 chunks    0 forzados    0 sin fin de oración
ley_2611_2026                    8 artículos       9 chunks    0 forzados    2 sin fin de oración
ley_2613_2026                   12 artículos      13 chunks    0 forzados    1 sin fin de oración
ley_261_1996                     2 artículos       3 chunks    0 forzados    0 sin fin de oración
ley_2620_2026                   30 artículos      39 chunks    0 forzados    1 sin fin de oración
ley_2621_2026                   20 artículos      25 chunks    0 forzados    0 sin fin de oración
ley_2625_2026                    3 artículos       4 chunks    0 forzados    0 sin fin de oración
ley_2627_2026                    8 artículos       9 chunks    0 forzados    2 sin fin de oración
ley_2630_2026                   27 artículos      37 chunks    0 forzados    0 sin fin de oración
ley_2631_2026                   10 artículos      13 chunks    0 forzados    0 sin fin de oración
ley_263_1996                    17 artículos      19 chunks    0 forzados    0 sin fin de oración
ley_264_1996                     2 artículos       3 chunks    0 forzados    1 sin fin de oración
ley_267_1996                    75 artículos      81 chunks    0 forzados    4 sin fin de oración
ley_269_1996                     7 artículos       8 chunks    0 forzados    0 sin fin de oración
ley_270_1996                   233 artículos     287 chunks    0 forzados    4 sin fin de oración
ley_273_1996                     7 artículos       8 chunks    0 forzados    0 sin fin de oración
ley_276_1996                     3 artículos       4 chunks    0 forzados    0 sin fin de oración
ley_278_1996                    12 artículos      15 chunks    0 forzados    0 sin fin de oración
ley_27_1992                     30 artículos      33 chunks    0 forzados    1 sin fin de oración
ley_282_1996                    25 artículos      32 chunks    0 forzados    2 sin fin de oración
ley_286_1996                     7 artículos       9 chunks    0 forzados    1 sin fin de oración
ley_287_1996                     2 artículos       3 chunks    0 forzados    1 sin fin de oración
ley_288_1996                    16 artículos      18 chunks    0 forzados    1 sin fin de oración
ley_290_1996                     2 artículos       3 chunks    0 forzados    0 sin fin de oración
ley_294_1996                    30 artículos      33 chunks    0 forzados    1 sin fin de oración
ley_297_1996                    14 artículos      15 chunks    0 forzados    2 sin fin de oración
ley_298_1996                    17 artículos      21 chunks    0 forzados    1 sin fin de oración
ley_2_1976                      77 artículos      90 chunks    0 forzados    2 sin fin de oración
ley_300_1996                   113 artículos     129 chunks    0 forzados    0 sin fin de oración
ley_301_1996                     7 artículos       9 chunks    0 forzados    0 sin fin de oración
ley_302_1996                    11 artículos      15 chunks    0 forzados    1 sin fin de oración
ley_30_1992                    147 artículos     158 chunks    0 forzados    4 sin fin de oración
ley_310_1996                     8 artículos      16 chunks    0 forzados    1 sin fin de oración
ley_311_1996                    12 artículos      13 chunks    0 forzados    1 sin fin de oración
ley_314_1996                    16 artículos      17 chunks    0 forzados    1 sin fin de oración
ley_315_1996                     5 artículos       6 chunks    0 forzados    0 sin fin de oración
ley_318_1996                    27 artículos      30 chunks    0 forzados    1 sin fin de oración
ley_31_1992                     66 artículos      74 chunks    0 forzados    3 sin fin de oración
ley_322_1996                    40 artículos      42 chunks    0 forzados    0 sin fin de oración
ley_330_1996                    17 artículos      19 chunks    0 forzados    0 sin fin de oración
ley_333_1996                    33 artículos      42 chunks    0 forzados    1 sin fin de oración
ley_335_1996                    29 artículos      40 chunks    0 forzados    0 sin fin de oración
ley_336_1996                    92 artículos      95 chunks    0 forzados    3 sin fin de oración
ley_340_1996                    42 artículos      55 chunks    0 forzados    3 sin fin de oración
ley_344_1996                    44 artículos      48 chunks    0 forzados    0 sin fin de oración
ley_345_1996                     8 artículos       9 chunks    0 forzados    1 sin fin de oración
ley_34_1993                      6 artículos       7 chunks    0 forzados    0 sin fin de oración
ley_352_1997                    65 artículos      75 chunks    0 forzados    1 sin fin de oración
ley_357_1997                    16 artículos      26 chunks    0 forzados    2 sin fin de oración
ley_358_1997                    18 artículos      20 chunks    0 forzados    1 sin fin de oración
ley_35_1993                     40 artículos      51 chunks    0 forzados    0 sin fin de oración
ley_360_1997                    14 artículos      17 chunks    0 forzados    1 sin fin de oración
ley_361_1997                    73 artículos      76 chunks    0 forzados    0 sin fin de oración
ley_362_1997                     2 artículos       3 chunks    0 forzados    0 sin fin de oración
ley_363_1997                    25 artículos      27 chunks    0 forzados    0 sin fin de oración
ley_365_1997                    13 artículos      25 chunks    0 forzados    2 sin fin de oración
ley_368_1997                    22 artículos      24 chunks    0 forzados    2 sin fin de oración
ley_373_1997                    18 artículos      21 chunks    0 forzados    0 sin fin de oración
ley_375_1997                    51 artículos      53 chunks    0 forzados    0 sin fin de oración
ley_377_1997                     2 artículos       3 chunks    0 forzados    0 sin fin de oración
ley_37_1993                     16 artículos      21 chunks    0 forzados    1 sin fin de oración
ley_383_1997                    74 artículos      81 chunks    0 forzados    0 sin fin de oración
ley_387_1997                    35 artículos      40 chunks    0 forzados    1 sin fin de oración
ley_388_1997                   140 artículos     200 chunks    0 forzados    3 sin fin de oración
ley_389_1997                     8 artículos       9 chunks    0 forzados    0 sin fin de oración
ley_392_1997                    22 artículos      23 chunks    0 forzados    0 sin fin de oración
ley_393_1997                    32 artículos      33 chunks    0 forzados    1 sin fin de oración
ley_397_1997                    89 artículos     122 chunks    0 forzados    1 sin fin de oración
ley_399_1997                    14 artículos      17 chunks    0 forzados    1 sin fin de oración
ley_3_1992                      14 artículos      19 chunks    0 forzados    1 sin fin de oración
ley_400_1997                    56 artículos      79 chunks    0 forzados    3 sin fin de oración
ley_401_1997                    18 artículos      21 chunks    0 forzados    0 sin fin de oración
ley_403_1997                     7 artículos      10 chunks    0 forzados    0 sin fin de oración
ley_40_1993                     32 artículos      36 chunks    0 forzados    1 sin fin de oración
ley_415_1997                     5 artículos       6 chunks    0 forzados    0 sin fin de oración
ley_418_1997                   141 artículos     169 chunks    0 forzados    2 sin fin de oración
ley_419_1997                     5 artículos       7 chunks    0 forzados    0 sin fin de oración
ley_41_1993                     44 artículos      52 chunks    0 forzados    1 sin fin de oración
ley_422_1998                     8 artículos      10 chunks    0 forzados    0 sin fin de oración
ley_424_1998                     4 artículos       5 chunks    0 forzados    1 sin fin de oración
ley_425_1998                     4 artículos       6 chunks    0 forzados    0 sin fin de oración
ley_428_1998                    48 artículos      49 chunks    0 forzados    0 sin fin de oración
ley_42_1993                    110 artículos     111 chunks    0 forzados    1 sin fin de oración
ley_432_1998                    19 artículos      21 chunks    0 forzados    0 sin fin de oración
ley_434_1998                    19 artículos      28 chunks    0 forzados    0 sin fin de oración
ley_435_1998                    29 artículos      34 chunks    0 forzados    0 sin fin de oración
ley_43_1993                     38 artículos      42 chunks    0 forzados    1 sin fin de oración
ley_443_1998                    87 artículos      99 chunks    0 forzados    0 sin fin de oración
ley_446_1998                    72 artículos      92 chunks    0 forzados    1 sin fin de oración
ley_447_1998                    11 artículos      12 chunks    0 forzados    0 sin fin de oración
ley_448_1998                     9 artículos      11 chunks    0 forzados    0 sin fin de oración
ley_44_1993                     70 artículos      75 chunks    0 forzados    0 sin fin de oración
ley_454_1998                    67 artículos      87 chunks    0 forzados    1 sin fin de oración
ley_461_1998                    40 artículos      98 chunks    0 forzados   11 sin fin de oración
ley_472_1998                    87 artículos      95 chunks    0 forzados    3 sin fin de oración
ley_475_1998                     4 artículos       5 chunks    0 forzados    1 sin fin de oración
ley_47_1993                     58 artículos      62 chunks    0 forzados    1 sin fin de oración
ley_487_1998                     9 artículos      12 chunks    0 forzados    1 sin fin de oración
ley_488_1998                    34 artículos      55 chunks    0 forzados    0 sin fin de oración
ley_489_1998                   121 artículos     130 chunks    0 forzados    2 sin fin de oración
ley_48_1983                     14 artículos      15 chunks    0 forzados    1 sin fin de oración
ley_48_1993                     64 artículos      67 chunks    0 forzados    0 sin fin de oración
ley_490_1998                    15 artículos      18 chunks    0 forzados    1 sin fin de oración
ley_494_1999                     8 artículos       9 chunks    0 forzados    0 sin fin de oración
ley_497_1999                    38 artículos      39 chunks    0 forzados    0 sin fin de oración
ley_498_1999                    25 artículos      43 chunks    0 forzados    1 sin fin de oración
ley_49_1990                     10 artículos      29 chunks    0 forzados    0 sin fin de oración
ley_49_1993                     57 artículos      60 chunks    0 forzados    0 sin fin de oración
ley_4_1913                     340 artículos     355 chunks    0 forzados    3 sin fin de oración
ley_4_1992                      22 artículos      24 chunks    0 forzados    1 sin fin de oración
ley_504_1999                    53 artículos      56 chunks    0 forzados    1 sin fin de oración
ley_505_1999                    17 artículos      18 chunks    0 forzados    1 sin fin de oración
ley_506_1999                     2 artículos       4 chunks    0 forzados    0 sin fin de oración
ley_507_1999                     4 artículos       8 chunks    0 forzados    1 sin fin de oración
ley_508_1999                   160 artículos     297 chunks    0 forzados   72 sin fin de oración
ley_509_1999                     9 artículos      10 chunks    0 forzados    0 sin fin de oración
ley_510_1999                   123 artículos     167 chunks    0 forzados    3 sin fin de oración
ley_525_1999                     3 artículos      72 chunks    0 forzados   13 sin fin de oración
ley_526_1999                    14 artículos      21 chunks    0 forzados    2 sin fin de oración
ley_527_1999                    47 artículos      50 chunks    0 forzados    1 sin fin de oración
ley_533_1999                    16 artículos      17 chunks    0 forzados    0 sin fin de oración
ley_537_1999                     2 artículos       3 chunks    0 forzados    0 sin fin de oración
ley_546_1999                    57 artículos      78 chunks    0 forzados    0 sin fin de oración
ley_548_1999                     4 artículos       6 chunks    0 forzados    1 sin fin de oración
ley_549_1999                    24 artículos      42 chunks    0 forzados    1 sin fin de oración
ley_550_1999                    79 artículos     165 chunks    0 forzados    0 sin fin de oración
ley_552_1999                     3 artículos       4 chunks    0 forzados    0 sin fin de oración
ley_554_2000                    24 artículos      37 chunks    0 forzados    1 sin fin de oración
ley_555_2000                    20 artículos      27 chunks    0 forzados    1 sin fin de oración
ley_563_2000                    25 artículos      27 chunks    0 forzados    0 sin fin de oración
ley_56_1993                      4 artículos       5 chunks    0 forzados    0 sin fin de oración
ley_573_2000                     2 artículos       7 chunks    0 forzados    0 sin fin de oración
ley_575_2000                    20 artículos      23 chunks    0 forzados    1 sin fin de oración
ley_581_2000                    17 artículos      18 chunks    0 forzados    0 sin fin de oración
ley_582_2000                    10 artículos      11 chunks    0 forzados    0 sin fin de oración
ley_583_2000                     3 artículos       4 chunks    0 forzados    0 sin fin de oración
ley_584_2000                    21 artículos      22 chunks    0 forzados    0 sin fin de oración
ley_585_2000                     7 artículos       8 chunks    0 forzados    0 sin fin de oración
ley_588_2000                    11 artículos      13 chunks    0 forzados    0 sin fin de oración
ley_589_2000                     8 artículos      16 chunks    0 forzados    0 sin fin de oración
ley_590_2000                    47 artículos      52 chunks    0 forzados    2 sin fin de oración
ley_592_2000                     2 artículos       4 chunks    0 forzados    0 sin fin de oración
ley_594_2000                    52 artículos      56 chunks    0 forzados    0 sin fin de oración
ley_598_2000                     7 artículos       8 chunks    0 forzados    1 sin fin de oración
ley_5_1992                     416 artículos     544 chunks    0 forzados   65 sin fin de oración
ley_600_2000                   537 artículos     563 chunks    2 forzados    3 sin fin de oración
ley_601_2000                     8 artículos       9 chunks    0 forzados    1 sin fin de oración
ley_603_2000                     3 artículos       4 chunks    0 forzados    1 sin fin de oración
ley_607_2000                    21 artículos      29 chunks    0 forzados    1 sin fin de oración
ley_608_2000                    31 artículos      35 chunks    0 forzados    2 sin fin de oración
ley_60_1993                     43 artículos      89 chunks    0 forzados    0 sin fin de oración
ley_610_2000                    69 artículos      70 chunks    0 forzados    0 sin fin de oración
ley_614_2000                     8 artículos       9 chunks    0 forzados    1 sin fin de oración
ley_616_2000                     2 artículos       4 chunks    0 forzados    0 sin fin de oración
ley_617_2000                    97 artículos     121 chunks    0 forzados   10 sin fin de oración
ley_619_2000                    26 artículos      33 chunks    0 forzados    2 sin fin de oración
ley_61_1993                      3 artículos       5 chunks    0 forzados    0 sin fin de oración
ley_629_2000                    28 artículos      51 chunks    0 forzados    2 sin fin de oración
ley_62_1993                     38 artículos      43 chunks    0 forzados    3 sin fin de oración
ley_632_2000                    10 artículos      12 chunks    0 forzados    1 sin fin de oración
ley_633_2000                    14 artículos      19 chunks    0 forzados    0 sin fin de oración
ley_635_2000                    10 artículos      12 chunks    0 forzados    1 sin fin de oración
ley_640_2001                    50 artículos      55 chunks    0 forzados    0 sin fin de oración
ley_642_2001                     2 artículos       3 chunks    0 forzados    1 sin fin de oración
ley_643_2001                    61 artículos      78 chunks    0 forzados    2 sin fin de oración
ley_644_2001                     2 artículos       3 chunks    0 forzados    0 sin fin de oración
ley_645_2001                     9 artículos      10 chunks    0 forzados    0 sin fin de oración
ley_646_2001                    25 artículos      30 chunks    0 forzados    5 sin fin de oración
ley_647_2001                     3 artículos       5 chunks    0 forzados    1 sin fin de oración
ley_651_2001                    12 artículos      13 chunks    0 forzados    0 sin fin de oración
ley_65_1993                    198 artículos     227 chunks    0 forzados    0 sin fin de oración
ley_666_2001                     3 artículos       5 chunks    0 forzados    0 sin fin de oración
ley_669_2001                     8 artículos       9 chunks    0 forzados    0 sin fin de oración
ley_66_1993                     11 artículos      12 chunks    0 forzados    0 sin fin de oración
ley_670_2001                    18 artículos      20 chunks    0 forzados    0 sin fin de oración
ley_675_2001                    87 artículos      97 chunks    0 forzados    0 sin fin de oración
ley_676_2001                    30 artículos      33 chunks    0 forzados    0 sin fin de oración
ley_677_2001                    30 artículos      39 chunks    0 forzados    0 sin fin de oración
ley_678_2001                    32 artículos      37 chunks    0 forzados    0 sin fin de oración
ley_679_2001                    39 artículos      46 chunks    0 forzados    0 sin fin de oración
ley_67_1979                      8 artículos      10 chunks    0 forzados    1 sin fin de oración
ley_680_2001                    15 artículos      17 chunks    0 forzados    0 sin fin de oración
ley_681_2001                    15 artículos      18 chunks    0 forzados    1 sin fin de oración
ley_685_2001                   362 artículos     368 chunks    0 forzados    1 sin fin de oración
ley_687_2001                     9 artículos      11 chunks    0 forzados    0 sin fin de oración
ley_688_2001                    25 artículos      26 chunks    0 forzados    0 sin fin de oración
ley_689_2001                    25 artículos      38 chunks    0 forzados    1 sin fin de oración
ley_691_2001                    31 artículos      32 chunks    0 forzados    0 sin fin de oración
ley_697_2001                    11 artículos      13 chunks    0 forzados    0 sin fin de oración
ley_69_1993                     17 artículos      20 chunks    0 forzados    0 sin fin de oración
ley_6_1972                       1 artículos      23 chunks    0 forzados    2 sin fin de oración
ley_6_1992                     140 artículos     172 chunks    0 forzados    2 sin fin de oración
ley_708_2001                    15 artículos      19 chunks    0 forzados    0 sin fin de oración
ley_70_1993                     68 artículos      71 chunks    0 forzados    0 sin fin de oración
ley_712_2001                    65 artículos      72 chunks    0 forzados    0 sin fin de oración
ley_715_2001                   114 artículos     177 chunks    0 forzados    6 sin fin de oración
ley_716_2001                    21 artículos      23 chunks    0 forzados    0 sin fin de oración
ley_719_2001                    10 artículos      12 chunks    0 forzados    0 sin fin de oración
ley_720_2001                    12 artículos      13 chunks    0 forzados    0 sin fin de oración
ley_721_2001                    13 artículos      14 chunks    0 forzados    0 sin fin de oración
ley_72_1993                      3 artículos       4 chunks    0 forzados    0 sin fin de oración
ley_730_2001                    33 artículos      37 chunks    0 forzados    0 sin fin de oración
ley_731_2002                    41 artículos      51 chunks    0 forzados    1 sin fin de oración
ley_732_2002                     7 artículos      11 chunks    0 forzados    0 sin fin de oración
ley_733_2002                    15 artículos      18 chunks    0 forzados    0 sin fin de oración
ley_734_2002                   224 artículos     254 chunks    0 forzados    0 sin fin de oración
ley_735_2002                     5 artículos       6 chunks    0 forzados    0 sin fin de oración
ley_741_2002                     3 artículos       4 chunks    0 forzados    0 sin fin de oración
ley_742_2002                   128 artículos     190 chunks    0 forzados   10 sin fin de oración
ley_743_2002                    79 artículos      87 chunks    0 forzados    0 sin fin de oración
ley_746_2002                     6 artículos      15 chunks    0 forzados    0 sin fin de oración
ley_747_2002                     9 artículos      10 chunks    0 forzados    1 sin fin de oración
ley_749_2002                    20 artículos      24 chunks    0 forzados    0 sin fin de oración
ley_750_2002                     7 artículos       9 chunks    0 forzados    0 sin fin de oración
ley_753_2002                     2 artículos       3 chunks    0 forzados    0 sin fin de oración
ley_754_2002                     3 artículos       6 chunks    0 forzados    0 sin fin de oración
ley_755_2002                     2 artículos       3 chunks    0 forzados    0 sin fin de oración
ley_756_2002                    40 artículos      59 chunks    0 forzados    5 sin fin de oración
ley_758_2002                     2 artículos       4 chunks    0 forzados    0 sin fin de oración
ley_759_2002                    19 artículos      26 chunks    0 forzados    0 sin fin de oración
ley_768_2002                    49 artículos      56 chunks    0 forzados    0 sin fin de oración
ley_769_2002                   181 artículos     244 chunks    0 forzados    4 sin fin de oración
ley_76_1993                      5 artículos       6 chunks    0 forzados    0 sin fin de oración
ley_771_2002                     3 artículos       4 chunks    0 forzados    0 sin fin de oración
ley_776_2002                    23 artículos      27 chunks    0 forzados    0 sin fin de oración
ley_777_2002                     2 artículos       3 chunks    0 forzados    0 sin fin de oración
ley_781_2002                    16 artículos      19 chunks    0 forzados    0 sin fin de oración
ley_782_2002                    46 artículos      57 chunks    0 forzados    0 sin fin de oración
ley_785_2002                    15 artículos      23 chunks    0 forzados    1 sin fin de oración
ley_787_2002                     2 artículos       4 chunks    0 forzados    0 sin fin de oración
ley_788_2002                   118 artículos     154 chunks    0 forzados    7 sin fin de oración
ley_789_2002                    52 artículos     107 chunks    0 forzados    0 sin fin de oración
ley_790_2002                    22 artículos      26 chunks    0 forzados    1 sin fin de oración
ley_791_2002                    13 artículos      14 chunks    0 forzados    0 sin fin de oración
ley_793_2002                    30 artículos      39 chunks    0 forzados    1 sin fin de oración
ley_794_2003                    70 artículos     120 chunks    0 forzados    0 sin fin de oración
ley_795_2003                   115 artículos     149 chunks    0 forzados    3 sin fin de oración
ley_796_2003                     2 artículos      16 chunks    0 forzados    0 sin fin de oración
ley_797_2003                    24 artículos      38 chunks    0 forzados    0 sin fin de oración
ley_79_1993                      8 artículos       9 chunks    0 forzados    1 sin fin de oración
ley_7_1991                      30 artículos      35 chunks    0 forzados    1 sin fin de oración
ley_800_2003                    41 artículos      90 chunks    0 forzados    7 sin fin de oración
ley_809_2003                     3 artículos       4 chunks    0 forzados    0 sin fin de oración
ley_80_1993                     84 artículos     125 chunks    0 forzados    0 sin fin de oración
ley_810_2003                    14 artículos      23 chunks    0 forzados    0 sin fin de oración
ley_811_2003                     5 artículos       6 chunks    0 forzados    0 sin fin de oración
ley_812_2003                   137 artículos     222 chunks    0 forzados   10 sin fin de oración
ley_813_2003                     5 artículos       6 chunks    0 forzados    0 sin fin de oración
ley_814_2003                    22 artículos      29 chunks    0 forzados    0 sin fin de oración
ley_815_2003                     4 artículos       5 chunks    0 forzados    0 sin fin de oración
ley_816_2003                     5 artículos       6 chunks    0 forzados    0 sin fin de oración
ley_818_2003                     9 artículos      10 chunks    0 forzados    0 sin fin de oración
ley_819_2003                    28 artículos      34 chunks    0 forzados    1 sin fin de oración
ley_81_1993                     63 artículos      77 chunks    0 forzados    1 sin fin de oración
ley_820_2003                    43 artículos      54 chunks    0 forzados    0 sin fin de oración
ley_821_2003                     2 artículos       4 chunks    0 forzados    0 sin fin de oración
ley_823_2003                    14 artículos      16 chunks    0 forzados    0 sin fin de oración
ley_828_2003                    11 artículos      14 chunks    0 forzados    0 sin fin de oración
ley_82_1993                     23 artículos      26 chunks    0 forzados    0 sin fin de oración
ley_842_2003                    78 artículos      92 chunks    0 forzados    7 sin fin de oración
ley_843_2003                     2 artículos       3 chunks    0 forzados    0 sin fin de oración
ley_845_2003                    43 artículos      45 chunks    0 forzados    1 sin fin de oración
ley_846_2003                    19 artículos      33 chunks    0 forzados    3 sin fin de oración
ley_848_2003                    75 artículos      80 chunks    0 forzados    5 sin fin de oración
ley_850_2003                    24 artículos      27 chunks    0 forzados    0 sin fin de oración
ley_853_2003                    10 artículos      12 chunks    0 forzados    0 sin fin de oración
ley_854_2003                     4 artículos       5 chunks    0 forzados    0 sin fin de oración
ley_855_2003                     2 artículos       3 chunks    0 forzados    0 sin fin de oración
ley_856_2003                     2 artículos       5 chunks    0 forzados    0 sin fin de oración
ley_858_2003                     2 artículos       4 chunks    0 forzados    0 sin fin de oración
ley_859_2003                     2 artículos       5 chunks    0 forzados    0 sin fin de oración
ley_860_2003                     6 artículos      12 chunks    0 forzados    0 sin fin de oración
ley_861_2003                     6 artículos       7 chunks    0 forzados    0 sin fin de oración
ley_863_2003                    69 artículos     102 chunks    0 forzados    7 sin fin de oración
ley_868_2003                     8 artículos      10 chunks    0 forzados    1 sin fin de oración
ley_872_2003                     9 artículos      12 chunks    0 forzados    0 sin fin de oración
ley_87_1993                     16 artículos      19 chunks    0 forzados    1 sin fin de oración
ley_880_2004                    38 artículos      41 chunks    0 forzados    3 sin fin de oración
ley_887_2004                     2 artículos       3 chunks    0 forzados    0 sin fin de oración
ley_888_2004                     4 artículos       7 chunks    0 forzados    0 sin fin de oración
ley_890_2004                    15 artículos      17 chunks    0 forzados    0 sin fin de oración
ley_898_2004                    27 artículos      41 chunks    0 forzados    4 sin fin de oración
ley_899_2004                    47 artículos      52 chunks    0 forzados    1 sin fin de oración
ley_900_2004                    14 artículos      71 chunks    0 forzados    7 sin fin de oración
ley_901_2004                    12 artículos      15 chunks    0 forzados    0 sin fin de oración
ley_902_2004                     3 artículos       9 chunks    0 forzados    1 sin fin de oración
ley_903_2004                     3 artículos       4 chunks    0 forzados    0 sin fin de oración
ley_904_2004                     7 artículos       8 chunks    0 forzados    0 sin fin de oración
ley_905_2004                    32 artículos      41 chunks    0 forzados    0 sin fin de oración
ley_906_2004                   590 artículos     654 chunks    4 forzados    1 sin fin de oración
ley_909_2004                    59 artículos      90 chunks    0 forzados    0 sin fin de oración
ley_90_1993                     13 artículos      17 chunks    0 forzados    1 sin fin de oración
ley_914_2004                     9 artículos      10 chunks    0 forzados    1 sin fin de oración
ley_915_2004                    72 artículos      73 chunks    0 forzados    1 sin fin de oración
ley_919_2004                     4 artículos       6 chunks    0 forzados    0 sin fin de oración
ley_920_2004                     6 artículos      17 chunks    0 forzados    1 sin fin de oración
ley_921_2004                    71 artículos     116 chunks    0 forzados   46 sin fin de oración
ley_922_2004                     3 artículos       4 chunks    0 forzados    0 sin fin de oración
ley_926_2004                     2 artículos       3 chunks    0 forzados    0 sin fin de oración
ley_934_2004                     9 artículos      10 chunks    0 forzados    0 sin fin de oración
ley_938_2004                    83 artículos      88 chunks    2 forzados    1 sin fin de oración
ley_939_2004                    10 artículos      11 chunks    0 forzados    0 sin fin de oración
ley_941_2005                    58 artículos      60 chunks    0 forzados    1 sin fin de oración
ley_943_2005                     9 artículos      17 chunks    0 forzados    2 sin fin de oración
ley_954_2005                     7 artículos       9 chunks    0 forzados    0 sin fin de oración
ley_962_2005                    89 artículos      99 chunks    0 forzados    0 sin fin de oración
ley_963_2005                    12 artículos      15 chunks    0 forzados    0 sin fin de oración
ley_964_2005                    86 artículos     132 chunks    0 forzados    0 sin fin de oración
ley_967_2005                    63 artículos      79 chunks    0 forzados    0 sin fin de oración
ley_968_2005                    18 artículos      19 chunks    0 forzados    0 sin fin de oración
ley_972_2005                     7 artículos       9 chunks    0 forzados    0 sin fin de oración
ley_973_2005                    31 artículos      41 chunks    0 forzados    0 sin fin de oración
ley_974_2005                    20 artículos      23 chunks    0 forzados    0 sin fin de oración
ley_975_2005                    88 artículos     118 chunks    0 forzados    2 sin fin de oración
ley_979_2005                     9 artículos      10 chunks    0 forzados    0 sin fin de oración
ley_97_1993                      5 artículos       6 chunks    0 forzados    0 sin fin de oración
ley_981_2005                    12 artículos      15 chunks    0 forzados    1 sin fin de oración
ley_982_2005                    47 artículos      53 chunks    0 forzados    0 sin fin de oración
ley_985_2005                    23 artículos      37 chunks    0 forzados    0 sin fin de oración
ley_986_2005                    28 artículos      38 chunks    0 forzados    0 sin fin de oración
ley_98_1993                     36 artículos      38 chunks    0 forzados    0 sin fin de oración
ley_990_2005                     2 artículos       3 chunks    0 forzados    0 sin fin de oración
ley_991_2005                     5 artículos       6 chunks    0 forzados    1 sin fin de oración
ley_992_2005                     7 artículos      18 chunks    0 forzados    5 sin fin de oración
ley_994_2005                     7 artículos      77 chunks    0 forzados   18 sin fin de oración
ley_995_2005                     2 artículos       3 chunks    0 forzados    0 sin fin de oración
ley_996_2005                    42 artículos      49 chunks    0 forzados    0 sin fin de oración
ley_99_1993                    120 artículos     189 chunks    0 forzados    2 sin fin de oración
ley_9_1979                     607 artículos     611 chunks    0 forzados    3 sin fin de oración
ley_9_1991                      35 artículos      37 chunks    0 forzados    1 sin fin de oración
oficio_dian_0114_2023            0 artículos       6 chunks    0 forzados    1 sin fin de oración
oficio_dian_0312_2008            0 artículos       5 chunks    0 forzados    1 sin fin de oración
oficio_dian_0425_2018            0 artículos       3 chunks    0 forzados    2 sin fin de oración
oficio_dian_102048_2006          0 artículos       6 chunks    0 forzados    1 sin fin de oración
oficio_dian_10461_2016           0 artículos       3 chunks    0 forzados    1 sin fin de oración
oficio_dian_13051_2016           0 artículos       6 chunks    0 forzados    1 sin fin de oración
oficio_dian_13472_2017           0 artículos       3 chunks    0 forzados    1 sin fin de oración
oficio_dian_1516_2024            0 artículos       5 chunks    0 forzados    1 sin fin de oración
oficio_dian_17140_2018           0 artículos       6 chunks    0 forzados    1 sin fin de oración
oficio_dian_17857_2013           0 artículos       5 chunks    0 forzados    3 sin fin de oración
oficio_dian_18090_2013           0 artículos       8 chunks    0 forzados    3 sin fin de oración
oficio_dian_1990_2016            0 artículos      16 chunks    0 forzados    4 sin fin de oración
oficio_dian_22798_2010           0 artículos       5 chunks    0 forzados    1 sin fin de oración
oficio_dian_23292_2019           0 artículos       8 chunks    0 forzados    2 sin fin de oración
oficio_dian_2430_2025            0 artículos       7 chunks    0 forzados    1 sin fin de oración
oficio_dian_27531_2017           0 artículos       7 chunks    0 forzados    1 sin fin de oración
oficio_dian_28011_2004           0 artículos       5 chunks    0 forzados    1 sin fin de oración
oficio_dian_29844_2006           0 artículos       2 chunks    0 forzados    1 sin fin de oración
oficio_dian_2992_2020            0 artículos       9 chunks    0 forzados    2 sin fin de oración
oficio_dian_32672_2013           0 artículos       7 chunks    0 forzados    2 sin fin de oración
oficio_dian_32825_2014           1 artículos       8 chunks    0 forzados    1 sin fin de oración
oficio_dian_3340_2007            0 artículos       6 chunks    0 forzados    1 sin fin de oración
oficio_dian_33479_2010           0 artículos       4 chunks    0 forzados    1 sin fin de oración
oficio_dian_34443_2004           0 artículos       5 chunks    0 forzados    1 sin fin de oración
oficio_dian_35394_2018           1 artículos      12 chunks    0 forzados    1 sin fin de oración
oficio_dian_38341_2006           0 artículos       5 chunks    0 forzados    2 sin fin de oración
oficio_dian_3980_2025            0 artículos       7 chunks    0 forzados    2 sin fin de oración
oficio_dian_41483_2004           0 artículos       4 chunks    0 forzados    1 sin fin de oración
oficio_dian_52809_2008           0 artículos       3 chunks    0 forzados    1 sin fin de oración
oficio_dian_52982_2006           0 artículos       3 chunks    0 forzados    1 sin fin de oración
oficio_dian_59444_2006           1 artículos      10 chunks    0 forzados    1 sin fin de oración
oficio_dian_60414_2005           1 artículos       4 chunks    0 forzados    1 sin fin de oración
oficio_dian_63551_2006           0 artículos       3 chunks    0 forzados    1 sin fin de oración
oficio_dian_64442_2005           0 artículos       2 chunks    0 forzados    1 sin fin de oración
oficio_dian_66656_2008           0 artículos       5 chunks    0 forzados    1 sin fin de oración
oficio_dian_69755_2005           0 artículos       2 chunks    0 forzados    1 sin fin de oración
oficio_dian_7397_2017            0 artículos       2 chunks    0 forzados    1 sin fin de oración
oficio_dian_81702_2008           0 artículos       4 chunks    0 forzados    1 sin fin de oración
oficio_dian_83813_2006           0 artículos       2 chunks    0 forzados    1 sin fin de oración
oficio_dian_84024_2006           0 artículos       4 chunks    0 forzados    1 sin fin de oración
oficio_dian_900626_2021          0 artículos       6 chunks    0 forzados    1 sin fin de oración
oficio_dian_901101_2021          0 artículos       7 chunks    0 forzados    1 sin fin de oración
oficio_dian_901694_2022          0 artículos       8 chunks    0 forzados    2 sin fin de oración
oficio_dian_901755_2022          0 artículos      10 chunks    0 forzados    1 sin fin de oración
oficio_dian_901858_2021          0 artículos       6 chunks    0 forzados    1 sin fin de oración
oficio_dian_902608_2020          0 artículos       3 chunks    0 forzados    1 sin fin de oración
oficio_dian_903260_2021          0 artículos       6 chunks    0 forzados    1 sin fin de oración
oficio_dian_903870_2022          0 artículos       5 chunks    0 forzados    1 sin fin de oración
oficio_dian_905920_2021          0 artículos       8 chunks    0 forzados    2 sin fin de oración
oficio_dian_906045_2020          0 artículos       4 chunks    0 forzados    1 sin fin de oración
oficio_dian_906183_2021          0 artículos       2 chunks    0 forzados    1 sin fin de oración
oficio_dian_906184_2021          0 artículos       2 chunks    0 forzados    1 sin fin de oración
oficio_dian_906998_2022          0 artículos       7 chunks    0 forzados    4 sin fin de oración
oficio_dian_92101_2007           0 artículos       6 chunks    0 forzados    1 sin fin de oración
oficio_dian_99598_2006           0 artículos       5 chunks    0 forzados    1 sin fin de oración
resolucion_banrepublica_0008_2000    86 artículos     114 chunks    0 forzados    3 sin fin de oración
resolucion_banrepublica_jd_0001_2018   109 artículos     143 chunks    0 forzados    1 sin fin de oración
resolucion_banrepublica_jd_0001_2020     7 artículos      11 chunks    0 forzados    2 sin fin de oración
resolucion_banrepublica_jd_0001_2025     7 artículos      10 chunks    0 forzados    2 sin fin de oración
resolucion_banrepublica_jd_0002_2023     4 artículos       5 chunks    0 forzados    1 sin fin de oración
resolucion_banrepublica_jd_0003_2019    14 artículos      17 chunks    0 forzados    2 sin fin de oración
resolucion_banrepublica_jd_0004_2021     7 artículos       8 chunks    0 forzados    2 sin fin de oración
resolucion_banrepublica_jd_0007_2020     2 artículos       3 chunks    0 forzados    2 sin fin de oración
resolucion_banrepublica_jd_0007_2021     2 artículos       7 chunks    0 forzados    1 sin fin de oración
resolucion_banrepublica_jd_0008_2022     2 artículos       3 chunks    0 forzados    1 sin fin de oración
resolucion_banrepublica_jd_0010_2022     0 artículos       2 chunks    0 forzados    2 sin fin de oración
resolucion_banrepublica_jd_0024_2020     5 artículos       8 chunks    0 forzados    1 sin fin de oración
resolucion_banrepublica_jd_0025_2020     2 artículos       3 chunks    0 forzados    2 sin fin de oración
resolucion_dian_0001_2012       26 artículos      28 chunks    0 forzados    1 sin fin de oración
resolucion_dian_0001_2021        2 artículos       5 chunks    0 forzados    1 sin fin de oración
resolucion_dian_0001_2024        3 artículos       7 chunks    0 forzados    1 sin fin de oración
resolucion_dian_0002_2018       14 artículos      16 chunks    0 forzados    2 sin fin de oración
resolucion_dian_0003_2025        4 artículos       6 chunks    0 forzados    1 sin fin de oración
resolucion_dian_0003_2026        4 artículos      12 chunks    0 forzados    1 sin fin de oración
resolucion_dian_0004_2019       12 artículos     114 chunks    0 forzados   10 sin fin de oración
resolucion_dian_0004_2020       21 artículos      28 chunks    0 forzados    1 sin fin de oración
resolucion_dian_0004_2022        3 artículos       6 chunks    0 forzados    2 sin fin de oración
resolucion_dian_0004_2024        3 artículos       5 chunks    0 forzados    1 sin fin de oración
resolucion_dian_0004_2025        4 artículos       6 chunks    0 forzados    1 sin fin de oración
resolucion_dian_0004_2026        4 artículos      13 chunks    0 forzados    1 sin fin de oración
resolucion_dian_0005_2021        3 artículos       5 chunks    0 forzados    1 sin fin de oración
resolucion_dian_0005_2023        5 artículos      12 chunks    0 forzados    1 sin fin de oración
resolucion_dian_0006_2017       14 artículos      18 chunks    0 forzados    2 sin fin de oración
resolucion_dian_0006_2025        3 artículos       6 chunks    0 forzados    1 sin fin de oración
resolucion_dian_0006_2026        3 artículos       6 chunks    0 forzados    1 sin fin de oración
resolucion_dian_0007_2025        2 artículos      18 chunks    0 forzados    7 sin fin de oración
resolucion_dian_0008_2024        4 artículos       9 chunks    0 forzados    1 sin fin de oración
resolucion_dian_0008_2026        3 artículos       8 chunks    0 forzados    2 sin fin de oración
resolucion_dian_0011_2020       33 artículos      47 chunks    0 forzados    1 sin fin de oración
resolucion_dian_0011_2026        3 artículos       9 chunks    0 forzados    1 sin fin de oración
resolucion_dian_0012_2021       10 artículos      15 chunks    0 forzados    2 sin fin de oración
resolucion_dian_0012_2026        6 artículos      13 chunks    0 forzados    4 sin fin de oración
resolucion_dian_0013_2017        7 artículos      10 chunks    0 forzados    2 sin fin de oración
resolucion_dian_0013_2019        4 artículos      13 chunks    0 forzados    1 sin fin de oración
resolucion_dian_0013_2021       37 artículos      67 chunks    0 forzados    2 sin fin de oración
resolucion_dian_0013_2026        4 artículos       6 chunks    0 forzados    1 sin fin de oración
resolucion_dian_0014_2026        9 artículos      14 chunks    0 forzados    1 sin fin de oración
resolucion_dian_0015_2019        4 artículos       7 chunks    0 forzados    1 sin fin de oración
resolucion_dian_0015_2021       44 artículos      76 chunks    0 forzados    2 sin fin de oración
resolucion_dian_0016_2019        8 artículos     132 chunks    0 forzados   11 sin fin de oración
resolucion_dian_0017_2020       12 artículos      20 chunks    0 forzados    1 sin fin de oración
resolucion_dian_0017_2021        4 artículos       8 chunks    0 forzados    1 sin fin de oración
resolucion_dian_0017_2026        4 artículos       7 chunks    0 forzados    1 sin fin de oración
resolucion_dian_0018_2021        7 artículos      11 chunks    0 forzados    1 sin fin de oración
resolucion_dian_0019_2016       20 artículos      36 chunks    0 forzados    2 sin fin de oración
resolucion_dian_0019_2018       15 artículos      27 chunks    0 forzados    4 sin fin de oración
resolucion_dian_0019_2020        5 artículos       7 chunks    0 forzados    1 sin fin de oración
resolucion_dian_0020_2017        9 artículos      13 chunks    0 forzados    1 sin fin de oración
resolucion_dian_0020_2019        5 artículos      16 chunks    0 forzados    1 sin fin de oración
resolucion_dian_0021_2013       10 artículos      12 chunks    0 forzados    1 sin fin de oración
resolucion_dian_0021_2017        2 artículos       4 chunks    0 forzados    1 sin fin de oración
resolucion_dian_0021_2026       11 artículos      16 chunks    0 forzados    2 sin fin de oración
resolucion_dian_0022_2019        3 artículos       6 chunks    0 forzados    1 sin fin de oración
resolucion_dian_0022_2023        3 artículos       5 chunks    0 forzados    1 sin fin de oración
resolucion_dian_0022_2024        3 artículos       5 chunks    0 forzados    1 sin fin de oración
resolucion_dian_0023_2022        4 artículos       6 chunks    0 forzados    1 sin fin de oración
resolucion_dian_0024_2026        6 artículos      15 chunks    0 forzados    2 sin fin de oración
resolucion_dian_0026_2017        2 artículos       3 chunks    0 forzados    1 sin fin de oración
resolucion_dian_0026_2019        8 artículos      16 chunks    0 forzados    1 sin fin de oración
resolucion_dian_0026_2024        4 artículos      12 chunks    0 forzados    1 sin fin de oración
resolucion_dian_0027_2021        4 artículos     139 chunks    0 forzados   26 sin fin de oración
resolucion_dian_0029_2020        5 artículos      17 chunks    0 forzados    2 sin fin de oración
resolucion_dian_0030_2016        3 artículos       5 chunks    0 forzados    1 sin fin de oración
resolucion_dian_0030_2019       18 artículos      58 chunks    0 forzados   12 sin fin de oración
resolucion_dian_0031_2021        4 artículos      15 chunks    0 forzados    1 sin fin de oración
resolucion_dian_0031_2024        3 artículos       6 chunks    0 forzados    1 sin fin de oración
resolucion_dian_0034_2021        3 artículos       5 chunks    0 forzados    2 sin fin de oración
resolucion_dian_0035_2023        3 artículos       5 chunks    0 forzados    2 sin fin de oración
resolucion_dian_0036_2019        2 artículos       6 chunks    0 forzados    1 sin fin de oración
resolucion_dian_0037_2018        5 artículos      13 chunks    0 forzados    2 sin fin de oración
resolucion_dian_0037_2022        5 artículos       9 chunks    0 forzados    1 sin fin de oración
resolucion_dian_0038_2020       13 artículos      21 chunks    0 forzados    1 sin fin de oración
resolucion_dian_0039_2021      220 artículos     329 chunks    0 forzados    6 sin fin de oración
resolucion_dian_0041_2013        2 artículos       5 chunks    2 forzados    4 sin fin de oración
resolucion_dian_0041_2016       33 artículos      63 chunks    0 forzados    1 sin fin de oración
resolucion_dian_0042_2016       21 artículos      30 chunks    0 forzados    1 sin fin de oración
resolucion_dian_0042_2020       96 artículos     192 chunks    0 forzados    1 sin fin de oración
resolucion_dian_0043_2017        2 artículos       3 chunks    0 forzados    1 sin fin de oración
resolucion_dian_0044_2019       24 artículos      42 chunks    0 forzados    1 sin fin de oración
resolucion_dian_0044_2024        3 artículos       5 chunks    0 forzados    1 sin fin de oración
resolucion_dian_0046_2017        2 artículos       4 chunks    0 forzados    1 sin fin de oración
resolucion_dian_0046_2019      731 artículos    1327 chunks   46 forzados   80 sin fin de oración
resolucion_dian_0049_2017        3 artículos       5 chunks    0 forzados    1 sin fin de oración
resolucion_dian_0050_2023        3 artículos       6 chunks    0 forzados    1 sin fin de oración
resolucion_dian_0051_2018       31 artículos      37 chunks    0 forzados    1 sin fin de oración
resolucion_dian_0051_2019        4 artículos       7 chunks    0 forzados    1 sin fin de oración
resolucion_dian_0051_2020        3 artículos       6 chunks    0 forzados    2 sin fin de oración
resolucion_dian_0051_2023        5 artículos       9 chunks    0 forzados    1 sin fin de oración
resolucion_dian_0052_2021        3 artículos       5 chunks    0 forzados    1 sin fin de oración
resolucion_dian_0054_2020        1 artículos       8 chunks    0 forzados    1 sin fin de oración
resolucion_dian_0055_2016       20 artículos      28 chunks    0 forzados    2 sin fin de oración
resolucion_dian_0055_2017        5 artículos      10 chunks    0 forzados    1 sin fin de oración
resolucion_dian_0055_2019        5 artículos       9 chunks    0 forzados    2 sin fin de oración
resolucion_dian_0055_2021       27 artículos      51 chunks    0 forzados    2 sin fin de oración
resolucion_dian_0056_2018        4 artículos       6 chunks    0 forzados    1 sin fin de oración
resolucion_dian_0056_2021       14 artículos      20 chunks    0 forzados    1 sin fin de oración
resolucion_dian_0057_2014        5 artículos      10 chunks    2 forzados    4 sin fin de oración
resolucion_dian_0057_2016        2 artículos       4 chunks    0 forzados    2 sin fin de oración
resolucion_dian_0060_2015       12 artículos     124 chunks    2 forzados   20 sin fin de oración
resolucion_dian_0060_2016       20 artículos      67 chunks    0 forzados    1 sin fin de oración
resolucion_dian_0061_2017       35 artículos     117 chunks    0 forzados    2 sin fin de oración
resolucion_dian_0063_2016       18 artículos      46 chunks    0 forzados    5 sin fin de oración
resolucion_dian_0063_2017        3 artículos       5 chunks    0 forzados    1 sin fin de oración
resolucion_dian_0063_2019        5 artículos       8 chunks    0 forzados    2 sin fin de oración
resolucion_dian_0064_2016       53 artículos      86 chunks    0 forzados    4 sin fin de oración
resolucion_dian_0064_2019        2 artículos       8 chunks    0 forzados    1 sin fin de oración
resolucion_dian_0064_2021       13 artículos      32 chunks    0 forzados    1 sin fin de oración
resolucion_dian_0067_2020       10 artículos      18 chunks    0 forzados    2 sin fin de oración
resolucion_dian_0069_2019        5 artículos      41 chunks    0 forzados    6 sin fin de oración
resolucion_dian_0069_2020        3 artículos       6 chunks    0 forzados    2 sin fin de oración
resolucion_dian_0069_2021        6 artículos     239 chunks    5 forzados    8 sin fin de oración
resolucion_dian_0070_2016       10 artículos      14 chunks    0 forzados    2 sin fin de oración
resolucion_dian_0070_2021        5 artículos     154 chunks    0 forzados    1 sin fin de oración
resolucion_dian_0070_2023       13 artículos      25 chunks    0 forzados    1 sin fin de oración
resolucion_dian_0071_2016        3 artículos       5 chunks    0 forzados    1 sin fin de oración
resolucion_dian_0071_2019        8 artículos      11 chunks    0 forzados    1 sin fin de oración
resolucion_dian_0071_2023        1 artículos       2 chunks    0 forzados    1 sin fin de oración
resolucion_dian_0072_2016       64 artículos      93 chunks    0 forzados    1 sin fin de oración
resolucion_dian_0072_2019        5 artículos      11 chunks    0 forzados    1 sin fin de oración
resolucion_dian_0073_2019        2 artículos       6 chunks    0 forzados    1 sin fin de oración
resolucion_dian_0075_2019        5 artículos       7 chunks    0 forzados    3 sin fin de oración
resolucion_dian_0079_2020        7 artículos      17 chunks    0 forzados    1 sin fin de oración
resolucion_dian_0080_2019        9 artículos      51 chunks    0 forzados   26 sin fin de oración
resolucion_dian_0080_2020        5 artículos       8 chunks    0 forzados    1 sin fin de oración
resolucion_dian_0081_2024        4 artículos       8 chunks    0 forzados    1 sin fin de oración
resolucion_dian_0082_2020        4 artículos       8 chunks    2 forzados    3 sin fin de oración
resolucion_dian_0084_2019        4 artículos       7 chunks    0 forzados    1 sin fin de oración
resolucion_dian_0085_2020       37 artículos      48 chunks    0 forzados    2 sin fin de oración
resolucion_dian_0085_2022       36 artículos      65 chunks    0 forzados    2 sin fin de oración
resolucion_dian_0086_2016        5 artículos      54 chunks    0 forzados   14 sin fin de oración
resolucion_dian_0086_2023        5 artículos       9 chunks    0 forzados    1 sin fin de oración
resolucion_dian_0089_2019        3 artículos       5 chunks    0 forzados    2 sin fin de oración
resolucion_dian_0091_2021       61 artículos      97 chunks    0 forzados    8 sin fin de oración
resolucion_dian_0095_2023       43 artículos      58 chunks    0 forzados    2 sin fin de oración
resolucion_dian_0096_2024        4 artículos      11 chunks    0 forzados    1 sin fin de oración
resolucion_dian_0098_2023        3 artículos       7 chunks    0 forzados    1 sin fin de oración
resolucion_dian_0100_2020        4 artículos       7 chunks    0 forzados    1 sin fin de oración
resolucion_dian_0100_2023        5 artículos       8 chunks    0 forzados    3 sin fin de oración
resolucion_dian_0101_2023        3 artículos      10 chunks    0 forzados    2 sin fin de oración
resolucion_dian_0101_2024        3 artículos       7 chunks    0 forzados    1 sin fin de oración
resolucion_dian_0102_2023        8 artículos      15 chunks    0 forzados    1 sin fin de oración
resolucion_dian_0106_2024        4 artículos       7 chunks    0 forzados    1 sin fin de oración
resolucion_dian_0107_2021        7 artículos      37 chunks    2 forzados    5 sin fin de oración
resolucion_dian_0108_2021        4 artículos       7 chunks    0 forzados    1 sin fin de oración
resolucion_dian_0108_2023        5 artículos       8 chunks    0 forzados    1 sin fin de oración
resolucion_dian_0109_2024        3 artículos       5 chunks    0 forzados    1 sin fin de oración
resolucion_dian_0110_2021       15 artículos      24 chunks    0 forzados    1 sin fin de oración
resolucion_dian_0112_2020       12 artículos      21 chunks    0 forzados    7 sin fin de oración
resolucion_dian_0114_2014        2 artículos       6 chunks    0 forzados    1 sin fin de oración
resolucion_dian_0114_2020        8 artículos      14 chunks    0 forzados    2 sin fin de oración
resolucion_dian_0114_2024        5 artículos       8 chunks    0 forzados    1 sin fin de oración
resolucion_dian_0115_2015        3 artículos       5 chunks    0 forzados    1 sin fin de oración
resolucion_dian_0117_2024        7 artículos      11 chunks    0 forzados    1 sin fin de oración
resolucion_dian_0119_2024        7 artículos      10 chunks    0 forzados    2 sin fin de oración
resolucion_dian_0120_2024        4 artículos       6 chunks    0 forzados    1 sin fin de oración
resolucion_dian_0131_2021        4 artículos       7 chunks    0 forzados    1 sin fin de oración
resolucion_dian_0132_2015       11 artículos      50 chunks   12 forzados   16 sin fin de oración
resolucion_dian_0139_2012        6 artículos      42 chunks    2 forzados    8 sin fin de oración
resolucion_dian_0139_2023        7 artículos      10 chunks    0 forzados    1 sin fin de oración
resolucion_dian_0140_2021        4 artículos       6 chunks    0 forzados    1 sin fin de oración
resolucion_dian_0145_2021        4 artículos      12 chunks    0 forzados    1 sin fin de oración
resolucion_dian_0151_2012       10 artículos      93 chunks    4 forzados   22 sin fin de oración
resolucion_dian_0154_2012        2 artículos       5 chunks    0 forzados    4 sin fin de oración
resolucion_dian_0161_2021       10 artículos      33 chunks    0 forzados    7 sin fin de oración
resolucion_dian_0162_2023       86 artículos     243 chunks   12 forzados   54 sin fin de oración
resolucion_dian_0164_2021       25 artículos      34 chunks    0 forzados    3 sin fin de oración
resolucion_dian_0165_2023       71 artículos     163 chunks    0 forzados    2 sin fin de oración
resolucion_dian_0167_2021       26 artículos      54 chunks    0 forzados    2 sin fin de oración
resolucion_dian_0177_2024        3 artículos       7 chunks    0 forzados    1 sin fin de oración
resolucion_dian_0185_2024       27 artículos      54 chunks    0 forzados    1 sin fin de oración
resolucion_dian_0187_2024        4 artículos       6 chunks    0 forzados    1 sin fin de oración
resolucion_dian_0188_2024       27 artículos      73 chunks    0 forzados   16 sin fin de oración
resolucion_dian_0189_2024        5 artículos      14 chunks    0 forzados    1 sin fin de oración
resolucion_dian_0191_2024        6 artículos      11 chunks    0 forzados    1 sin fin de oración
resolucion_dian_0192_2025        4 artículos       6 chunks    0 forzados    4 sin fin de oración
resolucion_dian_0193_2024        4 artículos       6 chunks    0 forzados    1 sin fin de oración
resolucion_dian_0196_2024        3 artículos       5 chunks    0 forzados    2 sin fin de oración
resolucion_dian_0196_2025        3 artículos       7 chunks    0 forzados    1 sin fin de oración
resolucion_dian_0199_2024       14 artículos      32 chunks    0 forzados    4 sin fin de oración
resolucion_dian_0202_2024        3 artículos       5 chunks    0 forzados    2 sin fin de oración
resolucion_dian_0202_2025        7 artículos      19 chunks    0 forzados    1 sin fin de oración
resolucion_dian_0206_2023        5 artículos      11 chunks    0 forzados    1 sin fin de oración
resolucion_dian_0208_2025        3 artículos       9 chunks    0 forzados    2 sin fin de oración
resolucion_dian_0210_2025       35 artículos     155 chunks    0 forzados    8 sin fin de oración
resolucion_dian_0211_2025        4 artículos       8 chunks    0 forzados    1 sin fin de oración
resolucion_dian_0213_2025        4 artículos      10 chunks    0 forzados    2 sin fin de oración
resolucion_dian_0217_2025        8 artículos      17 chunks    0 forzados    1 sin fin de oración
resolucion_dian_0219_2025        3 artículos       6 chunks    0 forzados    1 sin fin de oración
resolucion_dian_0223_2025        4 artículos       8 chunks    0 forzados    1 sin fin de oración
resolucion_dian_0225_2025        5 artículos      13 chunks    0 forzados    2 sin fin de oración
resolucion_dian_0227_2025      774 artículos    1372 chunks   28 forzados   73 sin fin de oración
resolucion_dian_0228_2025       10 artículos      17 chunks    0 forzados    2 sin fin de oración
resolucion_dian_0229_2025        4 artículos       6 chunks    0 forzados    1 sin fin de oración
resolucion_dian_0232_2025       10 artículos      22 chunks    0 forzados    2 sin fin de oración
resolucion_dian_0233_2025       31 artículos      84 chunks    7 forzados   14 sin fin de oración
resolucion_dian_0234_2025        5 artículos       8 chunks    0 forzados    1 sin fin de oración
resolucion_dian_0235_2025        3 artículos       6 chunks    0 forzados    1 sin fin de oración
resolucion_dian_0237_2025        4 artículos      22 chunks    4 forzados    2 sin fin de oración
resolucion_dian_0238_2025        3 artículos       6 chunks    0 forzados    1 sin fin de oración
resolucion_dian_0242_2025        4 artículos       9 chunks    0 forzados    1 sin fin de oración
resolucion_dian_0246_2025        2 artículos       5 chunks    0 forzados    2 sin fin de oración
resolucion_dian_0247_2025        3 artículos       6 chunks    0 forzados    2 sin fin de oración
resolucion_dian_0263_2014       19 artículos      26 chunks    0 forzados    1 sin fin de oración
resolucion_dian_0396_2005       12 artículos      20 chunks    0 forzados    1 sin fin de oración
resolucion_dian_0478_2000       54 artículos      76 chunks    0 forzados    7 sin fin de oración
resolucion_dian_0488_2022        3 artículos       7 chunks    0 forzados    1 sin fin de oración
resolucion_dian_0489_2022       31 artículos      75 chunks    0 forzados    5 sin fin de oración
resolucion_dian_0495_2022       13 artículos      18 chunks    0 forzados    2 sin fin de oración
resolucion_dian_0502_2022        9 artículos      14 chunks    0 forzados    1 sin fin de oración
resolucion_dian_10061_2025       3 artículos       8 chunks    0 forzados    1 sin fin de oración
resolucion_dian_1096_2022        3 artículos       5 chunks    0 forzados    1 sin fin de oración
resolucion_dian_11147_2023      10 artículos      21 chunks    0 forzados    1 sin fin de oración
resolucion_dian_11336_2023       6 artículos       9 chunks    0 forzados    1 sin fin de oración
resolucion_dian_1210_2022       12 artículos      21 chunks    0 forzados    2 sin fin de oración
resolucion_dian_1219_2022       12 artículos      16 chunks    0 forzados    1 sin fin de oración
resolucion_dian_1225_2022        5 artículos      10 chunks    0 forzados    1 sin fin de oración
resolucion_dian_1232_2022        5 artículos       8 chunks    0 forzados    1 sin fin de oración
resolucion_dian_1238_2022        5 artículos      10 chunks    0 forzados    2 sin fin de oración
resolucion_dian_1240_2022        5 artículos      20 chunks    6 forzados    5 sin fin de oración
resolucion_dian_1253_2022        7 artículos      15 chunks    0 forzados    2 sin fin de oración
resolucion_dian_1264_2022        4 artículos       6 chunks    0 forzados    1 sin fin de oración
resolucion_dian_12717_2005      17 artículos      26 chunks    0 forzados    2 sin fin de oración
resolucion_dian_12761_2011       6 artículos      12 chunks    0 forzados    1 sin fin de oración
resolucion_dian_1283_2005        3 artículos       5 chunks    0 forzados    2 sin fin de oración
resolucion_dian_1286_2022        5 artículos       8 chunks    0 forzados    2 sin fin de oración
resolucion_dian_1297_2022        4 artículos      11 chunks    0 forzados    1 sin fin de oración
resolucion_dian_15250_2006      10 artículos      15 chunks    0 forzados    6 sin fin de oración
resolucion_dian_15734_2007      11 artículos      36 chunks    0 forzados    4 sin fin de oración
resolucion_dian_16141_2007      14 artículos      91 chunks   11 forzados   15 sin fin de oración
resolucion_dian_1767_2006        3 artículos       6 chunks    0 forzados    1 sin fin de oración
resolucion_dian_2057_2002        4 artículos       5 chunks    0 forzados    1 sin fin de oración
resolucion_dian_2099_2009        6 artículos      15 chunks    0 forzados    3 sin fin de oración
resolucion_dian_2184_2004        9 artículos      12 chunks    0 forzados    1 sin fin de oración
resolucion_dian_2403_2020        3 artículos       5 chunks    0 forzados    3 sin fin de oración
resolucion_dian_2409_2006        5 artículos      11 chunks    0 forzados    1 sin fin de oración
resolucion_dian_3083_2007        6 artículos      10 chunks    0 forzados    1 sin fin de oración
resolucion_dian_3416_2006       20 artículos      43 chunks    0 forzados    1 sin fin de oración
resolucion_dian_3878_1996       11 artículos      14 chunks    0 forzados    2 sin fin de oración
resolucion_dian_4081_1999       12 artículos      16 chunks    0 forzados    1 sin fin de oración
resolucion_dian_4083_1999        3 artículos      29 chunks    0 forzados    6 sin fin de oración
resolucion_dian_4285_2026        4 artículos       6 chunks    0 forzados    1 sin fin de oración
resolucion_dian_5062_2007        4 artículos       5 chunks    0 forzados    1 sin fin de oración
resolucion_dian_5176_2008        4 artículos      25 chunks    0 forzados    4 sin fin de oración
resolucion_dian_5244_2018        4 artículos       7 chunks    0 forzados    1 sin fin de oración
resolucion_dian_5707_2019        5 artículos      13 chunks    0 forzados    1 sin fin de oración
resolucion_dian_5709_1996        7 artículos      10 chunks    0 forzados    3 sin fin de oración
resolucion_dian_5744_2024        3 artículos       6 chunks    0 forzados    1 sin fin de oración
resolucion_dian_8110_2010        7 artículos      14 chunks    0 forzados    1 sin fin de oración
resolucion_dian_8346_2004        3 artículos       4 chunks    0 forzados    1 sin fin de oración
resolucion_dian_9021_2025        4 artículos      10 chunks    0 forzados    1 sin fin de oración
resolucion_dian_9147_2006        9 artículos     163 chunks   51 forzados   43 sin fin de oración
resolucion_dian_9148_2006        9 artículos      25 chunks    5 forzados    7 sin fin de oración
resolucion_dian_9149_2006        9 artículos      50 chunks   10 forzados   15 sin fin de oración
resolucion_dian_rd424000       762 artículos    1037 chunks    0 forzados   15 sin fin de oración
resolucion_mintic_1519_2020      8 artículos      14 chunks    0 forzados    0 sin fin de oración
resolucion_mintic_2160_2020      6 artículos     296 chunks    7 forzados   57 sin fin de oración
resolucion_mintic_2893_2020      9 artículos     247 chunks    0 forzados   48 sin fin de oración
resolucion_sgcandina_rsg1456    18 artículos      20 chunks    0 forzados    1 sin fin de oración
resolucion_sgcandina_rsg1457    12 artículos      78 chunks   22 forzados   41 sin fin de oración
resolucion_sgcandina_rsg1684    88 artículos     402 chunks    0 forzados  136 sin fin de oración
resolucion_sgcandina_rsg1828     8 artículos      10 chunks    0 forzados    1 sin fin de oración
resolucion_sgcandina_rsg1952     5 artículos      44 chunks    9 forzados   21 sin fin de oración
resolucion_sgcandina_rsg2101    54 artículos      70 chunks    0 forzados   10 sin fin de oración
resolucion_sgcandina_rsg2410     3 artículos       7 chunks    0 forzados    1 sin fin de oración
sentencia_a-293_2014             0 artículos      18 chunks    0 forzados    3 sin fin de oración
sentencia_c-1011_2008            0 artículos     203 chunks    0 forzados   43 sin fin de oración
sentencia_c-1033_2002            0 artículos      39 chunks    0 forzados   10 sin fin de oración
sentencia_c-106_2018             0 artículos     138 chunks    3 forzados   16 sin fin de oración
sentencia_c-117_2018             0 artículos     136 chunks    0 forzados   12 sin fin de oración
sentencia_c-1189_2000            0 artículos      86 chunks    0 forzados   15 sin fin de oración
sentencia_c-127_2011             0 artículos      74 chunks    0 forzados   11 sin fin de oración
sentencia_c-131_2018             0 artículos      74 chunks    0 forzados    5 sin fin de oración
sentencia_c-134_2019             0 artículos      45 chunks    0 forzados    4 sin fin de oración
sentencia_c-145_2018             0 artículos      98 chunks    0 forzados   12 sin fin de oración
sentencia_c-145_2020             0 artículos     119 chunks    2 forzados   20 sin fin de oración
sentencia_c-149_1993             0 artículos      35 chunks    0 forzados    5 sin fin de oración
sentencia_c-15_2018              0 artículos     153 chunks    7 forzados   14 sin fin de oración
sentencia_c-164_2022             0 artículos     153 chunks    0 forzados   25 sin fin de oración
sentencia_c-170_2004             0 artículos     111 chunks    0 forzados   15 sin fin de oración
sentencia_c-183_2025             0 artículos     163 chunks    2 forzados   18 sin fin de oración
sentencia_c-201_2002             0 artículos     107 chunks    0 forzados   25 sin fin de oración
sentencia_c-207_2019             0 artículos     217 chunks    2 forzados   19 sin fin de oración
sentencia_c-225_1995             0 artículos     133 chunks    0 forzados   13 sin fin de oración
sentencia_c-228_2002             0 artículos     115 chunks    0 forzados   18 sin fin de oración
sentencia_c-228_2010             0 artículos     142 chunks    0 forzados   19 sin fin de oración
sentencia_c-22_1996              0 artículos      26 chunks    0 forzados   11 sin fin de oración
sentencia_c-233_2021             0 artículos     164 chunks    0 forzados   33 sin fin de oración
sentencia_c-239_1997             0 artículos     218 chunks    0 forzados   30 sin fin de oración
sentencia_c-259_2015             0 artículos     127 chunks    2 forzados    6 sin fin de oración
sentencia_c-276_2025             0 artículos     128 chunks    0 forzados   16 sin fin de oración
sentencia_c-32_2017              0 artículos     110 chunks    0 forzados   22 sin fin de oración
sentencia_c-332_2025             0 artículos     114 chunks    0 forzados   18 sin fin de oración
sentencia_c-335_2008             0 artículos      94 chunks    0 forzados   10 sin fin de oración
sentencia_c-345_2017             0 artículos     124 chunks    0 forzados   16 sin fin de oración
sentencia_c-355_2006             0 artículos     154 chunks    0 forzados   34 sin fin de oración
sentencia_c-35_2009              0 artículos      82 chunks    2 forzados    6 sin fin de oración
sentencia_c-370_2006             0 artículos     135 chunks    0 forzados   26 sin fin de oración
sentencia_c-389_2023             0 artículos      87 chunks    0 forzados   10 sin fin de oración
sentencia_c-394_2017             0 artículos     209 chunks    0 forzados   23 sin fin de oración
sentencia_c-39_2025              0 artículos     126 chunks    3 forzados   21 sin fin de oración
sentencia_c-413_1996             0 artículos      16 chunks    0 forzados    3 sin fin de oración
sentencia_c-431_2001             0 artículos       9 chunks    0 forzados    1 sin fin de oración
sentencia_c-459_2023             0 artículos      92 chunks    0 forzados    9 sin fin de oración
sentencia_c-468_2024             0 artículos      92 chunks    0 forzados    8 sin fin de oración
sentencia_c-486_1993             0 artículos      65 chunks    0 forzados    7 sin fin de oración
sentencia_c-4_1998               0 artículos      23 chunks    0 forzados    3 sin fin de oración
sentencia_c-500_2024             0 artículos      98 chunks    0 forzados   10 sin fin de oración
sentencia_c-507_2004             0 artículos     180 chunks    0 forzados   55 sin fin de oración
sentencia_c-533_2000             0 artículos      22 chunks    0 forzados    3 sin fin de oración
sentencia_c-535_2002             0 artículos      28 chunks    0 forzados    7 sin fin de oración
sentencia_c-537_1995             0 artículos      55 chunks    0 forzados    6 sin fin de oración
sentencia_c-540_2023             0 artículos     113 chunks    0 forzados    8 sin fin de oración
sentencia_c-554_2001             0 artículos      32 chunks    0 forzados    7 sin fin de oración
sentencia_c-55_2022              0 artículos     178 chunks    2 forzados   38 sin fin de oración
sentencia_c-577_2011             0 artículos     241 chunks    3 forzados   24 sin fin de oración
sentencia_c-579_2013             0 artículos     147 chunks    4 forzados   16 sin fin de oración
sentencia_c-582_1999             0 artículos      24 chunks    0 forzados    7 sin fin de oración
sentencia_c-590_2005             0 artículos      86 chunks    0 forzados   14 sin fin de oración
sentencia_c-591_2005             0 artículos     215 chunks    2 forzados   25 sin fin de oración
sentencia_c-683_2015             0 artículos     194 chunks    0 forzados   27 sin fin de oración
sentencia_c-700_1999             0 artículos     186 chunks    0 forzados   19 sin fin de oración
sentencia_c-746_2011             0 artículos      32 chunks    0 forzados    1 sin fin de oración
sentencia_c-748_2011             0 artículos     128 chunks    0 forzados   32 sin fin de oración
sentencia_c-80_2025              0 artículos     133 chunks    0 forzados   18 sin fin de oración
sentencia_c-891_2012             0 artículos      58 chunks    0 forzados   11 sin fin de oración
sentencia_c-94_2021              0 artículos     106 chunks    0 forzados   10 sin fin de oración
sentencia_c-964_2003             0 artículos      77 chunks    0 forzados    4 sin fin de oración
sentencia_c-96_2024              0 artículos     155 chunks    0 forzados   19 sin fin de oración
sentencia_c-985_2010             0 artículos      85 chunks    0 forzados   14 sin fin de oración
sentencia_ce_s2_ij_su_2022       0 artículos     116 chunks    0 forzados   28 sin fin de oración
sentencia_ce_s3_19031_2011       0 artículos     182 chunks    8 forzados   64 sin fin de oración
sentencia_ce_s3_26251_2014       0 artículos     222 chunks    5 forzados   37 sin fin de oración
sentencia_ce_s3_32988_2014       0 artículos     299 chunks   13 forzados   68 sin fin de oración
sentencia_sc_1121_2018           0 artículos      42 chunks    2 forzados    3 sin fin de oración
sentencia_sc_18392_2017          0 artículos      38 chunks    0 forzados   27 sin fin de oración
sentencia_sc_3085_2024           0 artículos     107 chunks    0 forzados   14 sin fin de oración
sentencia_sc_3674_2021           0 artículos     407 chunks   32 forzados   90 sin fin de oración
sentencia_sc_425_2024            0 artículos      82 chunks    0 forzados   20 sin fin de oración
sentencia_sc_8453_2016           0 artículos      16 chunks    0 forzados   16 sin fin de oración
sentencia_sl_1050_2023           0 artículos      66 chunks    0 forzados   15 sin fin de oración
sentencia_sl_1730_2020           0 artículos      62 chunks    0 forzados   22 sin fin de oración
sentencia_sl_3385_2022           0 artículos      19 chunks    0 forzados    9 sin fin de oración
sentencia_sl_648_2018            0 artículos       0 chunks    0 forzados    0 sin fin de oración
sentencia_sp_1167_2022           0 artículos      39 chunks    0 forzados   15 sin fin de oración
sentencia_sp_1680_2022           0 artículos      40 chunks    0 forzados   10 sin fin de oración
sentencia_sp_1945_2019           0 artículos       0 chunks    0 forzados    0 sin fin de oración
sentencia_su-111_2025            0 artículos     134 chunks    0 forzados   18 sin fin de oración
sentencia_su-11_2020             0 artículos     128 chunks    2 forzados    6 sin fin de oración
sentencia_su-1219_2001           0 artículos      72 chunks    0 forzados   14 sin fin de oración
sentencia_su-138_2024            0 artículos      93 chunks    0 forzados    7 sin fin de oración
sentencia_su-149_2021            0 artículos     124 chunks    0 forzados   16 sin fin de oración
sentencia_su-16_2020             0 artículos     128 chunks    2 forzados   14 sin fin de oración
sentencia_su-207_2022            0 artículos     120 chunks    0 forzados   17 sin fin de oración
sentencia_su-214_2016            0 artículos      86 chunks    0 forzados   46 sin fin de oración
sentencia_su-217_2017            0 artículos     188 chunks    2 forzados   13 sin fin de oración
sentencia_su-240_2015            0 artículos     102 chunks    2 forzados    9 sin fin de oración
sentencia_su-277_2025            0 artículos     124 chunks    0 forzados    8 sin fin de oración
sentencia_su-27_2021             0 artículos     104 chunks    0 forzados   18 sin fin de oración
sentencia_su-296_2023            0 artículos     167 chunks    3 forzados   21 sin fin de oración
sentencia_su-315_2025            0 artículos     112 chunks    0 forzados   25 sin fin de oración
sentencia_su-380_2021            0 artículos     137 chunks    0 forzados   15 sin fin de oración
sentencia_su-396_2024            0 artículos     110 chunks    0 forzados   15 sin fin de oración
sentencia_su-425_2025            0 artículos      79 chunks    0 forzados   12 sin fin de oración
sentencia_su-429_2024            0 artículos     149 chunks    0 forzados   19 sin fin de oración
sentencia_su-431_2015            0 artículos     167 chunks    0 forzados   25 sin fin de oración
sentencia_su-455_2020            0 artículos     110 chunks    0 forzados   15 sin fin de oración
sentencia_su-488_2011            0 artículos       0 chunks    0 forzados    0 sin fin de oración
sentencia_su-500_2015            0 artículos     201 chunks    0 forzados   16 sin fin de oración
sentencia_su-566_2015            0 artículos     216 chunks    2 forzados    7 sin fin de oración
sentencia_t-1001_2001            0 artículos      68 chunks    0 forzados    8 sin fin de oración
sentencia_t-1059_2001            0 artículos      45 chunks    0 forzados    7 sin fin de oración
sentencia_t-1096_2008            0 artículos      67 chunks    0 forzados    3 sin fin de oración
sentencia_t-145_2016             0 artículos      90 chunks    0 forzados   10 sin fin de oración
sentencia_t-153_1998             0 artículos      98 chunks    0 forzados   12 sin fin de oración
sentencia_t-230_2023             0 artículos      27 chunks    2 forzados    2 sin fin de oración
sentencia_t-232_2025             0 artículos     108 chunks    0 forzados   22 sin fin de oración
sentencia_t-243_2018             0 artículos      77 chunks    0 forzados    8 sin fin de oración
sentencia_t-248_2025             0 artículos       0 chunks    0 forzados    0 sin fin de oración
sentencia_t-256_2025             0 artículos     146 chunks    0 forzados   21 sin fin de oración
sentencia_t-25_2004              0 artículos     196 chunks   24 forzados   26 sin fin de oración
sentencia_t-262_2025             0 artículos     107 chunks    2 forzados   11 sin fin de oración
sentencia_t-26_2025              0 artículos     114 chunks    0 forzados   12 sin fin de oración
sentencia_t-323_2024             0 artículos     136 chunks    4 forzados   12 sin fin de oración
sentencia_t-325_2025             0 artículos      76 chunks    0 forzados   13 sin fin de oración
sentencia_t-350_2025             0 artículos     109 chunks    0 forzados   14 sin fin de oración
sentencia_t-414_1992             0 artículos      47 chunks    0 forzados    3 sin fin de oración
sentencia_t-429_2011             0 artículos      45 chunks    0 forzados   12 sin fin de oración
sentencia_t-445_2024             0 artículos     140 chunks    3 forzados   16 sin fin de oración
sentencia_t-4_2026               0 artículos     110 chunks    0 forzados   16 sin fin de oración
sentencia_t-547_2017             0 artículos      82 chunks    0 forzados   16 sin fin de oración
sentencia_t-622_2016             0 artículos     202 chunks    0 forzados    6 sin fin de oración
sentencia_t-67_2025              0 artículos     142 chunks    0 forzados   17 sin fin de oración
sentencia_t-71_2016              0 artículos      95 chunks    0 forzados   13 sin fin de oración
sentencia_t-760_2008             0 artículos     274 chunks    4 forzados   33 sin fin de oración
sentencia_t-77_2025              0 artículos      81 chunks    0 forzados   10 sin fin de oración
sentencia_t-925_2014             0 artículos      35 chunks    0 forzados   10 sin fin de oración
sentencia_t-970_2014             0 artículos     125 chunks    0 forzados   20 sin fin de oración
TOTAL 220903 chunks | 3542 sobre el límite | 21867 duplicados exactos | 1261 con residuos
== 2/2 resumen
documentos: 3485
chunks: 220903 | sobre el límite: 3542 | duplicados exactos: 21867 | con residuos: 1261
== fin: [chunking] Terminó OK · 2026-10-02 18:08:05
