Job enriquecer_corpus 756990 en nodea-6 · 2026-10-03 09:36:06
== 0/4 verificando entradas
== 1/4 normas nombradas en data/test_992.jsonl
RESULTADO preguntas: 992 · con mención normativa: 404 · normas distintas: 142 · ya en el corpus: 99 · a descargar: 41 · a buscar a mano: 2 · oraciones sin cita reconocida: 105
  falta Resolución 368 de 2014 (23 preguntas): buscar a mano
  falta Sentencia C-581 de 2001 (3 preguntas): descargar como sentencia_c-581_2001
  falta Sentencia SU-288 de 2015 (2 preguntas): descargar como sentencia_su-288_2015
  falta Sentencia SU-292 de 2025 (2 preguntas): descargar como sentencia_su-292_2025
  falta Sentencia T-202 de 2018 (2 preguntas): descargar como sentencia_t-202_2018
  falta Sentencia T-202 de 2024 (2 preguntas): descargar como sentencia_t-202_2024
  falta Decreto 2663 de 1950 (1 preguntas): descargar como decreto_2663_1950
  falta Decreto 3030 de 2022 (1 preguntas): descargar como decreto_3030_2022
  falta Decreto 4302 de 2008 (1 preguntas): descargar como decreto_4302_2008
  falta Sentencia C-148 de 2025 (1 preguntas): descargar como sentencia_c-148_2025
  falta Sentencia C-29 de 2009 (1 preguntas): descargar como sentencia_c-29_2009
  falta Sentencia C-317 de 2025 (1 preguntas): descargar como sentencia_c-317_2025
  falta Sentencia C-448 de 2020 (1 preguntas): descargar como sentencia_c-448_2020
  falta Sentencia C-465 de 2008 (1 preguntas): descargar como sentencia_c-465_2008
  falta Sentencia C-539 de 2016 (1 preguntas): descargar como sentencia_c-539_2016
  falta Sentencia C-75 de 2007 (1 preguntas): descargar como sentencia_c-75_2007
  falta Sentencia C-878 de 2011 (1 preguntas): descargar como sentencia_c-878_2011
  falta Sentencia SL-3871 de 2021 (1 preguntas): buscar a mano
  falta Sentencia SU-140 de 2019 (1 preguntas): descargar como sentencia_su-140_2019
  falta Sentencia SU-167 de 2023 (1 preguntas): descargar como sentencia_su-167_2023
  falta Sentencia SU-237 de 2019 (1 preguntas): descargar como sentencia_su-237_2019
  falta Sentencia SU-279 de 2019 (1 preguntas): descargar como sentencia_su-279_2019
  falta Sentencia SU-336 de 2017 (1 preguntas): descargar como sentencia_su-336_2017
  falta Sentencia SU-40 de 2018 (1 preguntas): descargar como sentencia_su-40_2018
  falta Sentencia SU-41 de 2022 (1 preguntas): descargar como sentencia_su-41_2022
  falta Sentencia SU-452 de 2024 (1 preguntas): descargar como sentencia_su-452_2024
  falta Sentencia SU-499 de 2024 (1 preguntas): descargar como sentencia_su-499_2024
  falta Sentencia SU-54 de 2015 (1 preguntas): descargar como sentencia_su-54_2015
  falta Sentencia SU-575 de 2019 (1 preguntas): descargar como sentencia_su-575_2019
  falta Sentencia SU-691 de 2017 (1 preguntas): descargar como sentencia_su-691_2017
  falta Sentencia T-254 de 2006 (1 preguntas): descargar como sentencia_t-254_2006
  falta Sentencia T-277 de 2018 (1 preguntas): descargar como sentencia_t-277_2018
  falta Sentencia T-284 de 2025 (1 preguntas): descargar como sentencia_t-284_2025
  falta Sentencia T-287 de 2022 (1 preguntas): descargar como sentencia_t-287_2022
  falta Sentencia T-4 de 2016 (1 preguntas): descargar como sentencia_t-4_2016
  falta Sentencia T-426 de 2003 (1 preguntas): descargar como sentencia_t-426_2003
  falta Sentencia T-456 de 2024 (1 preguntas): descargar como sentencia_t-456_2024
  falta Sentencia T-617 de 2010 (1 preguntas): descargar como sentencia_t-617_2010
  falta Sentencia T-8 de 2026 (1 preguntas): descargar como sentencia_t-8_2026
  falta Ley 2568 de 2021 (1 preguntas): descargar como ley_2568_2021
  falta Ley 29 de 1982 (1 preguntas): descargar como ley_29_1982
  falta Ley 45 de 1990 (1 preguntas): descargar como ley_45_1990
  falta Ley 54 de 1990 (1 preguntas): descargar como ley_54_1990
== 2/4 descargando 41 normas que faltan
09:36:16 INFO decreto_2591_1991: fuentes_propias.json reemplaza la entrada anterior
09:36:16 INFO ley_1996_2019: fuentes_propias.json reemplaza la entrada anterior
09:36:16 INFO ley_54_1990: fuentes.json reemplaza la entrada anterior
09:36:16 INFO ley_29_1982: fuentes.json reemplaza la entrada anterior
09:36:16 INFO http://www.secretariasenado.gov.co/senado/basedoc/ley_0080_1993.html: la misma norma ya está en el corpus o en la lista, se omite
09:36:16 INFO https://www.corteconstitucional.gov.co/relatoria/2006/C-355-06.htm: la misma norma ya está en el corpus o en la lista, se omite
09:36:16 INFO https://www.comunidadandina.org/StaticFiles/DocOf/DEC486.pdf: la misma norma ya está en el corpus o en la lista, se omite
09:36:16 INFO data/enlaces.txt: 0 links nuevos
09:36:16 INFO https://normograma.dian.gov.co/dian/compilacion/docs/ley_1437_2011.htm: la misma norma ya está en el corpus o en la lista, se omite
09:36:16 INFO http://www.corteconstitucional.gov.co/relatoria/2006/C-370-06.htm: la misma norma ya está en el corpus o en la lista, se omite
09:36:16 INFO https://normograma.dian.gov.co/dian/compilacion/docs/ley_1819_2016.htm: la misma norma ya está en el corpus o en la lista, se omite
09:36:16 INFO https://normograma.dian.gov.co/dian/compilacion/docs/ley_2010_2019.htm: la misma norma ya está en el corpus o en la lista, se omite
09:36:16 INFO https://normograma.dian.gov.co/dian/compilacion/docs/ley_1607_2012.htm: la misma norma ya está en el corpus o en la lista, se omite
09:36:16 INFO https://normograma.dian.gov.co/dian/compilacion/docs/ley_0223_1995.htm: la misma norma ya está en el corpus o en la lista, se omite
09:36:16 INFO https://normograma.dian.gov.co/dian/compilacion/docs/ley_2277_2022.htm: la misma norma ya está en el corpus o en la lista, se omite
09:36:16 INFO https://normograma.dian.gov.co/dian/compilacion/docs/ley_0006_1992.htm: la misma norma ya está en el corpus o en la lista, se omite
09:36:16 INFO https://normograma.dian.gov.co/dian/compilacion/docs/ley_0788_2002.htm: la misma norma ya está en el corpus o en la lista, se omite
09:36:16 INFO https://normograma.dian.gov.co/dian/compilacion/docs/ley_0488_1998.htm: la misma norma ya está en el corpus o en la lista, se omite
09:36:16 INFO https://normograma.dian.gov.co/dian/compilacion/docs/ley_1111_2006.htm: la misma norma ya está en el corpus o en la lista, se omite
09:36:16 INFO https://normograma.dian.gov.co/dian/compilacion/docs/ley_0383_1997.htm: la misma norma ya está en el corpus o en la lista, se omite
09:36:16 INFO https://normograma.dian.gov.co/dian/compilacion/docs/ley_0633_2000.htm: la misma norma ya está en el corpus o en la lista, se omite
09:36:16 INFO https://normograma.dian.gov.co/dian/compilacion/docs/ley_1430_2010.htm: la misma norma ya está en el corpus o en la lista, se omite
09:36:16 INFO https://normograma.dian.gov.co/dian/compilacion/docs/ley_1564_2012.htm: la misma norma ya está en el corpus o en la lista, se omite
09:36:16 INFO https://normograma.dian.gov.co/dian/compilacion/docs/ley_0863_2003.htm: la misma norma ya está en el corpus o en la lista, se omite
09:36:16 INFO https://normograma.dian.gov.co/dian/compilacion/docs/ley_1739_2014.htm: la misma norma ya está en el corpus o en la lista, se omite
09:36:16 INFO https://normograma.dian.gov.co/dian/compilacion/docs/ley_2155_2021.htm: la misma norma ya está en el corpus o en la lista, se omite
09:36:16 INFO https://normograma.dian.gov.co/dian/compilacion/docs/decreto_2106_2019.htm: la misma norma ya está en el corpus o en la lista, se omite
09:36:16 INFO https://normograma.dian.gov.co/dian/compilacion/docs/ley_0100_1993.htm: la misma norma ya está en el corpus o en la lista, se omite
09:36:16 INFO https://normograma.dian.gov.co/dian/compilacion/docs/ley_1955_2019.htm: la misma norma ya está en el corpus o en la lista, se omite
09:36:16 INFO https://normograma.dian.gov.co/dian/compilacion/docs/ley_0599_2000.htm: la misma norma ya está en el corpus o en la lista, se omite
09:36:16 INFO https://normograma.dian.gov.co/dian/compilacion/docs/ley_0098_1993.htm: la misma norma ya está en el corpus o en la lista, se omite
09:36:16 INFO https://normograma.dian.gov.co/dian/compilacion/docs/ley_1943_2018.htm: la misma norma ya está en el corpus o en la lista, se omite
09:36:16 INFO https://normograma.dian.gov.co/dian/compilacion/docs/ley_1395_2010.htm: la misma norma ya está en el corpus o en la lista, se omite
09:36:16 INFO https://normograma.dian.gov.co/dian/compilacion/docs/decreto_0019_2012.htm: la misma norma ya está en el corpus o en la lista, se omite
09:36:16 INFO https://normograma.dian.gov.co/dian/compilacion/docs/decreto_0240_2026.htm: la misma norma ya está en el corpus o en la lista, se omite
09:36:16 INFO https://normograma.dian.gov.co/dian/compilacion/docs/decreto_1625_2016.htm: la misma norma ya está en el corpus o en la lista, se omite
09:36:16 INFO https://normograma.dian.gov.co/dian/compilacion/docs/ley_1493_2011.htm: la misma norma ya está en el corpus o en la lista, se omite
09:36:16 INFO https://normograma.dian.gov.co/dian/compilacion/docs/ley_0546_1999.htm: la misma norma ya está en el corpus o en la lista, se omite
09:36:16 INFO https://normograma.dian.gov.co/dian/compilacion/docs/ley_0962_2005.htm: la misma norma ya está en el corpus o en la lista, se omite
09:36:16 INFO https://normograma.dian.gov.co/dian/compilacion/docs/ley_1004_2005.htm: la misma norma ya está en el corpus o en la lista, se omite
09:36:16 INFO https://normograma.dian.gov.co/dian/compilacion/docs/ley_1066_2006.htm: la misma norma ya está en el corpus o en la lista, se omite
09:36:16 INFO https://normograma.dian.gov.co/dian/compilacion/docs/ley_2068_2020.htm: la misma norma ya está en el corpus o en la lista, se omite
09:36:16 INFO https://normograma.dian.gov.co/dian/compilacion/docs/ley_1257_2008.htm: la misma norma ya está en el corpus o en la lista, se omite
09:36:16 INFO https://normograma.dian.gov.co/dian/compilacion/docs/decreto_0173_2026.htm: la misma norma ya está en el corpus o en la lista, se omite
09:36:16 INFO https://normograma.dian.gov.co/dian/compilacion/docs/ley_0181_1995.htm: la misma norma ya está en el corpus o en la lista, se omite
09:36:16 INFO https://normograma.dian.gov.co/dian/compilacion/docs/ley_0527_1999.htm: la misma norma ya está en el corpus o en la lista, se omite
09:36:16 INFO https://normograma.dian.gov.co/dian/compilacion/docs/ley_1328_2009.htm: la misma norma ya está en el corpus o en la lista, se omite
09:36:16 INFO https://normograma.dian.gov.co/dian/compilacion/docs/ley_1450_2011.htm: la misma norma ya está en el corpus o en la lista, se omite
09:36:16 INFO https://normograma.dian.gov.co/dian/compilacion/docs/ley_1715_2014.htm: la misma norma ya está en el corpus o en la lista, se omite
09:36:16 INFO https://normograma.dian.gov.co/dian/compilacion/docs/ley_2069_2020.htm: la misma norma ya está en el corpus o en la lista, se omite
09:36:16 INFO https://normograma.dian.gov.co/dian/compilacion/docs/ley_2294_2023.htm: la misma norma ya está en el corpus o en la lista, se omite
09:36:16 INFO https://normograma.dian.gov.co/dian/compilacion/docs/ley_2195_2022.htm: la misma norma ya está en el corpus o en la lista, se omite
09:36:16 INFO http://www.secretariasenado.gov.co/senado/basedoc/decreto/1992/decreto_2153_1992.html: la misma norma ya está en el corpus o en la lista, se omite
09:36:16 INFO http://www.secretariasenado.gov.co/senado/basedoc/ley_2380_2024.html: la misma norma ya está en el corpus o en la lista, se omite
09:36:16 INFO http://www.secretariasenado.gov.co/senado/basedoc/ley/2000/ley_0599_2000.html: la misma norma ya está en el corpus o en la lista, se omite
09:36:16 INFO https://normograma.dian.gov.co/dian/compilacion/docs/decreto_0438_2020.htm: la misma norma ya está en el corpus o en la lista, se omite
09:36:16 INFO https://normograma.dian.gov.co/dian/compilacion/docs/decreto_0551_2020.htm: la misma norma ya está en el corpus o en la lista, se omite
09:36:16 INFO https://normograma.dian.gov.co/dian/compilacion/docs/decreto_0575_2020.htm: la misma norma ya está en el corpus o en la lista, se omite
09:36:16 INFO https://normograma.dian.gov.co/dian/compilacion/docs/decreto_0807_2020.htm: la misma norma ya está en el corpus o en la lista, se omite
09:36:16 INFO https://normograma.dian.gov.co/dian/compilacion/docs/ley_0031_1992.htm: la misma norma ya está en el corpus o en la lista, se omite
09:36:16 INFO https://normograma.dian.gov.co/dian/compilacion/docs/ley_0115_1994.htm: la misma norma ya está en el corpus o en la lista, se omite
09:36:16 INFO https://normograma.dian.gov.co/dian/compilacion/docs/ley_0174_1994.htm: la misma norma ya está en el corpus o en la lista, se omite
09:36:16 INFO https://normograma.dian.gov.co/dian/compilacion/docs/ley_0191_1995.htm: la misma norma ya está en el corpus o en la lista, se omite
09:36:16 INFO https://normograma.dian.gov.co/dian/compilacion/docs/ley_0685_2001.htm: la misma norma ya está en el corpus o en la lista, se omite
09:36:16 INFO https://normograma.dian.gov.co/dian/compilacion/docs/ley_0964_2005.htm: la misma norma ya está en el corpus o en la lista, se omite
09:36:16 INFO https://normograma.dian.gov.co/dian/compilacion/docs/ley_1064_2006.htm: la misma norma ya está en el corpus o en la lista, se omite
09:36:16 INFO https://normograma.dian.gov.co/dian/compilacion/docs/ley_1341_2009.htm: la misma norma ya está en el corpus o en la lista, se omite
09:36:16 INFO https://normograma.dian.gov.co/dian/compilacion/docs/ley_1393_2010.htm: la misma norma ya está en el corpus o en la lista, se omite
09:36:16 INFO https://normograma.dian.gov.co/dian/compilacion/docs/ley_1429_2010.htm: la misma norma ya está en el corpus o en la lista, se omite
09:36:16 INFO https://normograma.dian.gov.co/dian/compilacion/docs/ley_1474_2011.htm: la misma norma ya está en el corpus o en la lista, se omite
09:36:16 INFO https://normograma.dian.gov.co/dian/compilacion/docs/ley_1537_2012.htm: la misma norma ya está en el corpus o en la lista, se omite
09:36:16 INFO https://normograma.dian.gov.co/dian/compilacion/docs/ley_1555_2012.htm: la misma norma ya está en el corpus o en la lista, se omite
09:36:16 INFO https://normograma.dian.gov.co/dian/compilacion/docs/ley_1581_2012.htm: la misma norma ya está en el corpus o en la lista, se omite
09:36:16 INFO https://normograma.dian.gov.co/dian/compilacion/docs/ley_1712_2014.htm: la misma norma ya está en el corpus o en la lista, se omite
09:36:16 INFO https://normograma.dian.gov.co/dian/compilacion/docs/ley_1731_2014.htm: la misma norma ya está en el corpus o en la lista, se omite
09:36:16 INFO https://normograma.dian.gov.co/dian/compilacion/docs/ley_1735_2014.htm: la misma norma ya está en el corpus o en la lista, se omite
09:36:16 INFO https://normograma.dian.gov.co/dian/compilacion/docs/ley_1753_2015.htm: la misma norma ya está en el corpus o en la lista, se omite
09:36:16 INFO https://normograma.dian.gov.co/dian/compilacion/docs/ley_2070_2020.htm: la misma norma ya está en el corpus o en la lista, se omite
09:36:16 INFO https://normograma.dian.gov.co/dian/compilacion/docs/ley_2133_2021.htm: la misma norma ya está en el corpus o en la lista, se omite
09:36:16 INFO https://normograma.dian.gov.co/dian/compilacion/docs/ley_0080_1993.htm: la misma norma ya está en el corpus o en la lista, se omite
09:36:16 INFO https://normograma.dian.gov.co/dian/compilacion/docs/ley_1266_2008.htm: la misma norma ya está en el corpus o en la lista, se omite
09:36:16 INFO https://normograma.dian.gov.co/dian/compilacion/docs/ley_1755_2015.htm: la misma norma ya está en el corpus o en la lista, se omite
09:36:16 INFO http://www.secretariasenado.gov.co/senado/basedoc/ley/1995/ley_0222_1995.html: la misma norma ya está en el corpus o en la lista, se omite
09:36:16 INFO http://www.secretariasenado.gov.co/senado/basedoc/decreto_0799_2020.html: la misma norma ya está en el corpus o en la lista, se omite
09:36:16 INFO http://www.secretariasenado.gov.co/senado/basedoc/ley_1536_2012.html: la misma norma ya está en el corpus o en la lista, se omite
09:36:16 INFO http://www.secretariasenado.gov.co/senado/basedoc/ley_2152_2021.html: la misma norma ya está en el corpus o en la lista, se omite
09:36:16 INFO http://www.secretariasenado.gov.co/senado/basedoc/ley_2411_2024.html: la misma norma ya está en el corpus o en la lista, se omite
09:36:16 INFO http://www.corteconstitucional.gov.co/relatoria/2004/C-507-04.htm: la misma norma ya está en el corpus o en la lista, se omite
09:36:16 INFO https://normograma.dian.gov.co/dian/compilacion/docs/ley_0388_1997.htm: la misma norma ya está en el corpus o en la lista, se omite
09:36:16 INFO https://normograma.dian.gov.co/dian/compilacion/docs/ley_1150_2007.htm: la misma norma ya está en el corpus o en la lista, se omite
09:36:16 INFO https://normograma.dian.gov.co/dian/compilacion/docs/ley_0906_2004.htm: la misma norma ya está en el corpus o en la lista, se omite
09:36:16 INFO https://normograma.dian.gov.co/dian/compilacion/docs/ley_0300_1996.htm: la misma norma ya está en el corpus o en la lista, se omite
09:36:16 INFO https://normograma.dian.gov.co/dian/compilacion/docs/ley_0489_1998.htm: la misma norma ya está en el corpus o en la lista, se omite
09:36:16 INFO https://normograma.dian.gov.co/dian/compilacion/docs/ley_1978_2019.htm: la misma norma ya está en el corpus o en la lista, se omite
09:36:16 INFO https://normograma.dian.gov.co/dian/compilacion/docs/ley_1116_2006.htm: la misma norma ya está en el corpus o en la lista, se omite
09:36:16 INFO https://normograma.dian.gov.co/dian/compilacion/docs/ley_2099_2021.htm: la misma norma ya está en el corpus o en la lista, se omite
09:36:16 INFO https://normograma.dian.gov.co/dian/compilacion/docs/ley_1453_2011.htm: la misma norma ya está en el corpus o en la lista, se omite
09:36:16 INFO https://normograma.dian.gov.co/dian/compilacion/docs/ley_0812_2003.htm: la misma norma ya está en el corpus o en la lista, se omite
09:36:16 INFO https://normograma.dian.gov.co/dian/compilacion/docs/ley_0681_2001.htm: la misma norma ya está en el corpus o en la lista, se omite
09:36:16 INFO https://normograma.dian.gov.co/dian/compilacion/docs/ley_1762_2015.htm: la misma norma ya está en el corpus o en la lista, se omite
09:36:16 INFO https://normograma.dian.gov.co/dian/compilacion/docs/ley_1101_2006.htm: la misma norma ya está en el corpus o en la lista, se omite
09:36:16 INFO https://normograma.dian.gov.co/dian/compilacion/docs/ley_2197_2022.htm: la misma norma ya está en el corpus o en la lista, se omite
09:36:16 INFO https://normograma.dian.gov.co/dian/compilacion/docs/ley_0677_2001.htm: la misma norma ya está en el corpus o en la lista, se omite
09:36:16 INFO https://normograma.dian.gov.co/dian/compilacion/docs/ley_0716_2001.htm: la misma norma ya está en el corpus o en la lista, se omite
09:36:16 INFO https://normograma.dian.gov.co/dian/compilacion/docs/ley_2292_2023.htm: la misma norma ya está en el corpus o en la lista, se omite
09:36:16 INFO https://normograma.dian.gov.co/dian/compilacion/docs/ley_1480_2011.htm: la misma norma ya está en el corpus o en la lista, se omite
09:36:16 INFO https://normograma.dian.gov.co/dian/compilacion/docs/ley_2108_2021.htm: la misma norma ya está en el corpus o en la lista, se omite
09:36:16 INFO https://normograma.dian.gov.co/dian/compilacion/docs/ley_1175_2007.htm: la misma norma ya está en el corpus o en la lista, se omite
09:36:16 INFO https://normograma.dian.gov.co/dian/compilacion/docs/ley_1816_2016.htm: la misma norma ya está en el corpus o en la lista, se omite
09:36:16 INFO https://normograma.dian.gov.co/dian/compilacion/docs/ley_2056_2020.htm: la misma norma ya está en el corpus o en la lista, se omite
09:36:16 INFO https://normograma.dian.gov.co/dian/compilacion/docs/ley_1121_2006.htm: la misma norma ya está en el corpus o en la lista, se omite
09:36:16 INFO https://normograma.dian.gov.co/dian/compilacion/docs/ley_2098_2021.htm: la misma norma ya está en el corpus o en la lista, se omite
09:36:16 INFO https://normograma.dian.gov.co/dian/compilacion/docs/decreto_2245_2011.htm: la misma norma ya está en el corpus o en la lista, se omite
09:36:16 INFO https://normograma.dian.gov.co/dian/compilacion/docs/ley_0141_1994.htm: la misma norma ya está en el corpus o en la lista, se omite
09:36:16 INFO https://normograma.dian.gov.co/dian/compilacion/docs/ley_1142_2007.htm: la misma norma ya está en el corpus o en la lista, se omite
09:36:16 INFO https://normograma.dian.gov.co/dian/compilacion/docs/ley_0915_2004.htm: la misma norma ya está en el corpus o en la lista, se omite
09:36:16 INFO https://normograma.dian.gov.co/dian/compilacion/docs/decreto_1261_2026.htm: la misma norma ya está en el corpus o en la lista, se omite
09:36:16 INFO https://normograma.dian.gov.co/dian/compilacion/docs/ley_2135_2021.htm: la misma norma ya está en el corpus o en la lista, se omite
09:36:16 INFO https://normograma.dian.gov.co/dian/compilacion/docs/ley_1556_2012.htm: la misma norma ya está en el corpus o en la lista, se omite
09:36:16 INFO https://normograma.dian.gov.co/dian/compilacion/docs/ley_1527_2012.htm: la misma norma ya está en el corpus o en la lista, se omite
09:36:16 INFO https://normograma.dian.gov.co/dian/compilacion/docs/decreto_1742_2020.htm: la misma norma ya está en el corpus o en la lista, se omite
09:36:16 INFO https://normograma.dian.gov.co/dian/compilacion/docs/decreto_0688_2020.htm: la misma norma ya está en el corpus o en la lista, se omite
09:36:16 INFO https://normograma.dian.gov.co/dian/compilacion/docs/ley_0047_1993.htm: la misma norma ya está en el corpus o en la lista, se omite
09:36:16 INFO https://normograma.dian.gov.co/dian/compilacion/docs/ley_1114_2006.htm: la misma norma ya está en el corpus o en la lista, se omite
09:36:16 INFO https://normograma.dian.gov.co/dian/compilacion/docs/ley_1952_2019.htm: la misma norma ya está en el corpus o en la lista, se omite
09:36:16 INFO https://normograma.dian.gov.co/dian/compilacion/docs/ley_1944_2018.htm: la misma norma ya está en el corpus o en la lista, se omite
09:36:16 INFO https://normograma.dian.gov.co/dian/compilacion/docs/decreto_1082_2015.htm: la misma norma ya está en el corpus o en la lista, se omite
09:36:16 INFO https://normograma.dian.gov.co/dian/compilacion/docs/decreto_0071_2020.htm: la misma norma ya está en el corpus o en la lista, se omite
09:36:16 INFO https://normograma.dian.gov.co/dian/compilacion/docs/decreto_1494_2015.htm: la misma norma ya está en el corpus o en la lista, se omite
09:36:16 INFO http://www.secretariasenado.gov.co/senado/basedoc/decreto_0535_2020.html: la misma norma ya está en el corpus o en la lista, se omite
09:36:16 INFO https://normograma.dian.gov.co/dian/compilacion/docs/decreto_4048_2008.htm: la misma norma ya está en el corpus o en la lista, se omite
09:36:16 INFO https://normograma.dian.gov.co/dian/compilacion/docs/ley_0814_2003.htm: la misma norma ya está en el corpus o en la lista, se omite
09:36:16 INFO https://normograma.dian.gov.co/dian/compilacion/docs/decreto_0518_2020.htm: la misma norma ya está en el corpus o en la lista, se omite
09:36:16 INFO https://normograma.dian.gov.co/dian/compilacion/docs/ley_0818_2003.htm: la misma norma ya está en el corpus o en la lista, se omite
09:36:16 INFO https://normograma.dian.gov.co/dian/compilacion/docs/ley_1032_2006.htm: la misma norma ya está en el corpus o en la lista, se omite
09:36:16 INFO https://normograma.dian.gov.co/dian/compilacion/docs/ley_1273_2009.htm: la misma norma ya está en el corpus o en la lista, se omite
09:36:16 INFO https://normograma.dian.gov.co/dian/compilacion/docs/ley_1565_2012.htm: la misma norma ya está en el corpus o en la lista, se omite
09:36:16 INFO https://normograma.dian.gov.co/dian/compilacion/docs/ley_1609_2013.htm: la misma norma ya está en el corpus o en la lista, se omite
09:36:16 INFO https://normograma.dian.gov.co/dian/compilacion/docs/ley_1931_2018.htm: la misma norma ya está en el corpus o en la lista, se omite
09:36:16 INFO https://normograma.dian.gov.co/dian/compilacion/docs/decreto_4651_2006.htm: la misma norma ya está en el corpus o en la lista, se omite
09:36:16 INFO https://normograma.dian.gov.co/dian/compilacion/docs/ley_0044_1993.htm: la misma norma ya está en el corpus o en la lista, se omite
09:36:16 INFO https://normograma.dian.gov.co/dian/compilacion/docs/decreto_1092_1996.htm: la misma norma ya está en el corpus o en la lista, se omite
09:36:16 INFO https://normograma.dian.gov.co/dian/compilacion/docs/decreto_0920_2023.htm: la misma norma ya está en el corpus o en la lista, se omite
09:36:16 INFO https://normograma.dian.gov.co/dian/compilacion/docs/decreto_2272_1991.htm: la misma norma ya está en el corpus o en la lista, se omite
09:36:16 INFO https://normograma.dian.gov.co/dian/compilacion/docs/ley_0939_2004.htm: la misma norma ya está en el corpus o en la lista, se omite
09:36:16 INFO https://normograma.dian.gov.co/dian/compilacion/docs/decreto_0808_2020.htm: la misma norma ya está en el corpus o en la lista, se omite
09:36:16 INFO https://normograma.dian.gov.co/dian/compilacion/docs/ley_2052_2020.htm: la misma norma ya está en el corpus o en la lista, se omite
09:36:16 INFO https://normograma.dian.gov.co/dian/compilacion/docs/ley_1915_2018.htm: la misma norma ya está en el corpus o en la lista, se omite
09:36:16 INFO https://normograma.dian.gov.co/dian/compilacion/docs/ley_2111_2021.htm: la misma norma ya está en el corpus o en la lista, se omite
09:36:16 INFO https://normograma.dian.gov.co/dian/compilacion/docs/ley_2356_2024.htm: la misma norma ya está en el corpus o en la lista, se omite
09:36:16 INFO https://normograma.dian.gov.co/dian/compilacion/docs/decreto_1071_1999.htm: la misma norma ya está en el corpus o en la lista, se omite
09:36:16 INFO https://normograma.dian.gov.co/dian/compilacion/docs/decreto_0540_2020.htm: la misma norma ya está en el corpus o en la lista, se omite
09:36:16 INFO http://www.secretariasenado.gov.co/senado/basedoc/decreto_4712_2008.html: la misma norma ya está en el corpus o en la lista, se omite
09:36:16 INFO http://www.secretariasenado.gov.co/senado/basedoc/decreto_0492_2020.html: la misma norma ya está en el corpus o en la lista, se omite
09:36:16 INFO https://normograma.dian.gov.co/dian/compilacion/docs/ley_1475_2011.htm: la misma norma ya está en el corpus o en la lista, se omite
09:36:16 INFO https://normograma.dian.gov.co/dian/compilacion/docs/ley_2064_2020.htm: la misma norma ya está en el corpus o en la lista, se omite
09:36:16 INFO https://normograma.dian.gov.co/dian/compilacion/docs/ley_0361_1997.htm: la misma norma ya está en el corpus o en la lista, se omite
09:36:16 INFO https://normograma.dian.gov.co/dian/compilacion/docs/decreto_0772_2020.htm: la misma norma ya está en el corpus o en la lista, se omite
09:36:16 INFO https://normograma.dian.gov.co/dian/compilacion/docs/ley_0123_1994.htm: la misma norma ya está en el corpus o en la lista, se omite
09:36:16 INFO https://normograma.dian.gov.co/dian/compilacion/docs/ley_2300_2023.htm: la misma norma ya está en el corpus o en la lista, se omite
09:36:16 INFO https://normograma.dian.gov.co/dian/compilacion/docs/decreto_0722_2014.htm: la misma norma ya está en el corpus o en la lista, se omite
09:36:16 INFO https://normograma.dian.gov.co/dian/compilacion/docs/ley_1379_2010.htm: la misma norma ya está en el corpus o en la lista, se omite
09:36:16 INFO https://normograma.dian.gov.co/dian/compilacion/docs/ley_0594_2000.htm: la misma norma ya está en el corpus o en la lista, se omite
09:36:16 INFO https://normograma.dian.gov.co/dian/compilacion/docs/ley_1028_2006.htm: la misma norma ya está en el corpus o en la lista, se omite
09:36:16 INFO https://normograma.dian.gov.co/dian/compilacion/docs/ley_1959_2019.htm: la misma norma ya está en el corpus o en la lista, se omite
09:36:16 INFO https://normograma.dian.gov.co/dian/compilacion/docs/ley_2375_2024.htm: la misma norma ya está en el corpus o en la lista, se omite
09:36:16 INFO https://normograma.dian.gov.co/dian/compilacion/docs/ley_2477_2025.htm: la misma norma ya está en el corpus o en la lista, se omite
09:36:16 INFO http://www.secretariasenado.gov.co/senado/basedoc/ley_0253_1996.html: la misma norma ya está en el corpus o en la lista, se omite
09:36:16 INFO https://normograma.dian.gov.co/dian/compilacion/docs/ley_1621_2013.htm: la misma norma ya está en el corpus o en la lista, se omite
09:36:16 INFO http://www.secretariasenado.gov.co/senado/basedoc/ley_1694_2013.html: la misma norma ya está en el corpus o en la lista, se omite
09:36:16 INFO https://normograma.dian.gov.co/dian/compilacion/docs/ley_2094_2021.htm: la misma norma ya está en el corpus o en la lista, se omite
09:36:16 INFO https://normograma.dian.gov.co/dian/compilacion/docs/ley_1826_2017.htm: la misma norma ya está en el corpus o en la lista, se omite
09:36:16 INFO https://normograma.dian.gov.co/dian/compilacion/docs/ley_1902_2018.htm: la misma norma ya está en el corpus o en la lista, se omite
09:36:16 INFO https://normograma.dian.gov.co/dian/compilacion/docs/decreto_0560_2020.htm: la misma norma ya está en el corpus o en la lista, se omite
09:36:16 INFO https://normograma.dian.gov.co/dian/compilacion/docs/decreto_0210_2003.htm: la misma norma ya está en el corpus o en la lista, se omite
09:36:16 INFO https://normograma.dian.gov.co/dian/compilacion/docs/ley_0986_2005.htm: la misma norma ya está en el corpus o en la lista, se omite
09:36:16 INFO https://normograma.dian.gov.co/dian/compilacion/docs/ley_2586_2026.htm: la misma norma ya está en el corpus o en la lista, se omite
09:36:16 INFO https://normograma.dian.gov.co/dian/compilacion/docs/ley_1312_2009.htm: la misma norma ya está en el corpus o en la lista, se omite
09:36:16 INFO https://normograma.dian.gov.co/dian/compilacion/docs/ley_1652_2013.htm: la misma norma ya está en el corpus o en la lista, se omite
09:36:16 INFO https://normograma.dian.gov.co/dian/compilacion/docs/decreto_1074_1999.htm: la misma norma ya está en el corpus o en la lista, se omite
09:36:16 INFO https://normograma.dian.gov.co/dian/compilacion/docs/ley_1760_2015.htm: la misma norma ya está en el corpus o en la lista, se omite
09:36:16 INFO https://normograma.dian.gov.co/dian/compilacion/docs/ley_2205_2022.htm: la misma norma ya está en el corpus o en la lista, se omite
09:36:16 INFO https://normograma.dian.gov.co/dian/compilacion/docs/ley_2365_2024.htm: la misma norma ya está en el corpus o en la lista, se omite
09:36:16 INFO https://normograma.dian.gov.co/dian/compilacion/docs/ley_1234_2008.htm: la misma norma ya está en el corpus o en la lista, se omite
09:36:16 INFO https://normograma.dian.gov.co/dian/compilacion/docs/ley_1221_2008.htm: la misma norma ya está en el corpus o en la lista, se omite
09:36:16 INFO https://normograma.dian.gov.co/dian/compilacion/docs/ley_2040_2020.htm: la misma norma ya está en el corpus o en la lista, se omite
09:36:16 INFO https://normograma.dian.gov.co/dian/compilacion/docs/decreto_0927_2023.htm: la misma norma ya está en el corpus o en la lista, se omite
09:36:16 INFO https://normograma.dian.gov.co/dian/compilacion/docs/ley_1923_2018.htm: la misma norma ya está en el corpus o en la lista, se omite
09:36:16 INFO https://normograma.dian.gov.co/dian/compilacion/docs/decreto_2770_2004.htm: la misma norma ya está en el corpus o en la lista, se omite
09:36:16 INFO https://normograma.dian.gov.co/dian/compilacion/docs/ley_0985_2005.htm: la misma norma ya está en el corpus o en la lista, se omite
09:36:16 INFO https://normograma.dian.gov.co/dian/compilacion/docs/ley_1774_2016.htm: la misma norma ya está en el corpus o en la lista, se omite
09:36:16 INFO https://normograma.dian.gov.co/dian/compilacion/docs/ley_1786_2016.htm: la misma norma ya está en el corpus o en la lista, se omite
09:36:16 INFO https://normograma.dian.gov.co/dian/compilacion/docs/ley_1851_2017.htm: la misma norma ya está en el corpus o en la lista, se omite
09:36:16 INFO https://normograma.dian.gov.co/dian/compilacion/docs/ley_2592_2026.htm: la misma norma ya está en el corpus o en la lista, se omite
09:36:16 INFO https://normograma.dian.gov.co/dian/compilacion/docs/ley_2022_2020.htm: la misma norma ya está en el corpus o en la lista, se omite
09:36:16 INFO data/enlaces_proximidad.txt: 3366 links nuevos
09:36:16 INFO Documentos a procesar: 41
09:36:16 INFO sentencia_c-581_2001: descargando (html)
09:36:19 INFO   parte_000.html  https://www.corteconstitucional.gov.co/relatoria/2001/C-581-01.htm (167 KB)
09:36:19 INFO sentencia_c-581_2001: OK · 1 partes · 4 artículos detectados · 76922 caracteres
09:36:19 INFO sentencia_t-202_2018: descargando (html)
09:36:20 INFO   parte_000.html  https://www.corteconstitucional.gov.co/relatoria/2018/T-202-18.htm (415 KB)
09:36:21 INFO sentencia_t-202_2018: OK · 1 partes · 5 artículos detectados · 176396 caracteres
09:36:21 INFO sentencia_t-202_2024: descargando (html)
09:36:22 INFO   parte_000.html  https://www.corteconstitucional.gov.co/relatoria/2024/T-202-24.htm (917 KB)
09:36:23 INFO sentencia_t-202_2024: OK · 1 partes · 12 artículos detectados · 294506 caracteres
09:36:23 INFO sentencia_su-292_2025: descargando (html)
09:36:24 INFO   parte_000.html  https://www.corteconstitucional.gov.co/relatoria/2025/SU292-25.htm (721 KB)
09:36:25 INFO sentencia_su-292_2025: OK · 1 partes · 14 artículos detectados · 305473 caracteres
09:36:25 INFO sentencia_su-288_2015: descargando (html)
09:36:25 INFO   parte_000.html  https://www.corteconstitucional.gov.co/relatoria/2015/SU288-15.htm (302 KB)
09:36:25 INFO sentencia_su-288_2015: OK · 1 partes · 4 artículos detectados · 131382 caracteres
09:36:25 INFO ley_54_1990: descargando (senado)
09:36:27 INFO ley_29_1982: descargando (senado)
09:36:29 INFO decreto_2663_1950: descargando (senado)
09:36:30 INFO decreto_3030_2022: descargando (senado)
09:36:32 INFO ley_2568_2021: descargando (senado)
09:36:33 INFO sentencia_c-75_2007: descargando (html)
09:36:34 INFO   parte_000.html  https://www.corteconstitucional.gov.co/relatoria/2007/C-075-07.htm (469 KB)
09:36:35 INFO sentencia_c-75_2007: OK · 1 partes · 16 artículos detectados · 245380 caracteres
09:36:35 INFO sentencia_su-140_2019: descargando (html)
09:36:37 INFO   parte_000.html  https://www.corteconstitucional.gov.co/relatoria/2019/SU140-19.htm (1665 KB)
09:36:39 INFO sentencia_su-140_2019: OK · 1 partes · 30 artículos detectados · 666133 caracteres
09:36:39 INFO sentencia_t-426_2003: descargando (html)
09:36:39 INFO   parte_000.html  https://www.corteconstitucional.gov.co/relatoria/2003/T-426-03.htm (92 KB)
09:36:39 INFO sentencia_t-426_2003: OK · 1 partes · 1 artículos detectados · 43744 caracteres
09:36:39 INFO sentencia_su-40_2018: descargando (html)
09:36:41 INFO   parte_000.html  https://www.corteconstitucional.gov.co/relatoria/2018/SU040-18.htm (246 KB)
09:36:41 INFO sentencia_su-40_2018: OK · 1 partes · 3 artículos detectados · 137744 caracteres
09:36:41 INFO sentencia_c-148_2025: descargando (html)
09:36:48 INFO   parte_000.html  https://www.corteconstitucional.gov.co/relatoria/2025/C-148-25.htm (3009 KB)
09:36:54 INFO sentencia_c-148_2025: OK · 1 partes · 12 artículos detectados · 1043427 caracteres
09:36:54 INFO sentencia_c-317_2025: descargando (html)
09:36:55 INFO   parte_000.html  https://www.corteconstitucional.gov.co/relatoria/2025/C-317-25.htm (387 KB)
09:36:56 INFO sentencia_c-317_2025: OK · 1 partes · 14 artículos detectados · 144223 caracteres
09:36:56 INFO sentencia_t-277_2018: descargando (html)
09:36:56 INFO   parte_000.html  https://www.corteconstitucional.gov.co/relatoria/2018/T-277-18.htm (364 KB)
09:36:57 INFO sentencia_t-277_2018: OK · 1 partes · 4 artículos detectados · 158783 caracteres
09:36:57 INFO sentencia_c-29_2009: descargando (html)
09:36:59 INFO   parte_000.html  https://www.corteconstitucional.gov.co/relatoria/2009/C-029-09.htm (932 KB)
09:37:00 INFO sentencia_c-29_2009: OK · 1 partes · 25 artículos detectados · 500811 caracteres
09:37:00 INFO sentencia_t-287_2022: descargando (html)
09:37:00 INFO   parte_000.html  https://www.corteconstitucional.gov.co/relatoria/2022/T-287-22.htm (334 KB)
09:37:00 INFO sentencia_t-287_2022: OK · 1 partes · 2 artículos detectados · 117155 caracteres
09:37:00 INFO sentencia_c-465_2008: descargando (html)
09:37:01 INFO   parte_000.html  https://www.corteconstitucional.gov.co/relatoria/2008/C-465-08.htm (188 KB)
09:37:02 INFO sentencia_c-465_2008: OK · 1 partes · 13 artículos detectados · 94751 caracteres
09:37:02 INFO sentencia_t-617_2010: descargando (html)
09:37:03 INFO   parte_000.html  https://www.corteconstitucional.gov.co/relatoria/2010/T-617-10.htm (481 KB)
09:37:04 INFO sentencia_t-617_2010: OK · 1 partes · 11 artículos detectados · 273647 caracteres
09:37:04 INFO ley_45_1990: descargando (senado)
09:37:05 INFO sentencia_su-167_2023: descargando (html)
09:37:05 INFO   parte_000.html  https://www.corteconstitucional.gov.co/relatoria/2023/SU167-23.htm (640 KB)
09:37:06 INFO sentencia_su-167_2023: OK · 1 partes · 11 artículos detectados · 260496 caracteres
09:37:06 INFO sentencia_su-691_2017: descargando (html)
09:37:07 INFO   parte_000.html  https://www.corteconstitucional.gov.co/relatoria/2017/SU691-17.htm (1168 KB)
09:37:09 INFO sentencia_su-691_2017: OK · 1 partes · 5 artículos detectados · 403890 caracteres
09:37:09 INFO sentencia_su-499_2024: descargando (html)
09:37:10 INFO   parte_000.html  https://www.corteconstitucional.gov.co/relatoria/2024/SU499-24.htm (707 KB)
09:37:10 INFO sentencia_su-499_2024: OK · 1 partes · 6 artículos detectados · 257137 caracteres
09:37:10 INFO sentencia_su-336_2017: descargando (html)
09:37:11 INFO   parte_000.html  https://www.corteconstitucional.gov.co/relatoria/2017/SU336-17.htm (844 KB)
09:37:12 INFO sentencia_su-336_2017: OK · 1 partes · 10 artículos detectados · 407897 caracteres
09:37:12 INFO sentencia_su-575_2019: descargando (html)
09:37:13 INFO   parte_000.html  https://www.corteconstitucional.gov.co/relatoria/2019/SU575-19.htm (625 KB)
09:37:13 INFO sentencia_su-575_2019: OK · 1 partes · 9 artículos detectados · 209197 caracteres
09:37:13 INFO sentencia_su-237_2019: descargando (html)
09:37:14 INFO   parte_000.html  https://www.corteconstitucional.gov.co/relatoria/2019/SU237-19.htm (275 KB)
09:37:14 INFO sentencia_su-237_2019: OK · 1 partes · 2 artículos detectados · 101449 caracteres
09:37:14 INFO sentencia_su-452_2024: descargando (html)
09:37:16 INFO   parte_000.html  https://www.corteconstitucional.gov.co/relatoria/2024/SU452-24.htm (698 KB)
09:37:17 INFO sentencia_su-452_2024: OK · 1 partes · 14 artículos detectados · 215980 caracteres
09:37:17 INFO sentencia_su-279_2019: descargando (html)
09:37:17 INFO   https://www.corteconstitucional.gov.co/relatoria/2019/SU279-19.htm respondió una página casi vacía, probando alternativa
09:37:18 INFO   parte_000.html  https://www.corteconstitucional.gov.co/relatoria/2019/SU-279-19.htm (8 KB)
09:37:19 INFO sentencia_su-279_2019: OK · 1 partes · 0 artículos detectados · 101 caracteres
09:37:19 INFO sentencia_su-41_2022: descargando (html)
09:37:21 INFO   parte_000.html  https://www.corteconstitucional.gov.co/relatoria/2022/SU041-22.htm (543 KB)
09:37:21 INFO sentencia_su-41_2022: OK · 1 partes · 1 artículos detectados · 98092 caracteres
09:37:21 INFO sentencia_su-54_2015: descargando (html)
09:37:22 INFO   parte_000.html  https://www.corteconstitucional.gov.co/relatoria/2015/SU054-15.htm (542 KB)
09:37:23 INFO sentencia_su-54_2015: OK · 1 partes · 9 artículos detectados · 275153 caracteres
09:37:23 INFO sentencia_t-254_2006: descargando (html)
09:37:23 INFO   parte_000.html  https://www.corteconstitucional.gov.co/relatoria/2006/T-254-06.htm (265 KB)
09:37:24 INFO sentencia_t-254_2006: OK · 1 partes · 5 artículos detectados · 115016 caracteres
09:37:24 INFO sentencia_t-4_2016: descargando (html)
09:37:25 INFO   parte_000.html  https://www.corteconstitucional.gov.co/relatoria/2016/T-004-16.htm (124 KB)
09:37:25 INFO sentencia_t-4_2016: OK · 1 partes · 3 artículos detectados · 41745 caracteres
09:37:25 INFO sentencia_t-8_2026: descargando (html)
09:37:27 INFO   parte_000.html  https://www.corteconstitucional.gov.co/relatoria/2026/T-008-26.htm (1005 KB)
09:37:28 INFO sentencia_t-8_2026: OK · 1 partes · 4 artículos detectados · 305573 caracteres
09:37:28 INFO sentencia_t-284_2025: descargando (html)
09:37:28 INFO   parte_000.html  https://www.corteconstitucional.gov.co/relatoria/2025/T-284-25.htm (389 KB)
09:37:29 INFO sentencia_t-284_2025: OK · 1 partes · 6 artículos detectados · 116126 caracteres
09:37:29 INFO sentencia_t-456_2024: descargando (html)
09:37:30 INFO   parte_000.html  https://www.corteconstitucional.gov.co/relatoria/2024/T-456-24.htm (395 KB)
09:37:30 INFO sentencia_t-456_2024: OK · 1 partes · 20 artículos detectados · 125032 caracteres
09:37:30 INFO sentencia_c-878_2011: descargando (html)
09:37:31 INFO   parte_000.html  https://www.corteconstitucional.gov.co/relatoria/2011/C-878-11.htm (188 KB)
09:37:31 INFO sentencia_c-878_2011: OK · 1 partes · 12 artículos detectados · 75401 caracteres
09:37:31 INFO sentencia_c-539_2016: descargando (html)
09:37:33 INFO   parte_000.html  https://www.corteconstitucional.gov.co/relatoria/2016/C-539-16.htm (453 KB)
09:37:33 INFO sentencia_c-539_2016: OK · 1 partes · 10 artículos detectados · 262119 caracteres
09:37:33 INFO sentencia_c-448_2020: descargando (html)
09:37:35 INFO   parte_000.html  https://www.corteconstitucional.gov.co/relatoria/2020/C-448-20.htm (607 KB)
09:37:35 INFO sentencia_c-448_2020: OK · 1 partes · 26 artículos detectados · 256419 caracteres
09:37:35 INFO decreto_4302_2008: descargando (senado)

Listos: 34 · Con error: 7 · Normas enlazadas aún fuera del corpus: 12 (ver data/descubiertos.csv)
  ✗ ley_54_1990: HTTP 404 en http://www.secretariasenado.gov.co/senado/basedoc/ley_0054_1990.html
  ✗ ley_29_1982: HTTP 404 en http://www.secretariasenado.gov.co/senado/basedoc/ley_0029_1982.html
  ✗ decreto_2663_1950: HTTP 404 en http://www.secretariasenado.gov.co/senado/basedoc/decreto_2663_1950.html
  ✗ decreto_3030_2022: HTTP 404 en http://www.secretariasenado.gov.co/senado/basedoc/decreto_3030_2022.html
  ✗ ley_2568_2021: HTTP 404 en http://www.secretariasenado.gov.co/senado/basedoc/ley_2568_2021.html
  ✗ ley_45_1990: HTTP 404 en http://www.secretariasenado.gov.co/senado/basedoc/ley_0045_1990.html
  ✗ decreto_4302_2008: HTTP 404 en http://www.secretariasenado.gov.co/senado/basedoc/decreto_4302_2008.html
  ⚠ En el manifest pero ya no en las fuentes (bórrenlos de data/raw, data/md y del manifest si no los quieren): decreto_1082_2015-2, decreto_1625_2016-2
09:37:38 INFO decreto_2591_1991: fuentes_propias.json reemplaza la entrada anterior
09:37:38 INFO ley_1996_2019: fuentes_propias.json reemplaza la entrada anterior
09:37:38 INFO ley_54_1990: fuentes.json reemplaza la entrada anterior
09:37:38 INFO ley_29_1982: fuentes.json reemplaza la entrada anterior
09:37:38 INFO http://www.secretariasenado.gov.co/senado/basedoc/ley_0080_1993.html: la misma norma ya está en el corpus o en la lista, se omite
09:37:38 INFO https://www.corteconstitucional.gov.co/relatoria/2006/C-355-06.htm: la misma norma ya está en el corpus o en la lista, se omite
09:37:38 INFO https://www.comunidadandina.org/StaticFiles/DocOf/DEC486.pdf: la misma norma ya está en el corpus o en la lista, se omite
09:37:38 INFO data/enlaces.txt: 0 links nuevos
09:37:38 INFO https://normograma.dian.gov.co/dian/compilacion/docs/ley_1437_2011.htm: la misma norma ya está en el corpus o en la lista, se omite
09:37:38 INFO http://www.corteconstitucional.gov.co/relatoria/2006/C-370-06.htm: la misma norma ya está en el corpus o en la lista, se omite
09:37:38 INFO https://normograma.dian.gov.co/dian/compilacion/docs/ley_1819_2016.htm: la misma norma ya está en el corpus o en la lista, se omite
09:37:38 INFO https://normograma.dian.gov.co/dian/compilacion/docs/ley_2010_2019.htm: la misma norma ya está en el corpus o en la lista, se omite
09:37:38 INFO https://normograma.dian.gov.co/dian/compilacion/docs/ley_1607_2012.htm: la misma norma ya está en el corpus o en la lista, se omite
09:37:38 INFO https://normograma.dian.gov.co/dian/compilacion/docs/ley_0223_1995.htm: la misma norma ya está en el corpus o en la lista, se omite
09:37:38 INFO https://normograma.dian.gov.co/dian/compilacion/docs/ley_2277_2022.htm: la misma norma ya está en el corpus o en la lista, se omite
09:37:38 INFO https://normograma.dian.gov.co/dian/compilacion/docs/ley_0006_1992.htm: la misma norma ya está en el corpus o en la lista, se omite
09:37:38 INFO https://normograma.dian.gov.co/dian/compilacion/docs/ley_0788_2002.htm: la misma norma ya está en el corpus o en la lista, se omite
09:37:38 INFO https://normograma.dian.gov.co/dian/compilacion/docs/ley_0488_1998.htm: la misma norma ya está en el corpus o en la lista, se omite
09:37:38 INFO https://normograma.dian.gov.co/dian/compilacion/docs/ley_1111_2006.htm: la misma norma ya está en el corpus o en la lista, se omite
09:37:38 INFO https://normograma.dian.gov.co/dian/compilacion/docs/ley_0383_1997.htm: la misma norma ya está en el corpus o en la lista, se omite
09:37:38 INFO https://normograma.dian.gov.co/dian/compilacion/docs/ley_0633_2000.htm: la misma norma ya está en el corpus o en la lista, se omite
09:37:38 INFO https://normograma.dian.gov.co/dian/compilacion/docs/ley_1430_2010.htm: la misma norma ya está en el corpus o en la lista, se omite
09:37:38 INFO https://normograma.dian.gov.co/dian/compilacion/docs/ley_1564_2012.htm: la misma norma ya está en el corpus o en la lista, se omite
09:37:38 INFO https://normograma.dian.gov.co/dian/compilacion/docs/ley_0863_2003.htm: la misma norma ya está en el corpus o en la lista, se omite
09:37:38 INFO https://normograma.dian.gov.co/dian/compilacion/docs/ley_1739_2014.htm: la misma norma ya está en el corpus o en la lista, se omite
09:37:38 INFO https://normograma.dian.gov.co/dian/compilacion/docs/ley_2155_2021.htm: la misma norma ya está en el corpus o en la lista, se omite
09:37:38 INFO https://normograma.dian.gov.co/dian/compilacion/docs/decreto_2106_2019.htm: la misma norma ya está en el corpus o en la lista, se omite
09:37:38 INFO https://normograma.dian.gov.co/dian/compilacion/docs/ley_0100_1993.htm: la misma norma ya está en el corpus o en la lista, se omite
09:37:38 INFO https://normograma.dian.gov.co/dian/compilacion/docs/ley_1955_2019.htm: la misma norma ya está en el corpus o en la lista, se omite
09:37:38 INFO https://normograma.dian.gov.co/dian/compilacion/docs/ley_0599_2000.htm: la misma norma ya está en el corpus o en la lista, se omite
09:37:38 INFO https://normograma.dian.gov.co/dian/compilacion/docs/ley_0098_1993.htm: la misma norma ya está en el corpus o en la lista, se omite
09:37:38 INFO https://normograma.dian.gov.co/dian/compilacion/docs/ley_1943_2018.htm: la misma norma ya está en el corpus o en la lista, se omite
09:37:38 INFO https://normograma.dian.gov.co/dian/compilacion/docs/ley_1395_2010.htm: la misma norma ya está en el corpus o en la lista, se omite
09:37:38 INFO https://normograma.dian.gov.co/dian/compilacion/docs/decreto_0019_2012.htm: la misma norma ya está en el corpus o en la lista, se omite
09:37:38 INFO https://normograma.dian.gov.co/dian/compilacion/docs/decreto_0240_2026.htm: la misma norma ya está en el corpus o en la lista, se omite
09:37:38 INFO https://normograma.dian.gov.co/dian/compilacion/docs/decreto_1625_2016.htm: la misma norma ya está en el corpus o en la lista, se omite
09:37:38 INFO https://normograma.dian.gov.co/dian/compilacion/docs/ley_1493_2011.htm: la misma norma ya está en el corpus o en la lista, se omite
09:37:38 INFO https://normograma.dian.gov.co/dian/compilacion/docs/ley_0546_1999.htm: la misma norma ya está en el corpus o en la lista, se omite
09:37:38 INFO https://normograma.dian.gov.co/dian/compilacion/docs/ley_0962_2005.htm: la misma norma ya está en el corpus o en la lista, se omite
09:37:38 INFO https://normograma.dian.gov.co/dian/compilacion/docs/ley_1004_2005.htm: la misma norma ya está en el corpus o en la lista, se omite
09:37:38 INFO https://normograma.dian.gov.co/dian/compilacion/docs/ley_1066_2006.htm: la misma norma ya está en el corpus o en la lista, se omite
09:37:38 INFO https://normograma.dian.gov.co/dian/compilacion/docs/ley_2068_2020.htm: la misma norma ya está en el corpus o en la lista, se omite
09:37:38 INFO https://normograma.dian.gov.co/dian/compilacion/docs/ley_1257_2008.htm: la misma norma ya está en el corpus o en la lista, se omite
09:37:38 INFO https://normograma.dian.gov.co/dian/compilacion/docs/decreto_0173_2026.htm: la misma norma ya está en el corpus o en la lista, se omite
09:37:38 INFO https://normograma.dian.gov.co/dian/compilacion/docs/ley_0181_1995.htm: la misma norma ya está en el corpus o en la lista, se omite
09:37:38 INFO https://normograma.dian.gov.co/dian/compilacion/docs/ley_0527_1999.htm: la misma norma ya está en el corpus o en la lista, se omite
09:37:38 INFO https://normograma.dian.gov.co/dian/compilacion/docs/ley_1328_2009.htm: la misma norma ya está en el corpus o en la lista, se omite
09:37:38 INFO https://normograma.dian.gov.co/dian/compilacion/docs/ley_1450_2011.htm: la misma norma ya está en el corpus o en la lista, se omite
09:37:38 INFO https://normograma.dian.gov.co/dian/compilacion/docs/ley_1715_2014.htm: la misma norma ya está en el corpus o en la lista, se omite
09:37:38 INFO https://normograma.dian.gov.co/dian/compilacion/docs/ley_2069_2020.htm: la misma norma ya está en el corpus o en la lista, se omite
09:37:38 INFO https://normograma.dian.gov.co/dian/compilacion/docs/ley_2294_2023.htm: la misma norma ya está en el corpus o en la lista, se omite
09:37:38 INFO https://normograma.dian.gov.co/dian/compilacion/docs/ley_2195_2022.htm: la misma norma ya está en el corpus o en la lista, se omite
09:37:38 INFO http://www.secretariasenado.gov.co/senado/basedoc/decreto/1992/decreto_2153_1992.html: la misma norma ya está en el corpus o en la lista, se omite
09:37:38 INFO http://www.secretariasenado.gov.co/senado/basedoc/ley_2380_2024.html: la misma norma ya está en el corpus o en la lista, se omite
09:37:38 INFO http://www.secretariasenado.gov.co/senado/basedoc/ley/2000/ley_0599_2000.html: la misma norma ya está en el corpus o en la lista, se omite
09:37:38 INFO https://normograma.dian.gov.co/dian/compilacion/docs/decreto_0438_2020.htm: la misma norma ya está en el corpus o en la lista, se omite
09:37:38 INFO https://normograma.dian.gov.co/dian/compilacion/docs/decreto_0551_2020.htm: la misma norma ya está en el corpus o en la lista, se omite
09:37:38 INFO https://normograma.dian.gov.co/dian/compilacion/docs/decreto_0575_2020.htm: la misma norma ya está en el corpus o en la lista, se omite
09:37:38 INFO https://normograma.dian.gov.co/dian/compilacion/docs/decreto_0807_2020.htm: la misma norma ya está en el corpus o en la lista, se omite
09:37:38 INFO https://normograma.dian.gov.co/dian/compilacion/docs/ley_0031_1992.htm: la misma norma ya está en el corpus o en la lista, se omite
09:37:38 INFO https://normograma.dian.gov.co/dian/compilacion/docs/ley_0115_1994.htm: la misma norma ya está en el corpus o en la lista, se omite
09:37:38 INFO https://normograma.dian.gov.co/dian/compilacion/docs/ley_0174_1994.htm: la misma norma ya está en el corpus o en la lista, se omite
09:37:38 INFO https://normograma.dian.gov.co/dian/compilacion/docs/ley_0191_1995.htm: la misma norma ya está en el corpus o en la lista, se omite
09:37:38 INFO https://normograma.dian.gov.co/dian/compilacion/docs/ley_0685_2001.htm: la misma norma ya está en el corpus o en la lista, se omite
09:37:38 INFO https://normograma.dian.gov.co/dian/compilacion/docs/ley_0964_2005.htm: la misma norma ya está en el corpus o en la lista, se omite
09:37:38 INFO https://normograma.dian.gov.co/dian/compilacion/docs/ley_1064_2006.htm: la misma norma ya está en el corpus o en la lista, se omite
09:37:38 INFO https://normograma.dian.gov.co/dian/compilacion/docs/ley_1341_2009.htm: la misma norma ya está en el corpus o en la lista, se omite
09:37:38 INFO https://normograma.dian.gov.co/dian/compilacion/docs/ley_1393_2010.htm: la misma norma ya está en el corpus o en la lista, se omite
09:37:38 INFO https://normograma.dian.gov.co/dian/compilacion/docs/ley_1429_2010.htm: la misma norma ya está en el corpus o en la lista, se omite
09:37:38 INFO https://normograma.dian.gov.co/dian/compilacion/docs/ley_1474_2011.htm: la misma norma ya está en el corpus o en la lista, se omite
09:37:38 INFO https://normograma.dian.gov.co/dian/compilacion/docs/ley_1537_2012.htm: la misma norma ya está en el corpus o en la lista, se omite
09:37:38 INFO https://normograma.dian.gov.co/dian/compilacion/docs/ley_1555_2012.htm: la misma norma ya está en el corpus o en la lista, se omite
09:37:38 INFO https://normograma.dian.gov.co/dian/compilacion/docs/ley_1581_2012.htm: la misma norma ya está en el corpus o en la lista, se omite
09:37:38 INFO https://normograma.dian.gov.co/dian/compilacion/docs/ley_1712_2014.htm: la misma norma ya está en el corpus o en la lista, se omite
09:37:38 INFO https://normograma.dian.gov.co/dian/compilacion/docs/ley_1731_2014.htm: la misma norma ya está en el corpus o en la lista, se omite
09:37:38 INFO https://normograma.dian.gov.co/dian/compilacion/docs/ley_1735_2014.htm: la misma norma ya está en el corpus o en la lista, se omite
09:37:38 INFO https://normograma.dian.gov.co/dian/compilacion/docs/ley_1753_2015.htm: la misma norma ya está en el corpus o en la lista, se omite
09:37:38 INFO https://normograma.dian.gov.co/dian/compilacion/docs/ley_2070_2020.htm: la misma norma ya está en el corpus o en la lista, se omite
09:37:38 INFO https://normograma.dian.gov.co/dian/compilacion/docs/ley_2133_2021.htm: la misma norma ya está en el corpus o en la lista, se omite
09:37:38 INFO https://normograma.dian.gov.co/dian/compilacion/docs/ley_0080_1993.htm: la misma norma ya está en el corpus o en la lista, se omite
09:37:38 INFO https://normograma.dian.gov.co/dian/compilacion/docs/ley_1266_2008.htm: la misma norma ya está en el corpus o en la lista, se omite
09:37:38 INFO https://normograma.dian.gov.co/dian/compilacion/docs/ley_1755_2015.htm: la misma norma ya está en el corpus o en la lista, se omite
09:37:38 INFO http://www.secretariasenado.gov.co/senado/basedoc/ley/1995/ley_0222_1995.html: la misma norma ya está en el corpus o en la lista, se omite
09:37:38 INFO http://www.secretariasenado.gov.co/senado/basedoc/decreto_0799_2020.html: la misma norma ya está en el corpus o en la lista, se omite
09:37:38 INFO http://www.secretariasenado.gov.co/senado/basedoc/ley_1536_2012.html: la misma norma ya está en el corpus o en la lista, se omite
09:37:38 INFO http://www.secretariasenado.gov.co/senado/basedoc/ley_2152_2021.html: la misma norma ya está en el corpus o en la lista, se omite
09:37:38 INFO http://www.secretariasenado.gov.co/senado/basedoc/ley_2411_2024.html: la misma norma ya está en el corpus o en la lista, se omite
09:37:38 INFO http://www.corteconstitucional.gov.co/relatoria/2004/C-507-04.htm: la misma norma ya está en el corpus o en la lista, se omite
09:37:38 INFO https://normograma.dian.gov.co/dian/compilacion/docs/ley_0388_1997.htm: la misma norma ya está en el corpus o en la lista, se omite
09:37:38 INFO https://normograma.dian.gov.co/dian/compilacion/docs/ley_1150_2007.htm: la misma norma ya está en el corpus o en la lista, se omite
09:37:38 INFO https://normograma.dian.gov.co/dian/compilacion/docs/ley_0906_2004.htm: la misma norma ya está en el corpus o en la lista, se omite
09:37:38 INFO https://normograma.dian.gov.co/dian/compilacion/docs/ley_0300_1996.htm: la misma norma ya está en el corpus o en la lista, se omite
09:37:38 INFO https://normograma.dian.gov.co/dian/compilacion/docs/ley_0489_1998.htm: la misma norma ya está en el corpus o en la lista, se omite
09:37:38 INFO https://normograma.dian.gov.co/dian/compilacion/docs/ley_1978_2019.htm: la misma norma ya está en el corpus o en la lista, se omite
09:37:38 INFO https://normograma.dian.gov.co/dian/compilacion/docs/ley_1116_2006.htm: la misma norma ya está en el corpus o en la lista, se omite
09:37:38 INFO https://normograma.dian.gov.co/dian/compilacion/docs/ley_2099_2021.htm: la misma norma ya está en el corpus o en la lista, se omite
09:37:38 INFO https://normograma.dian.gov.co/dian/compilacion/docs/ley_1453_2011.htm: la misma norma ya está en el corpus o en la lista, se omite
09:37:38 INFO https://normograma.dian.gov.co/dian/compilacion/docs/ley_0812_2003.htm: la misma norma ya está en el corpus o en la lista, se omite
09:37:38 INFO https://normograma.dian.gov.co/dian/compilacion/docs/ley_0681_2001.htm: la misma norma ya está en el corpus o en la lista, se omite
09:37:38 INFO https://normograma.dian.gov.co/dian/compilacion/docs/ley_1762_2015.htm: la misma norma ya está en el corpus o en la lista, se omite
09:37:38 INFO https://normograma.dian.gov.co/dian/compilacion/docs/ley_1101_2006.htm: la misma norma ya está en el corpus o en la lista, se omite
09:37:38 INFO https://normograma.dian.gov.co/dian/compilacion/docs/ley_2197_2022.htm: la misma norma ya está en el corpus o en la lista, se omite
09:37:38 INFO https://normograma.dian.gov.co/dian/compilacion/docs/ley_0677_2001.htm: la misma norma ya está en el corpus o en la lista, se omite
09:37:38 INFO https://normograma.dian.gov.co/dian/compilacion/docs/ley_0716_2001.htm: la misma norma ya está en el corpus o en la lista, se omite
09:37:38 INFO https://normograma.dian.gov.co/dian/compilacion/docs/ley_2292_2023.htm: la misma norma ya está en el corpus o en la lista, se omite
09:37:38 INFO https://normograma.dian.gov.co/dian/compilacion/docs/ley_1480_2011.htm: la misma norma ya está en el corpus o en la lista, se omite
09:37:38 INFO https://normograma.dian.gov.co/dian/compilacion/docs/ley_2108_2021.htm: la misma norma ya está en el corpus o en la lista, se omite
09:37:38 INFO https://normograma.dian.gov.co/dian/compilacion/docs/ley_1175_2007.htm: la misma norma ya está en el corpus o en la lista, se omite
09:37:38 INFO https://normograma.dian.gov.co/dian/compilacion/docs/ley_1816_2016.htm: la misma norma ya está en el corpus o en la lista, se omite
09:37:38 INFO https://normograma.dian.gov.co/dian/compilacion/docs/ley_2056_2020.htm: la misma norma ya está en el corpus o en la lista, se omite
09:37:38 INFO https://normograma.dian.gov.co/dian/compilacion/docs/ley_1121_2006.htm: la misma norma ya está en el corpus o en la lista, se omite
09:37:38 INFO https://normograma.dian.gov.co/dian/compilacion/docs/ley_2098_2021.htm: la misma norma ya está en el corpus o en la lista, se omite
09:37:38 INFO https://normograma.dian.gov.co/dian/compilacion/docs/decreto_2245_2011.htm: la misma norma ya está en el corpus o en la lista, se omite
09:37:38 INFO https://normograma.dian.gov.co/dian/compilacion/docs/ley_0141_1994.htm: la misma norma ya está en el corpus o en la lista, se omite
09:37:38 INFO https://normograma.dian.gov.co/dian/compilacion/docs/ley_1142_2007.htm: la misma norma ya está en el corpus o en la lista, se omite
09:37:38 INFO https://normograma.dian.gov.co/dian/compilacion/docs/ley_0915_2004.htm: la misma norma ya está en el corpus o en la lista, se omite
09:37:38 INFO https://normograma.dian.gov.co/dian/compilacion/docs/decreto_1261_2026.htm: la misma norma ya está en el corpus o en la lista, se omite
09:37:38 INFO https://normograma.dian.gov.co/dian/compilacion/docs/ley_2135_2021.htm: la misma norma ya está en el corpus o en la lista, se omite
09:37:38 INFO https://normograma.dian.gov.co/dian/compilacion/docs/ley_1556_2012.htm: la misma norma ya está en el corpus o en la lista, se omite
09:37:38 INFO https://normograma.dian.gov.co/dian/compilacion/docs/ley_1527_2012.htm: la misma norma ya está en el corpus o en la lista, se omite
09:37:38 INFO https://normograma.dian.gov.co/dian/compilacion/docs/decreto_1742_2020.htm: la misma norma ya está en el corpus o en la lista, se omite
09:37:38 INFO https://normograma.dian.gov.co/dian/compilacion/docs/decreto_0688_2020.htm: la misma norma ya está en el corpus o en la lista, se omite
09:37:38 INFO https://normograma.dian.gov.co/dian/compilacion/docs/ley_0047_1993.htm: la misma norma ya está en el corpus o en la lista, se omite
09:37:38 INFO https://normograma.dian.gov.co/dian/compilacion/docs/ley_1114_2006.htm: la misma norma ya está en el corpus o en la lista, se omite
09:37:38 INFO https://normograma.dian.gov.co/dian/compilacion/docs/ley_1952_2019.htm: la misma norma ya está en el corpus o en la lista, se omite
09:37:38 INFO https://normograma.dian.gov.co/dian/compilacion/docs/ley_1944_2018.htm: la misma norma ya está en el corpus o en la lista, se omite
09:37:38 INFO https://normograma.dian.gov.co/dian/compilacion/docs/decreto_1082_2015.htm: la misma norma ya está en el corpus o en la lista, se omite
09:37:38 INFO https://normograma.dian.gov.co/dian/compilacion/docs/decreto_0071_2020.htm: la misma norma ya está en el corpus o en la lista, se omite
09:37:38 INFO https://normograma.dian.gov.co/dian/compilacion/docs/decreto_1494_2015.htm: la misma norma ya está en el corpus o en la lista, se omite
09:37:38 INFO http://www.secretariasenado.gov.co/senado/basedoc/decreto_0535_2020.html: la misma norma ya está en el corpus o en la lista, se omite
09:37:38 INFO https://normograma.dian.gov.co/dian/compilacion/docs/decreto_4048_2008.htm: la misma norma ya está en el corpus o en la lista, se omite
09:37:38 INFO https://normograma.dian.gov.co/dian/compilacion/docs/ley_0814_2003.htm: la misma norma ya está en el corpus o en la lista, se omite
09:37:38 INFO https://normograma.dian.gov.co/dian/compilacion/docs/decreto_0518_2020.htm: la misma norma ya está en el corpus o en la lista, se omite
09:37:38 INFO https://normograma.dian.gov.co/dian/compilacion/docs/ley_0818_2003.htm: la misma norma ya está en el corpus o en la lista, se omite
09:37:38 INFO https://normograma.dian.gov.co/dian/compilacion/docs/ley_1032_2006.htm: la misma norma ya está en el corpus o en la lista, se omite
09:37:38 INFO https://normograma.dian.gov.co/dian/compilacion/docs/ley_1273_2009.htm: la misma norma ya está en el corpus o en la lista, se omite
09:37:38 INFO https://normograma.dian.gov.co/dian/compilacion/docs/ley_1565_2012.htm: la misma norma ya está en el corpus o en la lista, se omite
09:37:38 INFO https://normograma.dian.gov.co/dian/compilacion/docs/ley_1609_2013.htm: la misma norma ya está en el corpus o en la lista, se omite
09:37:38 INFO https://normograma.dian.gov.co/dian/compilacion/docs/ley_1931_2018.htm: la misma norma ya está en el corpus o en la lista, se omite
09:37:38 INFO https://normograma.dian.gov.co/dian/compilacion/docs/decreto_4651_2006.htm: la misma norma ya está en el corpus o en la lista, se omite
09:37:38 INFO https://normograma.dian.gov.co/dian/compilacion/docs/ley_0044_1993.htm: la misma norma ya está en el corpus o en la lista, se omite
09:37:38 INFO https://normograma.dian.gov.co/dian/compilacion/docs/decreto_1092_1996.htm: la misma norma ya está en el corpus o en la lista, se omite
09:37:38 INFO https://normograma.dian.gov.co/dian/compilacion/docs/decreto_0920_2023.htm: la misma norma ya está en el corpus o en la lista, se omite
09:37:38 INFO https://normograma.dian.gov.co/dian/compilacion/docs/decreto_2272_1991.htm: la misma norma ya está en el corpus o en la lista, se omite
09:37:38 INFO https://normograma.dian.gov.co/dian/compilacion/docs/ley_0939_2004.htm: la misma norma ya está en el corpus o en la lista, se omite
09:37:38 INFO https://normograma.dian.gov.co/dian/compilacion/docs/decreto_0808_2020.htm: la misma norma ya está en el corpus o en la lista, se omite
09:37:38 INFO https://normograma.dian.gov.co/dian/compilacion/docs/ley_2052_2020.htm: la misma norma ya está en el corpus o en la lista, se omite
09:37:38 INFO https://normograma.dian.gov.co/dian/compilacion/docs/ley_1915_2018.htm: la misma norma ya está en el corpus o en la lista, se omite
09:37:38 INFO https://normograma.dian.gov.co/dian/compilacion/docs/ley_2111_2021.htm: la misma norma ya está en el corpus o en la lista, se omite
09:37:38 INFO https://normograma.dian.gov.co/dian/compilacion/docs/ley_2356_2024.htm: la misma norma ya está en el corpus o en la lista, se omite
09:37:38 INFO https://normograma.dian.gov.co/dian/compilacion/docs/decreto_1071_1999.htm: la misma norma ya está en el corpus o en la lista, se omite
09:37:38 INFO https://normograma.dian.gov.co/dian/compilacion/docs/decreto_0540_2020.htm: la misma norma ya está en el corpus o en la lista, se omite
09:37:38 INFO http://www.secretariasenado.gov.co/senado/basedoc/decreto_4712_2008.html: la misma norma ya está en el corpus o en la lista, se omite
09:37:38 INFO http://www.secretariasenado.gov.co/senado/basedoc/decreto_0492_2020.html: la misma norma ya está en el corpus o en la lista, se omite
09:37:38 INFO https://normograma.dian.gov.co/dian/compilacion/docs/ley_1475_2011.htm: la misma norma ya está en el corpus o en la lista, se omite
09:37:38 INFO https://normograma.dian.gov.co/dian/compilacion/docs/ley_2064_2020.htm: la misma norma ya está en el corpus o en la lista, se omite
09:37:38 INFO https://normograma.dian.gov.co/dian/compilacion/docs/ley_0361_1997.htm: la misma norma ya está en el corpus o en la lista, se omite
09:37:38 INFO https://normograma.dian.gov.co/dian/compilacion/docs/decreto_0772_2020.htm: la misma norma ya está en el corpus o en la lista, se omite
09:37:38 INFO https://normograma.dian.gov.co/dian/compilacion/docs/ley_0123_1994.htm: la misma norma ya está en el corpus o en la lista, se omite
09:37:38 INFO https://normograma.dian.gov.co/dian/compilacion/docs/ley_2300_2023.htm: la misma norma ya está en el corpus o en la lista, se omite
09:37:38 INFO https://normograma.dian.gov.co/dian/compilacion/docs/decreto_0722_2014.htm: la misma norma ya está en el corpus o en la lista, se omite
09:37:38 INFO https://normograma.dian.gov.co/dian/compilacion/docs/ley_1379_2010.htm: la misma norma ya está en el corpus o en la lista, se omite
09:37:38 INFO https://normograma.dian.gov.co/dian/compilacion/docs/ley_0594_2000.htm: la misma norma ya está en el corpus o en la lista, se omite
09:37:38 INFO https://normograma.dian.gov.co/dian/compilacion/docs/ley_1028_2006.htm: la misma norma ya está en el corpus o en la lista, se omite
09:37:38 INFO https://normograma.dian.gov.co/dian/compilacion/docs/ley_1959_2019.htm: la misma norma ya está en el corpus o en la lista, se omite
09:37:38 INFO https://normograma.dian.gov.co/dian/compilacion/docs/ley_2375_2024.htm: la misma norma ya está en el corpus o en la lista, se omite
09:37:38 INFO https://normograma.dian.gov.co/dian/compilacion/docs/ley_2477_2025.htm: la misma norma ya está en el corpus o en la lista, se omite
09:37:38 INFO http://www.secretariasenado.gov.co/senado/basedoc/ley_0253_1996.html: la misma norma ya está en el corpus o en la lista, se omite
09:37:38 INFO https://normograma.dian.gov.co/dian/compilacion/docs/ley_1621_2013.htm: la misma norma ya está en el corpus o en la lista, se omite
09:37:38 INFO http://www.secretariasenado.gov.co/senado/basedoc/ley_1694_2013.html: la misma norma ya está en el corpus o en la lista, se omite
09:37:38 INFO https://normograma.dian.gov.co/dian/compilacion/docs/ley_2094_2021.htm: la misma norma ya está en el corpus o en la lista, se omite
09:37:38 INFO https://normograma.dian.gov.co/dian/compilacion/docs/ley_1826_2017.htm: la misma norma ya está en el corpus o en la lista, se omite
09:37:38 INFO https://normograma.dian.gov.co/dian/compilacion/docs/ley_1902_2018.htm: la misma norma ya está en el corpus o en la lista, se omite
09:37:38 INFO https://normograma.dian.gov.co/dian/compilacion/docs/decreto_0560_2020.htm: la misma norma ya está en el corpus o en la lista, se omite
09:37:38 INFO https://normograma.dian.gov.co/dian/compilacion/docs/decreto_0210_2003.htm: la misma norma ya está en el corpus o en la lista, se omite
09:37:38 INFO https://normograma.dian.gov.co/dian/compilacion/docs/ley_0986_2005.htm: la misma norma ya está en el corpus o en la lista, se omite
09:37:38 INFO https://normograma.dian.gov.co/dian/compilacion/docs/ley_2586_2026.htm: la misma norma ya está en el corpus o en la lista, se omite
09:37:38 INFO https://normograma.dian.gov.co/dian/compilacion/docs/ley_1312_2009.htm: la misma norma ya está en el corpus o en la lista, se omite
09:37:38 INFO https://normograma.dian.gov.co/dian/compilacion/docs/ley_1652_2013.htm: la misma norma ya está en el corpus o en la lista, se omite
09:37:38 INFO https://normograma.dian.gov.co/dian/compilacion/docs/decreto_1074_1999.htm: la misma norma ya está en el corpus o en la lista, se omite
09:37:38 INFO https://normograma.dian.gov.co/dian/compilacion/docs/ley_1760_2015.htm: la misma norma ya está en el corpus o en la lista, se omite
09:37:38 INFO https://normograma.dian.gov.co/dian/compilacion/docs/ley_2205_2022.htm: la misma norma ya está en el corpus o en la lista, se omite
09:37:38 INFO https://normograma.dian.gov.co/dian/compilacion/docs/ley_2365_2024.htm: la misma norma ya está en el corpus o en la lista, se omite
09:37:38 INFO https://normograma.dian.gov.co/dian/compilacion/docs/ley_1234_2008.htm: la misma norma ya está en el corpus o en la lista, se omite
09:37:38 INFO https://normograma.dian.gov.co/dian/compilacion/docs/ley_1221_2008.htm: la misma norma ya está en el corpus o en la lista, se omite
09:37:38 INFO https://normograma.dian.gov.co/dian/compilacion/docs/ley_2040_2020.htm: la misma norma ya está en el corpus o en la lista, se omite
09:37:38 INFO https://normograma.dian.gov.co/dian/compilacion/docs/decreto_0927_2023.htm: la misma norma ya está en el corpus o en la lista, se omite
09:37:38 INFO https://normograma.dian.gov.co/dian/compilacion/docs/ley_1923_2018.htm: la misma norma ya está en el corpus o en la lista, se omite
09:37:38 INFO https://normograma.dian.gov.co/dian/compilacion/docs/decreto_2770_2004.htm: la misma norma ya está en el corpus o en la lista, se omite
09:37:38 INFO https://normograma.dian.gov.co/dian/compilacion/docs/ley_0985_2005.htm: la misma norma ya está en el corpus o en la lista, se omite
09:37:38 INFO https://normograma.dian.gov.co/dian/compilacion/docs/ley_1774_2016.htm: la misma norma ya está en el corpus o en la lista, se omite
09:37:38 INFO https://normograma.dian.gov.co/dian/compilacion/docs/ley_1786_2016.htm: la misma norma ya está en el corpus o en la lista, se omite
09:37:38 INFO https://normograma.dian.gov.co/dian/compilacion/docs/ley_1851_2017.htm: la misma norma ya está en el corpus o en la lista, se omite
09:37:38 INFO https://normograma.dian.gov.co/dian/compilacion/docs/ley_2592_2026.htm: la misma norma ya está en el corpus o en la lista, se omite
09:37:38 INFO https://normograma.dian.gov.co/dian/compilacion/docs/ley_2022_2020.htm: la misma norma ya está en el corpus o en la lista, se omite
09:37:38 INFO data/enlaces_proximidad.txt: 3366 links nuevos
09:37:38 INFO Documentos a procesar: 7
09:37:38 INFO ley_54_1990: descargando (senado)
09:37:40 INFO ley_29_1982: descargando (senado)
09:37:41 INFO decreto_2663_1950: descargando (senado)
09:37:43 INFO decreto_3030_2022: descargando (senado)
09:37:44 INFO ley_2568_2021: descargando (senado)
09:37:46 INFO ley_45_1990: descargando (senado)
09:37:47 INFO decreto_4302_2008: descargando (senado)

Listos: 0 · Con error: 7 · Normas enlazadas aún fuera del corpus: 12 (ver data/descubiertos.csv)
  ✗ ley_54_1990: HTTP 404 en http://www.secretariasenado.gov.co/senado/basedoc/ley_0054_1990.html
  ✗ ley_29_1982: HTTP 404 en http://www.secretariasenado.gov.co/senado/basedoc/ley_0029_1982.html
  ✗ decreto_2663_1950: HTTP 404 en http://www.secretariasenado.gov.co/senado/basedoc/decreto_2663_1950.html
  ✗ decreto_3030_2022: HTTP 404 en http://www.secretariasenado.gov.co/senado/basedoc/decreto_3030_2022.html
  ✗ ley_2568_2021: HTTP 404 en http://www.secretariasenado.gov.co/senado/basedoc/ley_2568_2021.html
  ✗ ley_45_1990: HTTP 404 en http://www.secretariasenado.gov.co/senado/basedoc/ley_0045_1990.html
  ✗ decreto_4302_2008: HTTP 404 en http://www.secretariasenado.gov.co/senado/basedoc/decreto_4302_2008.html
  ⚠ En el manifest pero ya no en las fuentes (bórrenlos de data/raw, data/md y del manifest si no los quieren): decreto_1082_2015-2, decreto_1625_2016-2
09:37:50 INFO decreto_2591_1991: fuentes_propias.json reemplaza la entrada anterior
09:37:50 INFO ley_1996_2019: fuentes_propias.json reemplaza la entrada anterior
09:37:50 INFO ley_54_1990: fuentes.json reemplaza la entrada anterior
09:37:50 INFO ley_29_1982: fuentes.json reemplaza la entrada anterior
09:37:51 INFO http://www.secretariasenado.gov.co/senado/basedoc/ley_0080_1993.html: la misma norma ya está en el corpus o en la lista, se omite
09:37:51 INFO https://www.corteconstitucional.gov.co/relatoria/2006/C-355-06.htm: la misma norma ya está en el corpus o en la lista, se omite
09:37:51 INFO https://www.comunidadandina.org/StaticFiles/DocOf/DEC486.pdf: la misma norma ya está en el corpus o en la lista, se omite
09:37:51 INFO data/enlaces.txt: 0 links nuevos
09:37:51 INFO https://normograma.dian.gov.co/dian/compilacion/docs/ley_1437_2011.htm: la misma norma ya está en el corpus o en la lista, se omite
09:37:51 INFO http://www.corteconstitucional.gov.co/relatoria/2006/C-370-06.htm: la misma norma ya está en el corpus o en la lista, se omite
09:37:51 INFO https://normograma.dian.gov.co/dian/compilacion/docs/ley_1819_2016.htm: la misma norma ya está en el corpus o en la lista, se omite
09:37:51 INFO https://normograma.dian.gov.co/dian/compilacion/docs/ley_2010_2019.htm: la misma norma ya está en el corpus o en la lista, se omite
09:37:51 INFO https://normograma.dian.gov.co/dian/compilacion/docs/ley_1607_2012.htm: la misma norma ya está en el corpus o en la lista, se omite
09:37:51 INFO https://normograma.dian.gov.co/dian/compilacion/docs/ley_0223_1995.htm: la misma norma ya está en el corpus o en la lista, se omite
09:37:51 INFO https://normograma.dian.gov.co/dian/compilacion/docs/ley_2277_2022.htm: la misma norma ya está en el corpus o en la lista, se omite
09:37:51 INFO https://normograma.dian.gov.co/dian/compilacion/docs/ley_0006_1992.htm: la misma norma ya está en el corpus o en la lista, se omite
09:37:51 INFO https://normograma.dian.gov.co/dian/compilacion/docs/ley_0788_2002.htm: la misma norma ya está en el corpus o en la lista, se omite
09:37:51 INFO https://normograma.dian.gov.co/dian/compilacion/docs/ley_0488_1998.htm: la misma norma ya está en el corpus o en la lista, se omite
09:37:51 INFO https://normograma.dian.gov.co/dian/compilacion/docs/ley_1111_2006.htm: la misma norma ya está en el corpus o en la lista, se omite
09:37:51 INFO https://normograma.dian.gov.co/dian/compilacion/docs/ley_0383_1997.htm: la misma norma ya está en el corpus o en la lista, se omite
09:37:51 INFO https://normograma.dian.gov.co/dian/compilacion/docs/ley_0633_2000.htm: la misma norma ya está en el corpus o en la lista, se omite
09:37:51 INFO https://normograma.dian.gov.co/dian/compilacion/docs/ley_1430_2010.htm: la misma norma ya está en el corpus o en la lista, se omite
09:37:51 INFO https://normograma.dian.gov.co/dian/compilacion/docs/ley_1564_2012.htm: la misma norma ya está en el corpus o en la lista, se omite
09:37:51 INFO https://normograma.dian.gov.co/dian/compilacion/docs/ley_0863_2003.htm: la misma norma ya está en el corpus o en la lista, se omite
09:37:51 INFO https://normograma.dian.gov.co/dian/compilacion/docs/ley_1739_2014.htm: la misma norma ya está en el corpus o en la lista, se omite
09:37:51 INFO https://normograma.dian.gov.co/dian/compilacion/docs/ley_2155_2021.htm: la misma norma ya está en el corpus o en la lista, se omite
09:37:51 INFO https://normograma.dian.gov.co/dian/compilacion/docs/decreto_2106_2019.htm: la misma norma ya está en el corpus o en la lista, se omite
09:37:51 INFO https://normograma.dian.gov.co/dian/compilacion/docs/ley_0100_1993.htm: la misma norma ya está en el corpus o en la lista, se omite
09:37:51 INFO https://normograma.dian.gov.co/dian/compilacion/docs/ley_1955_2019.htm: la misma norma ya está en el corpus o en la lista, se omite
09:37:51 INFO https://normograma.dian.gov.co/dian/compilacion/docs/ley_0599_2000.htm: la misma norma ya está en el corpus o en la lista, se omite
09:37:51 INFO https://normograma.dian.gov.co/dian/compilacion/docs/ley_0098_1993.htm: la misma norma ya está en el corpus o en la lista, se omite
09:37:51 INFO https://normograma.dian.gov.co/dian/compilacion/docs/ley_1943_2018.htm: la misma norma ya está en el corpus o en la lista, se omite
09:37:51 INFO https://normograma.dian.gov.co/dian/compilacion/docs/ley_1395_2010.htm: la misma norma ya está en el corpus o en la lista, se omite
09:37:51 INFO https://normograma.dian.gov.co/dian/compilacion/docs/decreto_0019_2012.htm: la misma norma ya está en el corpus o en la lista, se omite
09:37:51 INFO https://normograma.dian.gov.co/dian/compilacion/docs/decreto_0240_2026.htm: la misma norma ya está en el corpus o en la lista, se omite
09:37:51 INFO https://normograma.dian.gov.co/dian/compilacion/docs/decreto_1625_2016.htm: la misma norma ya está en el corpus o en la lista, se omite
09:37:51 INFO https://normograma.dian.gov.co/dian/compilacion/docs/ley_1493_2011.htm: la misma norma ya está en el corpus o en la lista, se omite
09:37:51 INFO https://normograma.dian.gov.co/dian/compilacion/docs/ley_0546_1999.htm: la misma norma ya está en el corpus o en la lista, se omite
09:37:51 INFO https://normograma.dian.gov.co/dian/compilacion/docs/ley_0962_2005.htm: la misma norma ya está en el corpus o en la lista, se omite
09:37:51 INFO https://normograma.dian.gov.co/dian/compilacion/docs/ley_1004_2005.htm: la misma norma ya está en el corpus o en la lista, se omite
09:37:51 INFO https://normograma.dian.gov.co/dian/compilacion/docs/ley_1066_2006.htm: la misma norma ya está en el corpus o en la lista, se omite
09:37:51 INFO https://normograma.dian.gov.co/dian/compilacion/docs/ley_2068_2020.htm: la misma norma ya está en el corpus o en la lista, se omite
09:37:51 INFO https://normograma.dian.gov.co/dian/compilacion/docs/ley_1257_2008.htm: la misma norma ya está en el corpus o en la lista, se omite
09:37:51 INFO https://normograma.dian.gov.co/dian/compilacion/docs/decreto_0173_2026.htm: la misma norma ya está en el corpus o en la lista, se omite
09:37:51 INFO https://normograma.dian.gov.co/dian/compilacion/docs/ley_0181_1995.htm: la misma norma ya está en el corpus o en la lista, se omite
09:37:51 INFO https://normograma.dian.gov.co/dian/compilacion/docs/ley_0527_1999.htm: la misma norma ya está en el corpus o en la lista, se omite
09:37:51 INFO https://normograma.dian.gov.co/dian/compilacion/docs/ley_1328_2009.htm: la misma norma ya está en el corpus o en la lista, se omite
09:37:51 INFO https://normograma.dian.gov.co/dian/compilacion/docs/ley_1450_2011.htm: la misma norma ya está en el corpus o en la lista, se omite
09:37:51 INFO https://normograma.dian.gov.co/dian/compilacion/docs/ley_1715_2014.htm: la misma norma ya está en el corpus o en la lista, se omite
09:37:51 INFO https://normograma.dian.gov.co/dian/compilacion/docs/ley_2069_2020.htm: la misma norma ya está en el corpus o en la lista, se omite
09:37:51 INFO https://normograma.dian.gov.co/dian/compilacion/docs/ley_2294_2023.htm: la misma norma ya está en el corpus o en la lista, se omite
09:37:51 INFO https://normograma.dian.gov.co/dian/compilacion/docs/ley_2195_2022.htm: la misma norma ya está en el corpus o en la lista, se omite
09:37:51 INFO http://www.secretariasenado.gov.co/senado/basedoc/decreto/1992/decreto_2153_1992.html: la misma norma ya está en el corpus o en la lista, se omite
09:37:51 INFO http://www.secretariasenado.gov.co/senado/basedoc/ley_2380_2024.html: la misma norma ya está en el corpus o en la lista, se omite
09:37:51 INFO http://www.secretariasenado.gov.co/senado/basedoc/ley/2000/ley_0599_2000.html: la misma norma ya está en el corpus o en la lista, se omite
09:37:51 INFO https://normograma.dian.gov.co/dian/compilacion/docs/decreto_0438_2020.htm: la misma norma ya está en el corpus o en la lista, se omite
09:37:51 INFO https://normograma.dian.gov.co/dian/compilacion/docs/decreto_0551_2020.htm: la misma norma ya está en el corpus o en la lista, se omite
09:37:51 INFO https://normograma.dian.gov.co/dian/compilacion/docs/decreto_0575_2020.htm: la misma norma ya está en el corpus o en la lista, se omite
09:37:51 INFO https://normograma.dian.gov.co/dian/compilacion/docs/decreto_0807_2020.htm: la misma norma ya está en el corpus o en la lista, se omite
09:37:51 INFO https://normograma.dian.gov.co/dian/compilacion/docs/ley_0031_1992.htm: la misma norma ya está en el corpus o en la lista, se omite
09:37:51 INFO https://normograma.dian.gov.co/dian/compilacion/docs/ley_0115_1994.htm: la misma norma ya está en el corpus o en la lista, se omite
09:37:51 INFO https://normograma.dian.gov.co/dian/compilacion/docs/ley_0174_1994.htm: la misma norma ya está en el corpus o en la lista, se omite
09:37:51 INFO https://normograma.dian.gov.co/dian/compilacion/docs/ley_0191_1995.htm: la misma norma ya está en el corpus o en la lista, se omite
09:37:51 INFO https://normograma.dian.gov.co/dian/compilacion/docs/ley_0685_2001.htm: la misma norma ya está en el corpus o en la lista, se omite
09:37:51 INFO https://normograma.dian.gov.co/dian/compilacion/docs/ley_0964_2005.htm: la misma norma ya está en el corpus o en la lista, se omite
09:37:51 INFO https://normograma.dian.gov.co/dian/compilacion/docs/ley_1064_2006.htm: la misma norma ya está en el corpus o en la lista, se omite
09:37:51 INFO https://normograma.dian.gov.co/dian/compilacion/docs/ley_1341_2009.htm: la misma norma ya está en el corpus o en la lista, se omite
09:37:51 INFO https://normograma.dian.gov.co/dian/compilacion/docs/ley_1393_2010.htm: la misma norma ya está en el corpus o en la lista, se omite
09:37:51 INFO https://normograma.dian.gov.co/dian/compilacion/docs/ley_1429_2010.htm: la misma norma ya está en el corpus o en la lista, se omite
09:37:51 INFO https://normograma.dian.gov.co/dian/compilacion/docs/ley_1474_2011.htm: la misma norma ya está en el corpus o en la lista, se omite
09:37:51 INFO https://normograma.dian.gov.co/dian/compilacion/docs/ley_1537_2012.htm: la misma norma ya está en el corpus o en la lista, se omite
09:37:51 INFO https://normograma.dian.gov.co/dian/compilacion/docs/ley_1555_2012.htm: la misma norma ya está en el corpus o en la lista, se omite
09:37:51 INFO https://normograma.dian.gov.co/dian/compilacion/docs/ley_1581_2012.htm: la misma norma ya está en el corpus o en la lista, se omite
09:37:51 INFO https://normograma.dian.gov.co/dian/compilacion/docs/ley_1712_2014.htm: la misma norma ya está en el corpus o en la lista, se omite
09:37:51 INFO https://normograma.dian.gov.co/dian/compilacion/docs/ley_1731_2014.htm: la misma norma ya está en el corpus o en la lista, se omite
09:37:51 INFO https://normograma.dian.gov.co/dian/compilacion/docs/ley_1735_2014.htm: la misma norma ya está en el corpus o en la lista, se omite
09:37:51 INFO https://normograma.dian.gov.co/dian/compilacion/docs/ley_1753_2015.htm: la misma norma ya está en el corpus o en la lista, se omite
09:37:51 INFO https://normograma.dian.gov.co/dian/compilacion/docs/ley_2070_2020.htm: la misma norma ya está en el corpus o en la lista, se omite
09:37:51 INFO https://normograma.dian.gov.co/dian/compilacion/docs/ley_2133_2021.htm: la misma norma ya está en el corpus o en la lista, se omite
09:37:51 INFO https://normograma.dian.gov.co/dian/compilacion/docs/ley_0080_1993.htm: la misma norma ya está en el corpus o en la lista, se omite
09:37:51 INFO https://normograma.dian.gov.co/dian/compilacion/docs/ley_1266_2008.htm: la misma norma ya está en el corpus o en la lista, se omite
09:37:51 INFO https://normograma.dian.gov.co/dian/compilacion/docs/ley_1755_2015.htm: la misma norma ya está en el corpus o en la lista, se omite
09:37:51 INFO http://www.secretariasenado.gov.co/senado/basedoc/ley/1995/ley_0222_1995.html: la misma norma ya está en el corpus o en la lista, se omite
09:37:51 INFO http://www.secretariasenado.gov.co/senado/basedoc/decreto_0799_2020.html: la misma norma ya está en el corpus o en la lista, se omite
09:37:51 INFO http://www.secretariasenado.gov.co/senado/basedoc/ley_1536_2012.html: la misma norma ya está en el corpus o en la lista, se omite
09:37:51 INFO http://www.secretariasenado.gov.co/senado/basedoc/ley_2152_2021.html: la misma norma ya está en el corpus o en la lista, se omite
09:37:51 INFO http://www.secretariasenado.gov.co/senado/basedoc/ley_2411_2024.html: la misma norma ya está en el corpus o en la lista, se omite
09:37:51 INFO http://www.corteconstitucional.gov.co/relatoria/2004/C-507-04.htm: la misma norma ya está en el corpus o en la lista, se omite
09:37:51 INFO https://normograma.dian.gov.co/dian/compilacion/docs/ley_0388_1997.htm: la misma norma ya está en el corpus o en la lista, se omite
09:37:51 INFO https://normograma.dian.gov.co/dian/compilacion/docs/ley_1150_2007.htm: la misma norma ya está en el corpus o en la lista, se omite
09:37:51 INFO https://normograma.dian.gov.co/dian/compilacion/docs/ley_0906_2004.htm: la misma norma ya está en el corpus o en la lista, se omite
09:37:51 INFO https://normograma.dian.gov.co/dian/compilacion/docs/ley_0300_1996.htm: la misma norma ya está en el corpus o en la lista, se omite
09:37:51 INFO https://normograma.dian.gov.co/dian/compilacion/docs/ley_0489_1998.htm: la misma norma ya está en el corpus o en la lista, se omite
09:37:51 INFO https://normograma.dian.gov.co/dian/compilacion/docs/ley_1978_2019.htm: la misma norma ya está en el corpus o en la lista, se omite
09:37:51 INFO https://normograma.dian.gov.co/dian/compilacion/docs/ley_1116_2006.htm: la misma norma ya está en el corpus o en la lista, se omite
09:37:51 INFO https://normograma.dian.gov.co/dian/compilacion/docs/ley_2099_2021.htm: la misma norma ya está en el corpus o en la lista, se omite
09:37:51 INFO https://normograma.dian.gov.co/dian/compilacion/docs/ley_1453_2011.htm: la misma norma ya está en el corpus o en la lista, se omite
09:37:51 INFO https://normograma.dian.gov.co/dian/compilacion/docs/ley_0812_2003.htm: la misma norma ya está en el corpus o en la lista, se omite
09:37:51 INFO https://normograma.dian.gov.co/dian/compilacion/docs/ley_0681_2001.htm: la misma norma ya está en el corpus o en la lista, se omite
09:37:51 INFO https://normograma.dian.gov.co/dian/compilacion/docs/ley_1762_2015.htm: la misma norma ya está en el corpus o en la lista, se omite
09:37:51 INFO https://normograma.dian.gov.co/dian/compilacion/docs/ley_1101_2006.htm: la misma norma ya está en el corpus o en la lista, se omite
09:37:51 INFO https://normograma.dian.gov.co/dian/compilacion/docs/ley_2197_2022.htm: la misma norma ya está en el corpus o en la lista, se omite
09:37:51 INFO https://normograma.dian.gov.co/dian/compilacion/docs/ley_0677_2001.htm: la misma norma ya está en el corpus o en la lista, se omite
09:37:51 INFO https://normograma.dian.gov.co/dian/compilacion/docs/ley_0716_2001.htm: la misma norma ya está en el corpus o en la lista, se omite
09:37:51 INFO https://normograma.dian.gov.co/dian/compilacion/docs/ley_2292_2023.htm: la misma norma ya está en el corpus o en la lista, se omite
09:37:51 INFO https://normograma.dian.gov.co/dian/compilacion/docs/ley_1480_2011.htm: la misma norma ya está en el corpus o en la lista, se omite
09:37:51 INFO https://normograma.dian.gov.co/dian/compilacion/docs/ley_2108_2021.htm: la misma norma ya está en el corpus o en la lista, se omite
09:37:51 INFO https://normograma.dian.gov.co/dian/compilacion/docs/ley_1175_2007.htm: la misma norma ya está en el corpus o en la lista, se omite
09:37:51 INFO https://normograma.dian.gov.co/dian/compilacion/docs/ley_1816_2016.htm: la misma norma ya está en el corpus o en la lista, se omite
09:37:51 INFO https://normograma.dian.gov.co/dian/compilacion/docs/ley_2056_2020.htm: la misma norma ya está en el corpus o en la lista, se omite
09:37:51 INFO https://normograma.dian.gov.co/dian/compilacion/docs/ley_1121_2006.htm: la misma norma ya está en el corpus o en la lista, se omite
09:37:51 INFO https://normograma.dian.gov.co/dian/compilacion/docs/ley_2098_2021.htm: la misma norma ya está en el corpus o en la lista, se omite
09:37:51 INFO https://normograma.dian.gov.co/dian/compilacion/docs/decreto_2245_2011.htm: la misma norma ya está en el corpus o en la lista, se omite
09:37:51 INFO https://normograma.dian.gov.co/dian/compilacion/docs/ley_0141_1994.htm: la misma norma ya está en el corpus o en la lista, se omite
09:37:51 INFO https://normograma.dian.gov.co/dian/compilacion/docs/ley_1142_2007.htm: la misma norma ya está en el corpus o en la lista, se omite
09:37:51 INFO https://normograma.dian.gov.co/dian/compilacion/docs/ley_0915_2004.htm: la misma norma ya está en el corpus o en la lista, se omite
09:37:51 INFO https://normograma.dian.gov.co/dian/compilacion/docs/decreto_1261_2026.htm: la misma norma ya está en el corpus o en la lista, se omite
09:37:51 INFO https://normograma.dian.gov.co/dian/compilacion/docs/ley_2135_2021.htm: la misma norma ya está en el corpus o en la lista, se omite
09:37:51 INFO https://normograma.dian.gov.co/dian/compilacion/docs/ley_1556_2012.htm: la misma norma ya está en el corpus o en la lista, se omite
09:37:51 INFO https://normograma.dian.gov.co/dian/compilacion/docs/ley_1527_2012.htm: la misma norma ya está en el corpus o en la lista, se omite
09:37:51 INFO https://normograma.dian.gov.co/dian/compilacion/docs/decreto_1742_2020.htm: la misma norma ya está en el corpus o en la lista, se omite
09:37:51 INFO https://normograma.dian.gov.co/dian/compilacion/docs/decreto_0688_2020.htm: la misma norma ya está en el corpus o en la lista, se omite
09:37:51 INFO https://normograma.dian.gov.co/dian/compilacion/docs/ley_0047_1993.htm: la misma norma ya está en el corpus o en la lista, se omite
09:37:51 INFO https://normograma.dian.gov.co/dian/compilacion/docs/ley_1114_2006.htm: la misma norma ya está en el corpus o en la lista, se omite
09:37:51 INFO https://normograma.dian.gov.co/dian/compilacion/docs/ley_1952_2019.htm: la misma norma ya está en el corpus o en la lista, se omite
09:37:51 INFO https://normograma.dian.gov.co/dian/compilacion/docs/ley_1944_2018.htm: la misma norma ya está en el corpus o en la lista, se omite
09:37:51 INFO https://normograma.dian.gov.co/dian/compilacion/docs/decreto_1082_2015.htm: la misma norma ya está en el corpus o en la lista, se omite
09:37:51 INFO https://normograma.dian.gov.co/dian/compilacion/docs/decreto_0071_2020.htm: la misma norma ya está en el corpus o en la lista, se omite
09:37:51 INFO https://normograma.dian.gov.co/dian/compilacion/docs/decreto_1494_2015.htm: la misma norma ya está en el corpus o en la lista, se omite
09:37:51 INFO http://www.secretariasenado.gov.co/senado/basedoc/decreto_0535_2020.html: la misma norma ya está en el corpus o en la lista, se omite
09:37:51 INFO https://normograma.dian.gov.co/dian/compilacion/docs/decreto_4048_2008.htm: la misma norma ya está en el corpus o en la lista, se omite
09:37:51 INFO https://normograma.dian.gov.co/dian/compilacion/docs/ley_0814_2003.htm: la misma norma ya está en el corpus o en la lista, se omite
09:37:51 INFO https://normograma.dian.gov.co/dian/compilacion/docs/decreto_0518_2020.htm: la misma norma ya está en el corpus o en la lista, se omite
09:37:51 INFO https://normograma.dian.gov.co/dian/compilacion/docs/ley_0818_2003.htm: la misma norma ya está en el corpus o en la lista, se omite
09:37:51 INFO https://normograma.dian.gov.co/dian/compilacion/docs/ley_1032_2006.htm: la misma norma ya está en el corpus o en la lista, se omite
09:37:51 INFO https://normograma.dian.gov.co/dian/compilacion/docs/ley_1273_2009.htm: la misma norma ya está en el corpus o en la lista, se omite
09:37:51 INFO https://normograma.dian.gov.co/dian/compilacion/docs/ley_1565_2012.htm: la misma norma ya está en el corpus o en la lista, se omite
09:37:51 INFO https://normograma.dian.gov.co/dian/compilacion/docs/ley_1609_2013.htm: la misma norma ya está en el corpus o en la lista, se omite
09:37:51 INFO https://normograma.dian.gov.co/dian/compilacion/docs/ley_1931_2018.htm: la misma norma ya está en el corpus o en la lista, se omite
09:37:51 INFO https://normograma.dian.gov.co/dian/compilacion/docs/decreto_4651_2006.htm: la misma norma ya está en el corpus o en la lista, se omite
09:37:51 INFO https://normograma.dian.gov.co/dian/compilacion/docs/ley_0044_1993.htm: la misma norma ya está en el corpus o en la lista, se omite
09:37:51 INFO https://normograma.dian.gov.co/dian/compilacion/docs/decreto_1092_1996.htm: la misma norma ya está en el corpus o en la lista, se omite
09:37:51 INFO https://normograma.dian.gov.co/dian/compilacion/docs/decreto_0920_2023.htm: la misma norma ya está en el corpus o en la lista, se omite
09:37:51 INFO https://normograma.dian.gov.co/dian/compilacion/docs/decreto_2272_1991.htm: la misma norma ya está en el corpus o en la lista, se omite
09:37:51 INFO https://normograma.dian.gov.co/dian/compilacion/docs/ley_0939_2004.htm: la misma norma ya está en el corpus o en la lista, se omite
09:37:51 INFO https://normograma.dian.gov.co/dian/compilacion/docs/decreto_0808_2020.htm: la misma norma ya está en el corpus o en la lista, se omite
09:37:51 INFO https://normograma.dian.gov.co/dian/compilacion/docs/ley_2052_2020.htm: la misma norma ya está en el corpus o en la lista, se omite
09:37:51 INFO https://normograma.dian.gov.co/dian/compilacion/docs/ley_1915_2018.htm: la misma norma ya está en el corpus o en la lista, se omite
09:37:51 INFO https://normograma.dian.gov.co/dian/compilacion/docs/ley_2111_2021.htm: la misma norma ya está en el corpus o en la lista, se omite
09:37:51 INFO https://normograma.dian.gov.co/dian/compilacion/docs/ley_2356_2024.htm: la misma norma ya está en el corpus o en la lista, se omite
09:37:51 INFO https://normograma.dian.gov.co/dian/compilacion/docs/decreto_1071_1999.htm: la misma norma ya está en el corpus o en la lista, se omite
09:37:51 INFO https://normograma.dian.gov.co/dian/compilacion/docs/decreto_0540_2020.htm: la misma norma ya está en el corpus o en la lista, se omite
09:37:51 INFO http://www.secretariasenado.gov.co/senado/basedoc/decreto_4712_2008.html: la misma norma ya está en el corpus o en la lista, se omite
09:37:51 INFO http://www.secretariasenado.gov.co/senado/basedoc/decreto_0492_2020.html: la misma norma ya está en el corpus o en la lista, se omite
09:37:51 INFO https://normograma.dian.gov.co/dian/compilacion/docs/ley_1475_2011.htm: la misma norma ya está en el corpus o en la lista, se omite
09:37:51 INFO https://normograma.dian.gov.co/dian/compilacion/docs/ley_2064_2020.htm: la misma norma ya está en el corpus o en la lista, se omite
09:37:51 INFO https://normograma.dian.gov.co/dian/compilacion/docs/ley_0361_1997.htm: la misma norma ya está en el corpus o en la lista, se omite
09:37:51 INFO https://normograma.dian.gov.co/dian/compilacion/docs/decreto_0772_2020.htm: la misma norma ya está en el corpus o en la lista, se omite
09:37:51 INFO https://normograma.dian.gov.co/dian/compilacion/docs/ley_0123_1994.htm: la misma norma ya está en el corpus o en la lista, se omite
09:37:51 INFO https://normograma.dian.gov.co/dian/compilacion/docs/ley_2300_2023.htm: la misma norma ya está en el corpus o en la lista, se omite
09:37:51 INFO https://normograma.dian.gov.co/dian/compilacion/docs/decreto_0722_2014.htm: la misma norma ya está en el corpus o en la lista, se omite
09:37:51 INFO https://normograma.dian.gov.co/dian/compilacion/docs/ley_1379_2010.htm: la misma norma ya está en el corpus o en la lista, se omite
09:37:51 INFO https://normograma.dian.gov.co/dian/compilacion/docs/ley_0594_2000.htm: la misma norma ya está en el corpus o en la lista, se omite
09:37:51 INFO https://normograma.dian.gov.co/dian/compilacion/docs/ley_1028_2006.htm: la misma norma ya está en el corpus o en la lista, se omite
09:37:51 INFO https://normograma.dian.gov.co/dian/compilacion/docs/ley_1959_2019.htm: la misma norma ya está en el corpus o en la lista, se omite
09:37:51 INFO https://normograma.dian.gov.co/dian/compilacion/docs/ley_2375_2024.htm: la misma norma ya está en el corpus o en la lista, se omite
09:37:51 INFO https://normograma.dian.gov.co/dian/compilacion/docs/ley_2477_2025.htm: la misma norma ya está en el corpus o en la lista, se omite
09:37:51 INFO http://www.secretariasenado.gov.co/senado/basedoc/ley_0253_1996.html: la misma norma ya está en el corpus o en la lista, se omite
09:37:51 INFO https://normograma.dian.gov.co/dian/compilacion/docs/ley_1621_2013.htm: la misma norma ya está en el corpus o en la lista, se omite
09:37:51 INFO http://www.secretariasenado.gov.co/senado/basedoc/ley_1694_2013.html: la misma norma ya está en el corpus o en la lista, se omite
09:37:51 INFO https://normograma.dian.gov.co/dian/compilacion/docs/ley_2094_2021.htm: la misma norma ya está en el corpus o en la lista, se omite
09:37:51 INFO https://normograma.dian.gov.co/dian/compilacion/docs/ley_1826_2017.htm: la misma norma ya está en el corpus o en la lista, se omite
09:37:51 INFO https://normograma.dian.gov.co/dian/compilacion/docs/ley_1902_2018.htm: la misma norma ya está en el corpus o en la lista, se omite
09:37:51 INFO https://normograma.dian.gov.co/dian/compilacion/docs/decreto_0560_2020.htm: la misma norma ya está en el corpus o en la lista, se omite
09:37:51 INFO https://normograma.dian.gov.co/dian/compilacion/docs/decreto_0210_2003.htm: la misma norma ya está en el corpus o en la lista, se omite
09:37:51 INFO https://normograma.dian.gov.co/dian/compilacion/docs/ley_0986_2005.htm: la misma norma ya está en el corpus o en la lista, se omite
09:37:51 INFO https://normograma.dian.gov.co/dian/compilacion/docs/ley_2586_2026.htm: la misma norma ya está en el corpus o en la lista, se omite
09:37:51 INFO https://normograma.dian.gov.co/dian/compilacion/docs/ley_1312_2009.htm: la misma norma ya está en el corpus o en la lista, se omite
09:37:51 INFO https://normograma.dian.gov.co/dian/compilacion/docs/ley_1652_2013.htm: la misma norma ya está en el corpus o en la lista, se omite
09:37:51 INFO https://normograma.dian.gov.co/dian/compilacion/docs/decreto_1074_1999.htm: la misma norma ya está en el corpus o en la lista, se omite
09:37:51 INFO https://normograma.dian.gov.co/dian/compilacion/docs/ley_1760_2015.htm: la misma norma ya está en el corpus o en la lista, se omite
09:37:51 INFO https://normograma.dian.gov.co/dian/compilacion/docs/ley_2205_2022.htm: la misma norma ya está en el corpus o en la lista, se omite
09:37:51 INFO https://normograma.dian.gov.co/dian/compilacion/docs/ley_2365_2024.htm: la misma norma ya está en el corpus o en la lista, se omite
09:37:51 INFO https://normograma.dian.gov.co/dian/compilacion/docs/ley_1234_2008.htm: la misma norma ya está en el corpus o en la lista, se omite
09:37:51 INFO https://normograma.dian.gov.co/dian/compilacion/docs/ley_1221_2008.htm: la misma norma ya está en el corpus o en la lista, se omite
09:37:51 INFO https://normograma.dian.gov.co/dian/compilacion/docs/ley_2040_2020.htm: la misma norma ya está en el corpus o en la lista, se omite
09:37:51 INFO https://normograma.dian.gov.co/dian/compilacion/docs/decreto_0927_2023.htm: la misma norma ya está en el corpus o en la lista, se omite
09:37:51 INFO https://normograma.dian.gov.co/dian/compilacion/docs/ley_1923_2018.htm: la misma norma ya está en el corpus o en la lista, se omite
09:37:51 INFO https://normograma.dian.gov.co/dian/compilacion/docs/decreto_2770_2004.htm: la misma norma ya está en el corpus o en la lista, se omite
09:37:51 INFO https://normograma.dian.gov.co/dian/compilacion/docs/ley_0985_2005.htm: la misma norma ya está en el corpus o en la lista, se omite
09:37:51 INFO https://normograma.dian.gov.co/dian/compilacion/docs/ley_1774_2016.htm: la misma norma ya está en el corpus o en la lista, se omite
09:37:51 INFO https://normograma.dian.gov.co/dian/compilacion/docs/ley_1786_2016.htm: la misma norma ya está en el corpus o en la lista, se omite
09:37:51 INFO https://normograma.dian.gov.co/dian/compilacion/docs/ley_1851_2017.htm: la misma norma ya está en el corpus o en la lista, se omite
09:37:51 INFO https://normograma.dian.gov.co/dian/compilacion/docs/ley_2592_2026.htm: la misma norma ya está en el corpus o en la lista, se omite
09:37:51 INFO https://normograma.dian.gov.co/dian/compilacion/docs/ley_2022_2020.htm: la misma norma ya está en el corpus o en la lista, se omite
09:37:51 INFO data/enlaces_proximidad.txt: 3366 links nuevos
09:37:51 INFO Documentos a procesar: 7
09:37:51 INFO ley_54_1990: descargando (senado)
09:37:53 INFO ley_29_1982: descargando (senado)
09:37:54 INFO decreto_2663_1950: descargando (senado)
09:37:56 INFO decreto_3030_2022: descargando (senado)
09:37:57 INFO ley_2568_2021: descargando (senado)
09:37:59 INFO ley_45_1990: descargando (senado)
09:38:00 INFO decreto_4302_2008: descargando (senado)

Listos: 0 · Con error: 7 · Normas enlazadas aún fuera del corpus: 12 (ver data/descubiertos.csv)
  ✗ ley_54_1990: HTTP 404 en http://www.secretariasenado.gov.co/senado/basedoc/ley_0054_1990.html
  ✗ ley_29_1982: HTTP 404 en http://www.secretariasenado.gov.co/senado/basedoc/ley_0029_1982.html
  ✗ decreto_2663_1950: HTTP 404 en http://www.secretariasenado.gov.co/senado/basedoc/decreto_2663_1950.html
  ✗ decreto_3030_2022: HTTP 404 en http://www.secretariasenado.gov.co/senado/basedoc/decreto_3030_2022.html
  ✗ ley_2568_2021: HTTP 404 en http://www.secretariasenado.gov.co/senado/basedoc/ley_2568_2021.html
  ✗ ley_45_1990: HTTP 404 en http://www.secretariasenado.gov.co/senado/basedoc/ley_0045_1990.html
  ✗ decreto_4302_2008: HTTP 404 en http://www.secretariasenado.gov.co/senado/basedoc/decreto_4302_2008.html
  ⚠ En el manifest pero ya no en las fuentes (bórrenlos de data/raw, data/md y del manifest si no los quieren): decreto_1082_2015-2, decreto_1625_2016-2
== 3/4 lo que sigue faltando
RESULTADO preguntas: 992 · con mención normativa: 404 · normas distintas: 142 · ya en el corpus: 133 · a descargar: 7 · a buscar a mano: 2 · oraciones sin cita reconocida: 105
  falta Resolución 368 de 2014 (23 preguntas): buscar a mano
  falta Decreto 2663 de 1950 (1 preguntas): descargar como decreto_2663_1950
  falta Decreto 3030 de 2022 (1 preguntas): descargar como decreto_3030_2022
  falta Decreto 4302 de 2008 (1 preguntas): descargar como decreto_4302_2008
  falta Sentencia SL-3871 de 2021 (1 preguntas): buscar a mano
  falta Ley 2568 de 2021 (1 preguntas): descargar como ley_2568_2021
  falta Ley 29 de 1982 (1 preguntas): descargar como ley_29_1982
  falta Ley 45 de 1990 (1 preguntas): descargar como ley_45_1990
  falta Ley 54 de 1990 (1 preguntas): descargar como ley_54_1990
RESULTADO documentos nuevos en el corpus: 34
RESULTADO pendientes a buscar a mano: data/enriquecimiento/test_992/despues/pendientes.json
== 4/4 encadenando chunking -> índice -> recuperación
RESULTADO encadenados: chunking 756991 -> indice 756992 -> recuperar 756993
documentos: 3629 {'ok': 3519, 'error': 110}
  sin descargar: 103 | HTTP 404 en http://www.secretariasenado.gov.co/senado/basedoc/103
  sin descargar: 76 | HTTP 404 en http://www.secretariasenado.gov.co/senado/basedoc/76
  sin descargar: acuerdo_02_2015 | acuerdo_02_2015: no hay descarga previa para convertir
  sin descargar: c_1043_2005 | HTTP 404 en http://www.secretariasenado.gov.co/senado/basedoc/c-1043_2005.html
  sin descargar: c_253a_12 | Agotados los reintentos para http://www.corteconstitucional.gov.co/relatoria/2012/C-253A-12.htm: RemoteProtocolError: Server disconnected without sending a response.
  sin descargar: c_489_2012 | HTTP 404 en http://www.secretariasenado.gov.co/senado/basedoc/c-489_2012.html
  sin descargar: c_750_2008 | HTTP 404 en http://www.secretariasenado.gov.co/senado/basedoc/c-750_2008.html
  sin descargar: c_750_2008-3 | HTTP 404 en https://normograma.dian.gov.co/dian/compilacion/docs/c-750_2008.htm
  sin descargar: decision_comisioncandina_dec885 | HTTP 404 en https://normograma.dian.gov.co/dian/compilacion/docs/decision_comisioncandina_dec885.htm
  sin descargar: decreto_1273_2020 | HTTP 404 en https://normograma.dian.gov.co/dian/compilacion/docs/decreto_1273_2020.htm
  sin descargar: decreto_2158_1948 | decreto_2158_1948: no hay descarga previa para convertir
  sin descargar: decreto_24_2016 | decreto_24_2016: no hay descarga previa para convertir
  sin descargar: decreto_2663_1950 | HTTP 404 en http://www.secretariasenado.gov.co/senado/basedoc/decreto_2663_1950.html
  sin descargar: decreto_2737_1989 | decreto_2737_1989: no hay descarga previa para convertir
  sin descargar: decreto_3030_2022 | HTTP 404 en http://www.secretariasenado.gov.co/senado/basedoc/decreto_3030_2022.html
  sin descargar: decreto_405_2025 | decreto_405_2025: no hay descarga previa para convertir
  sin descargar: decreto_410_1971 | decreto_410_1971: no hay descarga previa para convertir
  sin descargar: decreto_4302_2008 | HTTP 404 en http://www.secretariasenado.gov.co/senado/basedoc/decreto_4302_2008.html
  sin descargar: decreto_4436_2005 | decreto_4436_2005: no hay descarga previa para convertir
  sin descargar: decreto_46_2024 | decreto_46_2024: no hay descarga previa para convertir
  sin descargar: decreto_663_1993 | decreto_663_1993: no hay descarga previa para convertir
  sin descargar: decreto_780_2016 | decreto_780_2016: no hay descarga previa para convertir
  sin descargar: decreto_875_2008 | decreto_875_2008: no hay descarga previa para convertir
  sin descargar: doc | HTTP 404 en http://www.secretariasenado.gov.co/senado/basedoc/[
  sin descargar: doc-3 | HTTP 404 en https://normograma.dian.gov.co/dian/compilacion/docs/[
  sin descargar: ley_153_1887 | ley_153_1887: no hay descarga previa para convertir
  sin descargar: ley_155_1959 | ley_155_1959: no hay descarga previa para convertir
  sin descargar: ley_248_1995_pd | HTTP 404 en https://www.defensoria.gov.co/public/Normograma%202013_html/Normas/Ley_248_1995.pd
  sin descargar: ley_2568_2021 | HTTP 404 en http://www.secretariasenado.gov.co/senado/basedoc/ley_2568_2021.html
  sin descargar: ley_29_1982 | HTTP 404 en http://www.secretariasenado.gov.co/senado/basedoc/ley_0029_1982.html
  sin descargar: ley_45_1990 | HTTP 404 en http://www.secretariasenado.gov.co/senado/basedoc/ley_0045_1990.html
  sin descargar: ley_50_1990 | ley_50_1990: no hay descarga previa para convertir
  sin descargar: ley_54_1990 | HTTP 404 en http://www.secretariasenado.gov.co/senado/basedoc/ley_0054_1990.html
  sin descargar: ley_75_1968 | ley_75_1968: no hay descarga previa para convertir
  sin descargar: ley_84_1873 | ley_84_1873: no hay descarga previa para convertir
  sin descargar: norma | Agotados los reintentos para https://www.funcionpublica.gov.co/eva/gestornormativo/norma.php?i=41249: ConnectError: [SSL: CERTIFICATE_VERIFY_FAILED] certificate verify failed: unable to get local issuer certificate (_ssl.c:1010)
  sin descargar: norma-2 | Agotados los reintentos para https://www.funcionpublica.gov.co/eva/gestornormativo/norma.php?i=329: ConnectError: [SSL: CERTIFICATE_VERIFY_FAILED] certificate verify failed: unable to get local issuer certificate (_ssl.c:1010)
  sin descargar: norma-3 | Agotados los reintentos para https://www.funcionpublica.gov.co/eva/gestornormativo/norma.php?i=5387: ConnectError: [SSL: CERTIFICATE_VERIFY_FAILED] certificate verify failed: unable to get local issuer certificate (_ssl.c:1010)
  sin descargar: norma-4 | Agotados los reintentos para https://www.funcionpublica.gov.co/eva/gestornormativo/norma.php?i=6388: ConnectError: [SSL: CERTIFICATE_VERIFY_FAILED] certificate verify failed: unable to get local issuer certificate (_ssl.c:1010)
  sin descargar: sentencia_a-121_2011 | Agotados los reintentos para http://www.corteconstitucional.gov.co/relatoria/autos/2011/A121-11.htm: RemoteProtocolError: Server disconnected without sending a response.
  sin descargar: sentencia_a-219_2011 | Agotados los reintentos para http://www.corteconstitucional.gov.co/relatoria/autos/2011/A219-11.htm: RemoteProtocolError: Server disconnected without sending a response.
  sin descargar: sentencia_a-248_2007 | Agotados los reintentos para http://www.corteconstitucional.gov.co/relatoria/autos/2007/A248-07.htm: RemoteProtocolError: Server disconnected without sending a response.
  sin descargar: sentencia_a-249_2007 | Agotados los reintentos para http://www.corteconstitucional.gov.co/relatoria/autos/2007/A249-07.htm: RemoteProtocolError: Server disconnected without sending a response.
  sin descargar: sentencia_a-250_2007 | Agotados los reintentos para http://www.corteconstitucional.gov.co/relatoria/autos/2007/A250-07.htm: RemoteProtocolError: Server disconnected without sending a response.
  sin descargar: sentencia_a-251_2007 | Agotados los reintentos para http://www.corteconstitucional.gov.co/relatoria/autos/2007/A251-07.htm: RemoteProtocolError: Server disconnected without sending a response.
  sin descargar: sentencia_a-37_2012 | Agotados los reintentos para http://www.corteconstitucional.gov.co/relatoria/autos/2012/A037-12.htm: RemoteProtocolError: Server disconnected without sending a response.
  sin descargar: sentencia_a-382_2010 | Agotados los reintentos para http://www.corteconstitucional.gov.co/relatoria/autos/2010/A382-10.htm: RemoteProtocolError: Server disconnected without sending a response.
  sin descargar: sentencia_a-383_2010 | Agotados los reintentos para http://www.corteconstitucional.gov.co/relatoria/autos/2010/A383-10.htm: RemoteProtocolError: Server disconnected without sending a response.
  sin descargar: sentencia_a-4_2009 | Agotados los reintentos para http://www.corteconstitucional.gov.co/relatoria/autos/2009/A004-09.htm: RemoteProtocolError: Server disconnected without sending a response.
  sin descargar: sentencia_a-5_2009 | Agotados los reintentos para http://www.corteconstitucional.gov.co/relatoria/autos/2009/A005-09.htm: RemoteProtocolError: Server disconnected without sending a response.
  sin descargar: sentencia_a-6_2009 | Agotados los reintentos para http://www.corteconstitucional.gov.co/relatoria/autos/2009/A006-09.htm: RemoteProtocolError: Server disconnected without sending a response.
  sin descargar: sentencia_a-8_2009 | Agotados los reintentos para http://www.corteconstitucional.gov.co/relatoria/autos/2009/A008-09.htm: RemoteProtocolError: Server disconnected without sending a response.
  sin descargar: sentencia_a-92_2008 | Agotados los reintentos para http://www.corteconstitucional.gov.co/relatoria/autos/2008/A092-08.htm: RemoteProtocolError: Server disconnected without sending a response.
  sin descargar: sentencia_c-100_2005 | Agotados los reintentos para http://www.corteconstitucional.gov.co/relatoria/2005/C-100-05.htm: RemoteProtocolError: Server disconnected without sending a response.
  sin descargar: sentencia_c-1034_2003 | Agotados los reintentos para http://www.corteconstitucional.gov.co/relatoria/2003/C-1034-03.htm: RemoteProtocolError: Server disconnected without sending a response.
  sin descargar: sentencia_c-1064_2001 | Agotados los reintentos para http://www.corteconstitucional.gov.co/relatoria/2001/C-1064-01.htm: RemoteProtocolError: Server disconnected without sending a response.
  sin descargar: sentencia_c-1098_2001 | Agotados los reintentos para http://www.corteconstitucional.gov.co/relatoria/2001/C-1098-01.htm: RemoteProtocolError: Server disconnected without sending a response.
  sin descargar: sentencia_c-1110_2000 | Agotados los reintentos para http://www.corteconstitucional.gov.co/relatoria/2000/C-1110-00.htm: RemoteProtocolError: Server disconnected without sending a response.
  sin descargar: sentencia_c-122_2012 | Agotados los reintentos para http://www.corteconstitucional.gov.co/relatoria/2012/C-122-12.htm: RemoteProtocolError: Server disconnected without sending a response.
  sin descargar: sentencia_c-127_2003 | Agotados los reintentos para http://www.corteconstitucional.gov.co/relatoria/2003/C-127-03.htm: RemoteProtocolError: Server disconnected without sending a response.
  sin descargar: sentencia_c-1287_2001 | Agotados los reintentos para http://www.corteconstitucional.gov.co/relatoria/2001/C-1287-01.htm: RemoteProtocolError: Server disconnected without sending a response.
  sin descargar: sentencia_c-1319_2000 | Agotados los reintentos para http://www.corteconstitucional.gov.co/relatoria/2000/C-1319-00.htm: RemoteProtocolError: Server disconnected without sending a response.
  sin descargar: sentencia_c-131_2004 | Agotados los reintentos para http://www.corteconstitucional.gov.co/relatoria/2004/C-131-04.htm: RemoteProtocolError: Server disconnected without sending a response.
  sin descargar: sentencia_c-14_2004 | Agotados los reintentos para http://www.corteconstitucional.gov.co/relatoria/2004/C-014-04.htm: RemoteProtocolError: Server disconnected without sending a response.
  sin descargar: sentencia_c-154_2007 | Agotados los reintentos para http://www.corteconstitucional.gov.co/relatoria/2007/C-154-07.htm: RemoteProtocolError: Server disconnected without sending a response.
  sin descargar: sentencia_c-179_2005 | Agotados los reintentos para http://www.corteconstitucional.gov.co/relatoria/2005/C-179-05.htm: RemoteProtocolError: Server disconnected without sending a response.
  sin descargar: sentencia_c-181_2002 | Agotados los reintentos para http://www.corteconstitucional.gov.co/relatoria/2002/C-181-02.htm: RemoteProtocolError: Server disconnected without sending a response.
  sin descargar: sentencia_c-182_2010 | Agotados los reintentos para http://www.corteconstitucional.gov.co/relatoria/2010/C-182-10.htm: RemoteProtocolError: Server disconnected without sending a response.
  sin descargar: sentencia_c-205_2003 | Agotados los reintentos para http://www.corteconstitucional.gov.co/relatoria/2003/C-205-03.htm: RemoteProtocolError: Server disconnected without sending a response.
  sin descargar: sentencia_c-210_2007 | Agotados los reintentos para http://www.corteconstitucional.gov.co/relatoria/2007/C-210-07.htm: RemoteProtocolError: Server disconnected without sending a response.
  sin descargar: sentencia_c-229_2004 | Agotados los reintentos para http://www.corteconstitucional.gov.co/relatoria/2004/C-229-04.htm: RemoteProtocolError: Server disconnected without sending a response.
  sin descargar: sentencia_c-247_2002 | Agotados los reintentos para http://www.corteconstitucional.gov.co/relatoria/2002/C-247-02.htm: RemoteProtocolError: Server disconnected without sending a response.
  sin descargar: sentencia_c-254_2003 | Agotados los reintentos para http://www.corteconstitucional.gov.co/relatoria/2003/C-254-03.htm: RemoteProtocolError: Server disconnected without sending a response.
  sin descargar: sentencia_c-306_2012 | Agotados los reintentos para http://www.corteconstitucional.gov.co/relatoria/2012/C-306-12.htm: RemoteProtocolError: Server disconnected without sending a response.
  sin descargar: sentencia_c-315_2012 | Agotados los reintentos para http://www.corteconstitucional.gov.co/relatoria/2012/C-315-12.htm: RemoteProtocolError: Server disconnected without sending a response.
  sin descargar: sentencia_c-317_2002 | Agotados los reintentos para http://www.corteconstitucional.gov.co/relatoria/2002/C-317-02.htm: RemoteProtocolError: Server disconnected without sending a response.
  sin descargar: sentencia_c-319_2006 | Agotados los reintentos para http://www.corteconstitucional.gov.co/relatoria/2006/C-319-06.htm: RemoteProtocolError: Server disconnected without sending a response.
  sin descargar: sentencia_c-350_2009 | Agotados los reintentos para http://www.corteconstitucional.gov.co/relatoria/2009/C-350-09.htm: RemoteProtocolError: Server disconnected without sending a response.
  sin descargar: sentencia_c-374_2002 | Agotados los reintentos para http://www.corteconstitucional.gov.co/relatoria/2002/C-374-02.htm: RemoteProtocolError: Server disconnected without sending a response.
  sin descargar: sentencia_c-39_2004 | Agotados los reintentos para http://www.corteconstitucional.gov.co/relatoria/2004/C-039-04.htm: RemoteProtocolError: Server disconnected without sending a response.
  sin descargar: sentencia_c-417_2009 | Agotados los reintentos para http://www.corteconstitucional.gov.co/relatoria/2009/C-417-09.htm: RemoteProtocolError: Server disconnected without sending a response.
  sin descargar: sentencia_c-475_1997 | Agotados los reintentos para http://www.corteconstitucional.gov.co/relatoria/1997/C-475-97.htm: RemoteProtocolError: Server disconnected without sending a response.
  sin descargar: sentencia_c-489_2002 | Agotados los reintentos para http://www.corteconstitucional.gov.co/relatoria/2002/C-489-02.htm: RemoteProtocolError: Server disconnected without sending a response.
  sin descargar: sentencia_c-52_2012 | Agotados los reintentos para http://www.corteconstitucional.gov.co/relatoria/2012/C-052-12.htm: RemoteProtocolError: Server disconnected without sending a response.
  sin descargar: sentencia_c-571_2004 | Agotados los reintentos para http://www.corteconstitucional.gov.co/relatoria/2004/C-571-04.htm: RemoteProtocolError: Server disconnected without sending a response.
  sin descargar: sentencia_c-578_2002 | Agotados los reintentos para http://www.corteconstitucional.gov.co/relatoria/2002/C-578-02.htm: RemoteProtocolError: Server disconnected without sending a response.
  sin descargar: sentencia_c-619_2003 | Agotados los reintentos para http://www.corteconstitucional.gov.co/relatoria/2003/C-619-03.htm: RemoteProtocolError: Server disconnected without sending a response.
  sin descargar: sentencia_c-645_2011 | Agotados los reintentos para http://www.corteconstitucional.gov.co/relatoria/2011/C-645-11.htm: RemoteProtocolError: Server disconnected without sending a response.
  sin descargar: sentencia_c-647_2001 | Agotados los reintentos para http://www.corteconstitucional.gov.co/relatoria/2001/C-647-01.htm: RemoteProtocolError: Server disconnected without sending a response.
  sin descargar: sentencia_c-68_2013 | Agotados los reintentos para http://www.corteconstitucional.gov.co/relatoria/2013/C-068-13.htm: RemoteProtocolError: Server disconnected without sending a response.
  sin descargar: sentencia_c-70_2009 | Agotados los reintentos para http://www.corteconstitucional.gov.co/relatoria/2009/C-070-09.htm: RemoteProtocolError: Server disconnected without sending a response.
  sin descargar: sentencia_c-711_2001 | Agotados los reintentos para http://www.corteconstitucional.gov.co/relatoria/2001/C-711-01.htm: RemoteProtocolError: Server disconnected without sending a response.
  sin descargar: sentencia_c-781_2012 | Agotados los reintentos para http://www.corteconstitucional.gov.co/relatoria/2012/C-781-12.htm: RemoteProtocolError: Server disconnected without sending a response.
  sin descargar: sentencia_c-798_2008 | Agotados los reintentos para http://www.corteconstitucional.gov.co/relatoria/2008/C-798-08.htm: RemoteProtocolError: Server disconnected without sending a response.
  sin descargar: sentencia_c-799_2003 | Agotados los reintentos para http://www.corteconstitucional.gov.co/relatoria/2003/C-799-03.htm: RemoteProtocolError: Server disconnected without sending a response.
  sin descargar: sentencia_c-802_2002 | Agotados los reintentos para http://www.corteconstitucional.gov.co/relatoria/2002/C-802-02.htm: RemoteProtocolError: Server disconnected without sending a response.
  sin descargar: sentencia_c-823_2006 | Agotados los reintentos para http://www.corteconstitucional.gov.co/relatoria/2006/C-823-06.htm: RemoteProtocolError: Server disconnected without sending a response.
  sin descargar: sentencia_c-889_2012 | Agotados los reintentos para http://www.corteconstitucional.gov.co/relatoria/2012/C-889-12.htm: RemoteProtocolError: Server disconnected without sending a response.
  sin descargar: sentencia_c-936_2010 | Agotados los reintentos para http://www.corteconstitucional.gov.co/relatoria/2010/C-936-10.htm: RemoteProtocolError: Server disconnected without sending a response.
  sin descargar: sentencia_sp_3218_2021 | sentencia_sp_3218_2021: no hay descarga previa para convertir
  sin descargar: sentencia_su-257_1997 | Agotados los reintentos para http://www.corteconstitucional.gov.co/relatoria/1997/SU257-97.htm: RemoteProtocolError: Server disconnected without sending a response.
  sin descargar: sentencia_su-337_1999 | Agotados los reintentos para http://www.corteconstitucional.gov.co/relatoria/1999/SU337-99.htm: RemoteProtocolError: Server disconnected without sending a response.
  sin descargar: sentencia_su-642_1998 | Agotados los reintentos para http://www.corteconstitucional.gov.co/relatoria/1998/SU642-98.htm: RemoteProtocolError: Server disconnected without sending a response.
  sin descargar: sentencia_su-891_2007 | Agotados los reintentos para http://www.corteconstitucional.gov.co/relatoria/2007/SU891-07.htm: RemoteProtocolError: Server disconnected without sending a response.
  sin descargar: sentencia_su-975_2003 | Agotados los reintentos para http://www.corteconstitucional.gov.co/relatoria/2003/SU975-03.htm: RemoteProtocolError: Server disconnected without sending a response.
  sin descargar: sentencia_t-1096_2004 | Agotados los reintentos para http://www.corteconstitucional.gov.co/relatoria/2004/t-1096-04.htm: RemoteProtocolError: Server disconnected without sending a response.
  sin descargar: sentencia_t-372_2013 | Agotados los reintentos para http://corteconstitucional.gov.co/relatoria/2013/T-372-13.htm: RemoteProtocolError: Server disconnected without sending a response.
  sin descargar: sentencia_t-496_2008 | Agotados los reintentos para http://www.corteconstitucional.gov.co/relatoria/2008/T-496-08.htm: RemoteProtocolError: Server disconnected without sending a response.
  sin descargar: sentencia_t-622_2010 | Agotados los reintentos para http://www.corteconstitucional.gov.co/relatoria/2010/t-622-10.htm: RemoteProtocolError: Server disconnected without sending a response.
  sin descargar: sentencia_t-624_2005 | Agotados los reintentos para http://corteconstitucional.gov.co/relatoria/2005/t-624-05.htm: RemoteProtocolError: Server disconnected without sending a response.
== fin: [enriquecer_corpus] Terminó con errores (ver .err) · 2026-10-03 09:38:06
