Job scraper_proximidad 749020 en nodei-7 · 2026-09-30 18:08:42
== 1/4 links con veces_enlazada > 2 -> data/enlaces_proximidad.txt
271 links con veces_enlazada > 2 -> data/enlaces_proximidad.txt
== 2/4 descarga de esos links
18:09:15 INFO decreto_2591_1991: fuentes_propias.json reemplaza la entrada anterior
18:09:15 INFO ley_1996_2019: fuentes_propias.json reemplaza la entrada anterior
18:09:15 INFO data/enlaces_proximidad.txt: 271 links nuevos
18:09:15 INFO Documentos a procesar: 271
18:09:15 INFO ley_2080_2021: descargando (senado)
18:09:17 INFO   parte_000.html  http://www.secretariasenado.gov.co/senado/basedoc/ley_2080_2021.html (131 KB)
18:09:18 INFO   parte_001.html  http://www.secretariasenado.gov.co/senado/basedoc/ley_2080_2021_pr001.html (93 KB)
18:09:19 INFO ley_2080_2021: OK · 2 partes · 152 artículos detectados · 129511 caracteres
18:09:19 INFO ley_1453_2011: descargando (senado)
18:09:20 INFO   parte_000.html  http://www.secretariasenado.gov.co/senado/basedoc/ley_1453_2011.html (100 KB)
18:09:21 INFO   parte_001.html  http://www.secretariasenado.gov.co/senado/basedoc/ley_1453_2011_pr001.html (120 KB)
18:09:23 INFO   parte_002.html  http://www.secretariasenado.gov.co/senado/basedoc/ley_1453_2011_pr002.html (47 KB)
18:09:23 INFO ley_1453_2011: OK · 3 partes · 115 artículos detectados · 133812 caracteres
18:09:23 INFO ley_2010_2019: descargando (senado)
18:09:24 INFO   parte_000.html  http://www.secretariasenado.gov.co/senado/basedoc/ley_2010_2019.html (492 KB)
18:09:25 INFO ley_2010_2019: OK · 1 partes · 247 artículos detectados · 348496 caracteres
18:09:25 INFO ley_2430_2024: descargando (senado)
18:09:26 INFO   parte_000.html  http://www.secretariasenado.gov.co/senado/basedoc/ley_2430_2024.html (148 KB)
18:09:27 INFO   parte_001.html  http://www.secretariasenado.gov.co/senado/basedoc/ley_2430_2024_pr001.html (112 KB)
18:09:28 INFO ley_2430_2024: OK · 2 partes · 95 artículos detectados · 135432 caracteres
18:09:28 INFO ley_223_1995: descargando (senado)
18:09:29 INFO   parte_000.html  http://www.secretariasenado.gov.co/senado/basedoc/ley_0223_1995.html (109 KB)
18:09:30 INFO   parte_001.html  http://www.secretariasenado.gov.co/senado/basedoc/ley_0223_1995_pr001.html (125 KB)
18:09:32 INFO   parte_002.html  http://www.secretariasenado.gov.co/senado/basedoc/ley_0223_1995_pr002.html (102 KB)
18:09:33 INFO   parte_003.html  http://www.secretariasenado.gov.co/senado/basedoc/ley_0223_1995_pr003.html (95 KB)
18:09:35 INFO   parte_004.html  http://www.secretariasenado.gov.co/senado/basedoc/ley_0223_1995_pr004.html (100 KB)
18:09:36 INFO   parte_005.html  http://www.secretariasenado.gov.co/senado/basedoc/ley_0223_1995_pr005.html (71 KB)
18:09:37 INFO ley_223_1995: OK · 6 partes · 284 artículos detectados · 257265 caracteres
18:09:37 INFO ley_446_1998: descargando (senado)
18:09:38 INFO   parte_000.html  http://www.secretariasenado.gov.co/senado/basedoc/ley_0446_1998.html (69 KB)
18:09:39 INFO   parte_001.html  http://www.secretariasenado.gov.co/senado/basedoc/ley_0446_1998_pr001.html (130 KB)
18:09:41 INFO   parte_002.html  http://www.secretariasenado.gov.co/senado/basedoc/ley_0446_1998_pr002.html (67 KB)
18:09:42 INFO   parte_003.html  http://www.secretariasenado.gov.co/senado/basedoc/ley_0446_1998_pr003.html (65 KB)
18:09:44 INFO   parte_004.html  http://www.secretariasenado.gov.co/senado/basedoc/ley_0446_1998_pr004.html (55 KB)
18:09:44 INFO ley_446_1998: OK · 5 partes · 182 artículos detectados · 115222 caracteres
18:09:44 INFO ley_6_1992: descargando (senado)
18:09:45 INFO   parte_000.html  http://www.secretariasenado.gov.co/senado/basedoc/ley_0006_1992.html (122 KB)
18:09:47 INFO   parte_001.html  http://www.secretariasenado.gov.co/senado/basedoc/ley_0006_1992_pr001.html (93 KB)
18:09:48 INFO   parte_002.html  http://www.secretariasenado.gov.co/senado/basedoc/ley_0006_1992_pr002.html (95 KB)
18:09:50 INFO   parte_003.html  http://www.secretariasenado.gov.co/senado/basedoc/ley_0006_1992_pr003.html (30 KB)
18:09:50 INFO ley_6_1992: OK · 4 partes · 150 artículos detectados · 156819 caracteres
18:09:50 INFO ley_1395_2010: descargando (senado)
18:09:51 INFO   parte_000.html  http://www.secretariasenado.gov.co/senado/basedoc/ley_1395_2010.html (106 KB)
18:09:53 INFO   parte_001.html  http://www.secretariasenado.gov.co/senado/basedoc/ley_1395_2010_pr001.html (87 KB)
18:09:54 INFO   parte_002.html  http://www.secretariasenado.gov.co/senado/basedoc/ley_1395_2010_pr002.html (58 KB)
18:09:55 INFO ley_1395_2010: OK · 3 partes · 127 artículos detectados · 108950 caracteres
18:09:55 INFO ley_2094_2021: descargando (senado)
18:09:56 INFO   parte_000.html  http://www.secretariasenado.gov.co/senado/basedoc/ley_2094_2021.html (109 KB)
18:09:57 INFO   parte_001.html  http://www.secretariasenado.gov.co/senado/basedoc/ley_2094_2021_pr001.html (60 KB)
18:09:58 INFO ley_2094_2021: OK · 2 partes · 144 artículos detectados · 82774 caracteres
18:09:58 INFO ley_1826_2017: descargando (senado)
18:09:59 INFO   parte_000.html  http://www.secretariasenado.gov.co/senado/basedoc/ley_1826_2017.html (87 KB)
18:09:59 INFO ley_1826_2017: OK · 1 partes · 45 artículos detectados · 40651 caracteres
18:09:59 INFO ley_1142_2007: descargando (senado)
18:10:00 INFO   parte_000.html  http://www.secretariasenado.gov.co/senado/basedoc/ley_1142_2007.html (105 KB)
18:10:02 INFO   parte_001.html  http://www.secretariasenado.gov.co/senado/basedoc/ley_1142_2007_pr001.html (26 KB)
18:10:02 INFO ley_1142_2007: OK · 2 partes · 91 artículos detectados · 58525 caracteres
18:10:02 INFO ley_1955_2019: descargando (senado)
18:10:04 INFO   parte_000.html  http://www.secretariasenado.gov.co/senado/basedoc/ley_1955_2019.html (187 KB)
18:10:05 INFO   parte_001.html  http://www.secretariasenado.gov.co/senado/basedoc/ley_1955_2019_pr001.html (138 KB)
18:10:06 INFO   parte_002.html  http://www.secretariasenado.gov.co/senado/basedoc/ley_1955_2019_pr002.html (144 KB)
18:10:08 INFO   parte_003.html  http://www.secretariasenado.gov.co/senado/basedoc/ley_1955_2019_pr003.html (154 KB)
18:10:09 INFO   parte_004.html  http://www.secretariasenado.gov.co/senado/basedoc/ley_1955_2019_pr004.html (124 KB)
18:10:11 INFO   parte_005.html  http://www.secretariasenado.gov.co/senado/basedoc/ley_1955_2019_pr005.html (172 KB)
18:10:12 INFO   parte_006.html  http://www.secretariasenado.gov.co/senado/basedoc/ley_1955_2019_pr006.html (153 KB)
18:10:14 INFO   parte_007.html  http://www.secretariasenado.gov.co/senado/basedoc/ley_1955_2019_pr007.html (52 KB)
18:10:14 INFO ley_1955_2019: OK · 8 partes · 406 artículos detectados · 571099 caracteres
18:10:14 INFO ley_2197_2022: descargando (senado)
18:10:15 INFO   parte_000.html  http://www.secretariasenado.gov.co/senado/basedoc/ley_2197_2022.html (104 KB)
18:10:17 INFO   parte_001.html  http://www.secretariasenado.gov.co/senado/basedoc/ley_2197_2022_pr001.html (135 KB)
18:10:17 INFO ley_2197_2022: OK · 2 partes · 113 artículos detectados · 125641 caracteres
18:10:17 INFO ley_1474_2011: descargando (senado)
18:10:18 INFO   parte_000.html  http://www.secretariasenado.gov.co/senado/basedoc/ley_1474_2011.html (107 KB)
18:10:20 INFO   parte_001.html  http://www.secretariasenado.gov.co/senado/basedoc/ley_1474_2011_pr001.html (108 KB)
18:10:21 INFO   parte_002.html  http://www.secretariasenado.gov.co/senado/basedoc/ley_1474_2011_pr002.html (94 KB)
18:10:23 INFO   parte_003.html  http://www.secretariasenado.gov.co/senado/basedoc/ley_1474_2011_pr003.html (26 KB)
18:10:23 INFO ley_1474_2011: OK · 4 partes · 142 artículos detectados · 154579 caracteres
18:10:23 INFO codigo_procedimiento_civil: descargando (senado)
18:10:24 INFO   parte_000.html  http://www.secretariasenado.gov.co/senado/basedoc/codigo_procedimiento_civil.html (109 KB)
18:10:26 INFO   parte_001.html  http://www.secretariasenado.gov.co/senado/basedoc/codigo_procedimiento_civil_pr001.html (101 KB)
18:10:27 INFO   parte_002.html  http://www.secretariasenado.gov.co/senado/basedoc/codigo_procedimiento_civil_pr002.html (111 KB)
18:10:29 INFO   parte_003.html  http://www.secretariasenado.gov.co/senado/basedoc/codigo_procedimiento_civil_pr003.html (113 KB)
18:10:30 INFO   parte_004.html  http://www.secretariasenado.gov.co/senado/basedoc/codigo_procedimiento_civil_pr004.html (101 KB)
18:10:32 INFO   parte_005.html  http://www.secretariasenado.gov.co/senado/basedoc/codigo_procedimiento_civil_pr005.html (120 KB)
18:10:33 INFO   parte_006.html  http://www.secretariasenado.gov.co/senado/basedoc/codigo_procedimiento_civil_pr006.html (98 KB)
18:10:35 INFO   parte_007.html  http://www.secretariasenado.gov.co/senado/basedoc/codigo_procedimiento_civil_pr007.html (107 KB)
18:10:36 INFO   parte_008.html  http://www.secretariasenado.gov.co/senado/basedoc/codigo_procedimiento_civil_pr008.html (106 KB)
18:10:38 INFO   parte_009.html  http://www.secretariasenado.gov.co/senado/basedoc/codigo_procedimiento_civil_pr009.html (94 KB)
18:10:39 INFO   parte_010.html  http://www.secretariasenado.gov.co/senado/basedoc/codigo_procedimiento_civil_pr010.html (108 KB)
18:10:41 INFO   parte_011.html  http://www.secretariasenado.gov.co/senado/basedoc/codigo_procedimiento_civil_pr011.html (110 KB)
18:10:42 INFO   parte_012.html  http://www.secretariasenado.gov.co/senado/basedoc/codigo_procedimiento_civil_pr012.html (127 KB)
18:10:44 INFO   parte_013.html  http://www.secretariasenado.gov.co/senado/basedoc/codigo_procedimiento_civil_pr013.html (106 KB)
18:10:45 INFO   parte_014.html  http://www.secretariasenado.gov.co/senado/basedoc/codigo_procedimiento_civil_pr014.html (127 KB)
18:10:47 INFO   parte_015.html  http://www.secretariasenado.gov.co/senado/basedoc/codigo_procedimiento_civil_pr015.html (108 KB)
18:10:48 INFO   parte_016.html  http://www.secretariasenado.gov.co/senado/basedoc/codigo_procedimiento_civil_pr016.html (103 KB)
18:10:50 INFO   parte_017.html  http://www.secretariasenado.gov.co/senado/basedoc/codigo_procedimiento_civil_pr017.html (137 KB)
18:10:51 INFO   parte_018.html  http://www.secretariasenado.gov.co/senado/basedoc/codigo_procedimiento_civil_pr018.html (116 KB)
18:10:53 INFO   parte_019.html  http://www.secretariasenado.gov.co/senado/basedoc/codigo_procedimiento_civil_pr019.html (101 KB)
18:10:54 INFO   parte_020.html  http://www.secretariasenado.gov.co/senado/basedoc/codigo_procedimiento_civil_pr020.html (111 KB)
18:10:56 INFO   parte_021.html  http://www.secretariasenado.gov.co/senado/basedoc/codigo_procedimiento_civil_pr021.html (102 KB)
18:10:57 INFO   parte_022.html  http://www.secretariasenado.gov.co/senado/basedoc/codigo_procedimiento_civil_pr022.html (109 KB)
18:10:59 INFO   parte_023.html  http://www.secretariasenado.gov.co/senado/basedoc/codigo_procedimiento_civil_pr023.html (94 KB)
18:11:00 INFO codigo_procedimiento_civil: OK · 24 partes · 702 artículos detectados · 820390 caracteres
18:11:00 INFO decreto_19_2012: descargando (senado)
18:11:00 INFO   parte_000.html  http://www.secretariasenado.gov.co/senado/basedoc/decreto_0019_2012.html (91 KB)
18:11:02 INFO   parte_001.html  http://www.secretariasenado.gov.co/senado/basedoc/decreto_0019_2012_pr001.html (96 KB)
18:11:03 INFO   parte_002.html  http://www.secretariasenado.gov.co/senado/basedoc/decreto_0019_2012_pr002.html (103 KB)
18:11:05 INFO   parte_003.html  http://www.secretariasenado.gov.co/senado/basedoc/decreto_0019_2012_pr003.html (111 KB)
18:11:06 INFO   parte_004.html  http://www.secretariasenado.gov.co/senado/basedoc/decreto_0019_2012_pr004.html (111 KB)
18:11:08 INFO   parte_005.html  http://www.secretariasenado.gov.co/senado/basedoc/decreto_0019_2012_pr005.html (40 KB)
18:11:08 INFO decreto_19_2012: OK · 6 partes · 238 artículos detectados · 257673 caracteres
18:11:08 INFO estatuto_organico_sistema_financiero: descargando (senado)
18:11:09 INFO   parte_000.html  http://www.secretariasenado.gov.co/senado/basedoc/estatuto_organico_sistema_financiero.html (110 KB)
18:11:11 INFO   parte_001.html  http://www.secretariasenado.gov.co/senado/basedoc/estatuto_organico_sistema_financiero_pr001.html (115 KB)
18:11:12 INFO   parte_002.html  http://www.secretariasenado.gov.co/senado/basedoc/estatuto_organico_sistema_financiero_pr002.html (137 KB)
18:11:14 INFO   parte_003.html  http://www.secretariasenado.gov.co/senado/basedoc/estatuto_organico_sistema_financiero_pr003.html (124 KB)
18:11:15 INFO   parte_004.html  http://www.secretariasenado.gov.co/senado/basedoc/estatuto_organico_sistema_financiero_pr004.html (165 KB)
18:11:17 INFO   parte_005.html  http://www.secretariasenado.gov.co/senado/basedoc/estatuto_organico_sistema_financiero_pr005.html (79 KB)
18:11:18 INFO   parte_006.html  http://www.secretariasenado.gov.co/senado/basedoc/estatuto_organico_sistema_financiero_pr006.html (127 KB)
18:11:20 INFO   parte_007.html  http://www.secretariasenado.gov.co/senado/basedoc/estatuto_organico_sistema_financiero_pr007.html (144 KB)
18:11:21 INFO   parte_008.html  http://www.secretariasenado.gov.co/senado/basedoc/estatuto_organico_sistema_financiero_pr008.html (115 KB)
18:11:23 INFO   parte_009.html  http://www.secretariasenado.gov.co/senado/basedoc/estatuto_organico_sistema_financiero_pr009.html (131 KB)
18:11:24 INFO   parte_010.html  http://www.secretariasenado.gov.co/senado/basedoc/estatuto_organico_sistema_financiero_pr010.html (169 KB)
18:11:26 INFO   parte_011.html  http://www.secretariasenado.gov.co/senado/basedoc/estatuto_organico_sistema_financiero_pr011.html (172 KB)
18:11:27 INFO   parte_012.html  http://www.secretariasenado.gov.co/senado/basedoc/estatuto_organico_sistema_financiero_pr012.html (194 KB)
18:11:29 INFO estatuto_organico_sistema_financiero: OK · 13 partes · 345 artículos detectados · 907287 caracteres
18:11:29 INFO ley_1753_2015: descargando (senado)
18:11:29 INFO   parte_000.html  http://www.secretariasenado.gov.co/senado/basedoc/ley_1753_2015.html (185 KB)
18:11:30 INFO   parte_001.html  http://www.secretariasenado.gov.co/senado/basedoc/ley_1753_2015_pr001.html (166 KB)
18:11:32 INFO   parte_002.html  http://www.secretariasenado.gov.co/senado/basedoc/ley_1753_2015_pr002.html (116 KB)
18:11:33 INFO   parte_003.html  http://www.secretariasenado.gov.co/senado/basedoc/ley_1753_2015_pr003.html (162 KB)
18:11:35 INFO   parte_004.html  http://www.secretariasenado.gov.co/senado/basedoc/ley_1753_2015_pr004.html (114 KB)
18:11:36 INFO   parte_005.html  http://www.secretariasenado.gov.co/senado/basedoc/ley_1753_2015_pr005.html (68 KB)
18:11:37 INFO ley_1753_2015: OK · 6 partes · 267 artículos detectados · 389760 caracteres
18:11:37 INFO ley_788_2002: descargando (senado)
18:11:38 INFO   parte_000.html  http://www.secretariasenado.gov.co/senado/basedoc/ley_0788_2002.html (139 KB)
18:11:39 INFO   parte_001.html  http://www.secretariasenado.gov.co/senado/basedoc/ley_0788_2002_pr001.html (100 KB)
18:11:41 INFO   parte_002.html  http://www.secretariasenado.gov.co/senado/basedoc/ley_0788_2002_pr002.html (53 KB)
18:11:41 INFO ley_788_2002: OK · 3 partes · 135 artículos detectados · 140657 caracteres
18:11:41 INFO ley_1908_2018: descargando (senado)
18:11:42 INFO   parte_000.html  http://www.secretariasenado.gov.co/senado/basedoc/ley_1908_2018.html (83 KB)
18:11:44 INFO   parte_001.html  http://www.secretariasenado.gov.co/senado/basedoc/ley_1908_2018_pr001.html (51 KB)
18:11:44 INFO ley_1908_2018: OK · 2 partes · 74 artículos detectados · 64648 caracteres
18:11:44 INFO ley_2445_2025: descargando (senado)
18:11:45 INFO   parte_000.html  http://www.secretariasenado.gov.co/senado/basedoc/ley_2445_2025.html (168 KB)
18:11:46 INFO ley_2445_2025: OK · 1 partes · 45 artículos detectados · 109882 caracteres
18:11:46 INFO codigo_contencioso_administrativo: descargando (senado)
18:11:47 INFO   parte_000.html  http://www.secretariasenado.gov.co/senado/basedoc/codigo_contencioso_administrativo.html (101 KB)
18:11:48 INFO   parte_001.html  http://www.secretariasenado.gov.co/senado/basedoc/codigo_contencioso_administrativo_pr001.html (87 KB)
18:11:50 INFO   parte_002.html  http://www.secretariasenado.gov.co/senado/basedoc/codigo_contencioso_administrativo_pr002.html (114 KB)
18:11:51 INFO   parte_003.html  http://www.secretariasenado.gov.co/senado/basedoc/codigo_contencioso_administrativo_pr003.html (140 KB)
18:11:53 INFO   parte_004.html  http://www.secretariasenado.gov.co/senado/basedoc/codigo_contencioso_administrativo_pr004.html (105 KB)
18:11:54 INFO   parte_005.html  http://www.secretariasenado.gov.co/senado/basedoc/codigo_contencioso_administrativo_pr005.html (109 KB)
18:11:56 INFO   parte_006.html  http://www.secretariasenado.gov.co/senado/basedoc/codigo_contencioso_administrativo_pr006.html (51 KB)
18:11:56 INFO codigo_contencioso_administrativo: OK · 7 partes · 283 artículos detectados · 262886 caracteres
18:11:56 INFO ley_488_1998: descargando (senado)
18:11:57 INFO   parte_000.html  http://www.secretariasenado.gov.co/senado/basedoc/ley_0488_1998.html (129 KB)
18:11:59 INFO   parte_001.html  http://www.secretariasenado.gov.co/senado/basedoc/ley_0488_1998_pr001.html (81 KB)
18:12:00 INFO   parte_002.html  http://www.secretariasenado.gov.co/senado/basedoc/ley_0488_1998_pr002.html (86 KB)
18:12:02 INFO   parte_003.html  http://www.secretariasenado.gov.co/senado/basedoc/ley_0488_1998_pr003.html (43 KB)
18:12:02 INFO ley_488_1998: OK · 4 partes · 158 artículos detectados · 149697 caracteres
18:12:02 INFO ley_1430_2010: descargando (senado)
18:12:03 INFO   parte_000.html  http://www.secretariasenado.gov.co/senado/basedoc/ley_1430_2010.html (106 KB)
18:12:05 INFO   parte_001.html  http://www.secretariasenado.gov.co/senado/basedoc/ley_1430_2010_pr001.html (43 KB)
18:12:05 INFO ley_1430_2010: OK · 2 partes · 71 artículos detectados · 73698 caracteres
18:12:05 INFO ley_1450_2011: descargando (senado)
18:12:06 INFO   parte_000.html  http://www.secretariasenado.gov.co/senado/basedoc/ley_1450_2011.html (113 KB)
18:12:08 INFO   parte_001.html  http://www.secretariasenado.gov.co/senado/basedoc/ley_1450_2011_pr001.html (87 KB)
18:12:09 INFO   parte_002.html  http://www.secretariasenado.gov.co/senado/basedoc/ley_1450_2011_pr002.html (107 KB)
18:12:11 INFO   parte_003.html  http://www.secretariasenado.gov.co/senado/basedoc/ley_1450_2011_pr003.html (90 KB)
18:12:12 INFO   parte_004.html  http://www.secretariasenado.gov.co/senado/basedoc/ley_1450_2011_pr004.html (123 KB)
18:12:14 INFO   parte_005.html  http://www.secretariasenado.gov.co/senado/basedoc/ley_1450_2011_pr005.html (97 KB)
18:12:14 INFO ley_1450_2011: OK · 6 partes · 274 artículos detectados · 247231 caracteres
18:12:14 INFO ley_1111_2006: descargando (senado)
18:12:15 INFO   parte_000.html  http://www.secretariasenado.gov.co/senado/basedoc/ley_1111_2006.html (109 KB)
18:12:17 INFO   parte_001.html  http://www.secretariasenado.gov.co/senado/basedoc/ley_1111_2006_pr001.html (176 KB)
18:12:17 INFO ley_1111_2006: OK · 2 partes · 76 artículos detectados · 98420 caracteres
18:12:17 INFO ley_1864_2017: descargando (senado)
18:12:18 INFO   parte_000.html  http://www.secretariasenado.gov.co/senado/basedoc/ley_1864_2017.html (44 KB)
18:12:18 INFO ley_1864_2017: OK · 1 partes · 21 artículos detectados · 15641 caracteres
18:12:18 INFO ley_1739_2014: descargando (senado)
18:12:20 INFO   parte_000.html  http://www.secretariasenado.gov.co/senado/basedoc/ley_1739_2014.html (140 KB)
18:12:21 INFO   parte_001.html  http://www.secretariasenado.gov.co/senado/basedoc/ley_1739_2014_pr001.html (92 KB)
18:12:22 INFO ley_1739_2014: OK · 2 partes · 78 artículos detectados · 113946 caracteres
18:12:22 INFO ley_2098_2021: descargando (senado)
18:12:23 INFO   parte_000.html  http://www.secretariasenado.gov.co/senado/basedoc/ley_2098_2021.html (81 KB)
18:12:23 INFO ley_2098_2021: OK · 1 partes · 54 artículos detectados · 39172 caracteres
18:12:23 INFO ley_812_2003: descargando (senado)
18:12:24 INFO   parte_000.html  http://www.secretariasenado.gov.co/senado/basedoc/ley_0812_2003.html (258 KB)
18:12:26 INFO   parte_001.html  http://www.secretariasenado.gov.co/senado/basedoc/ley_0812_2003_pr001.html (88 KB)
18:12:27 INFO   parte_002.html  http://www.secretariasenado.gov.co/senado/basedoc/ley_0812_2003_pr002.html (83 KB)
18:12:29 INFO   parte_003.html  http://www.secretariasenado.gov.co/senado/basedoc/ley_0812_2003_pr003.html (28 KB)
18:12:29 INFO ley_812_2003: OK · 4 partes · 137 artículos detectados · 230602 caracteres
18:12:29 INFO ley_633_2000: descargando (senado)
18:12:30 INFO   parte_000.html  http://www.secretariasenado.gov.co/senado/basedoc/ley_0633_2000.html (119 KB)
18:12:32 INFO   parte_001.html  http://www.secretariasenado.gov.co/senado/basedoc/ley_0633_2000_pr001.html (91 KB)
18:12:33 INFO   parte_002.html  http://www.secretariasenado.gov.co/senado/basedoc/ley_0633_2000_pr002.html (77 KB)
18:12:34 INFO ley_633_2000: OK · 3 partes · 147 artículos detectados · 137559 caracteres
18:12:34 INFO ley_383_1997: descargando (senado)
18:12:35 INFO   parte_000.html  http://www.secretariasenado.gov.co/senado/basedoc/ley_0383_1997.html (89 KB)
18:12:36 INFO   parte_001.html  http://www.secretariasenado.gov.co/senado/basedoc/ley_0383_1997_pr001.html (47 KB)
18:12:36 INFO ley_383_1997: OK · 2 partes · 74 artículos detectados · 57124 caracteres
18:12:37 INFO ley_1762_2015: descargando (senado)
18:12:38 INFO   parte_000.html  http://www.secretariasenado.gov.co/senado/basedoc/ley_1762_2015.html (113 KB)
18:12:39 INFO   parte_001.html  http://www.secretariasenado.gov.co/senado/basedoc/ley_1762_2015_pr001.html (39 KB)
18:12:39 INFO ley_1762_2015: OK · 2 partes · 57 artículos detectados · 82612 caracteres
18:12:39 INFO ley_2292_2023: descargando (senado)
18:12:41 INFO   parte_000.html  http://www.secretariasenado.gov.co/senado/basedoc/ley_2292_2023.html (55 KB)
18:12:41 INFO ley_2292_2023: OK · 1 partes · 20 artículos detectados · 23800 caracteres
18:12:41 INFO ley_2155_2021: descargando (senado)
18:12:42 INFO   parte_000.html  http://www.secretariasenado.gov.co/senado/basedoc/ley_2155_2021.html (145 KB)
18:12:44 INFO   parte_001.html  http://www.secretariasenado.gov.co/senado/basedoc/ley_2155_2021_pr001.html (96 KB)
18:12:44 INFO ley_2155_2021: OK · 2 partes · 78 artículos detectados · 148375 caracteres
18:12:44 INFO decreto_1333_1986: descargando (senado)
18:12:45 INFO   parte_000.html  http://www.secretariasenado.gov.co/senado/basedoc/decreto_1333_1986.html (75 KB)
18:12:47 INFO   parte_001.html  http://www.secretariasenado.gov.co/senado/basedoc/decreto_1333_1986_pr001.html (74 KB)
18:12:48 INFO   parte_002.html  http://www.secretariasenado.gov.co/senado/basedoc/decreto_1333_1986_pr002.html (78 KB)
18:12:50 INFO   parte_003.html  http://www.secretariasenado.gov.co/senado/basedoc/decreto_1333_1986_pr003.html (74 KB)
18:12:51 INFO   parte_004.html  http://www.secretariasenado.gov.co/senado/basedoc/decreto_1333_1986_pr004.html (87 KB)
18:12:53 INFO   parte_005.html  http://www.secretariasenado.gov.co/senado/basedoc/decreto_1333_1986_pr005.html (86 KB)
18:12:54 INFO   parte_006.html  http://www.secretariasenado.gov.co/senado/basedoc/decreto_1333_1986_pr006.html (72 KB)
18:12:56 INFO   parte_007.html  http://www.secretariasenado.gov.co/senado/basedoc/decreto_1333_1986_pr007.html (72 KB)
18:12:57 INFO   parte_008.html  http://www.secretariasenado.gov.co/senado/basedoc/decreto_1333_1986_pr008.html (48 KB)
18:12:58 INFO decreto_1333_1986: OK · 9 partes · 385 artículos detectados · 178335 caracteres
18:12:58 INFO decreto_2106_2019: descargando (senado)
18:12:59 INFO   parte_000.html  http://www.secretariasenado.gov.co/senado/basedoc/decreto_2106_2019.html (87 KB)
18:13:00 INFO   parte_001.html  http://www.secretariasenado.gov.co/senado/basedoc/decreto_2106_2019_pr001.html (106 KB)
18:13:02 INFO   parte_002.html  http://www.secretariasenado.gov.co/senado/basedoc/decreto_2106_2019_pr002.html (118 KB)
18:13:03 INFO   parte_003.html  http://www.secretariasenado.gov.co/senado/basedoc/decreto_2106_2019_pr003.html (81 KB)
18:13:04 INFO decreto_2106_2019: OK · 4 partes · 158 artículos detectados · 200194 caracteres
18:13:04 INFO decreto_2150_1995: descargando (senado)
18:13:05 INFO   parte_000.html  http://www.secretariasenado.gov.co/senado/basedoc/decreto_2150_1995.html (82 KB)
18:13:06 INFO   parte_001.html  http://www.secretariasenado.gov.co/senado/basedoc/decreto_2150_1995_pr001.html (68 KB)
18:13:08 INFO   parte_002.html  http://www.secretariasenado.gov.co/senado/basedoc/decreto_2150_1995_pr002.html (73 KB)
18:13:09 INFO   parte_003.html  http://www.secretariasenado.gov.co/senado/basedoc/decreto_2150_1995_pr003.html (46 KB)
18:13:10 INFO decreto_2150_1995: OK · 4 partes · 152 artículos detectados · 86610 caracteres
18:13:10 INFO ley_1328_2009: descargando (senado)
18:13:11 INFO   parte_000.html  http://www.secretariasenado.gov.co/senado/basedoc/ley_1328_2009.html (107 KB)
18:13:12 INFO   parte_001.html  http://www.secretariasenado.gov.co/senado/basedoc/ley_1328_2009_pr001.html (108 KB)
18:13:14 INFO   parte_002.html  http://www.secretariasenado.gov.co/senado/basedoc/ley_1328_2009_pr002.html (60 KB)
18:13:14 INFO ley_1328_2009: OK · 3 partes · 103 artículos detectados · 143744 caracteres
18:13:14 INFO ley_1236_2008: descargando (senado)
18:13:15 INFO   parte_000.html  http://www.secretariasenado.gov.co/senado/basedoc/ley_1236_2008.html (34 KB)
18:13:15 INFO ley_1236_2008: OK · 1 partes · 14 artículos detectados · 7845 caracteres
18:13:15 INFO ley_1719_2014: descargando (senado)
18:13:17 INFO   parte_000.html  http://www.secretariasenado.gov.co/senado/basedoc/ley_1719_2014.html (87 KB)
18:13:17 INFO ley_1719_2014: OK · 1 partes · 43 artículos detectados · 47189 caracteres
18:13:17 INFO ley_2477_2025: descargando (senado)
18:13:18 INFO   parte_000.html  http://www.secretariasenado.gov.co/senado/basedoc/ley_2477_2025.html (49 KB)
18:13:18 INFO ley_2477_2025: OK · 1 partes · 13 artículos detectados · 22667 caracteres
18:13:18 INFO acto_legislativo_2_2015: descargando (senado)
18:13:20 INFO   parte_000.html  http://www.secretariasenado.gov.co/senado/basedoc/acto_legislativo_02_2015.html (58 KB)
18:13:20 INFO acto_legislativo_2_2015: OK · 1 partes · 33 artículos detectados · 25041 caracteres
18:13:20 INFO ley_1257_2008: descargando (senado)
18:13:21 INFO   parte_000.html  http://www.secretariasenado.gov.co/senado/basedoc/ley_1257_2008.html (80 KB)
18:13:22 INFO ley_1257_2008: OK · 1 partes · 39 artículos detectados · 40917 caracteres
18:13:22 INFO ley_2195_2022: descargando (senado)
18:13:23 INFO   parte_000.html  http://www.secretariasenado.gov.co/senado/basedoc/ley_2195_2022.html (109 KB)
18:13:24 INFO   parte_001.html  http://www.secretariasenado.gov.co/senado/basedoc/ley_2195_2022_pr001.html (61 KB)
18:13:25 INFO ley_2195_2022: OK · 2 partes · 105 artículos detectados · 87073 caracteres
18:13:25 INFO ley_1709_2014: descargando (senado)
18:13:26 INFO   parte_000.html  http://www.secretariasenado.gov.co/senado/basedoc/ley_1709_2014.html (115 KB)
18:13:27 INFO   parte_001.html  http://www.secretariasenado.gov.co/senado/basedoc/ley_1709_2014_pr001.html (112 KB)
18:13:29 INFO   parte_002.html  http://www.secretariasenado.gov.co/senado/basedoc/ley_1709_2014_pr002.html (27 KB)
18:13:29 INFO ley_1709_2014: OK · 3 partes · 107 artículos detectados · 127752 caracteres
18:13:29 INFO ley_1266_2008: descargando (senado)
18:13:30 INFO   parte_000.html  http://www.secretariasenado.gov.co/senado/basedoc/ley_1266_2008.html (95 KB)
18:13:31 INFO ley_1266_2008: OK · 1 partes · 23 artículos detectados · 52772 caracteres
18:13:31 INFO ley_1934_2018: descargando (senado)
18:13:32 INFO   parte_000.html  http://www.secretariasenado.gov.co/senado/basedoc/ley_1934_2018.html (39 KB)
18:13:32 INFO ley_1934_2018: OK · 1 partes · 22 artículos detectados · 10300 caracteres
18:13:32 INFO ley_1429_2010: descargando (senado)
18:13:33 INFO   parte_000.html  http://www.secretariasenado.gov.co/senado/basedoc/ley_1429_2010.html (96 KB)
18:13:35 INFO   parte_001.html  http://www.secretariasenado.gov.co/senado/basedoc/ley_1429_2010_pr001.html (59 KB)
18:13:35 INFO ley_1429_2010: OK · 2 partes · 65 artículos detectados · 72633 caracteres
18:13:35 INFO ley_584_2000: descargando (senado)
18:13:36 INFO   parte_000.html  http://www.secretariasenado.gov.co/senado/basedoc/ley_0584_2000.html (43 KB)
18:13:36 INFO ley_584_2000: OK · 1 partes · 39 artículos detectados · 13928 caracteres
18:13:36 INFO ley_863_2003: descargando (senado)
18:13:38 INFO   parte_000.html  http://www.secretariasenado.gov.co/senado/basedoc/ley_0863_2003.html (105 KB)
18:13:39 INFO   parte_001.html  http://www.secretariasenado.gov.co/senado/basedoc/ley_0863_2003_pr001.html (158 KB)
18:13:40 INFO ley_863_2003: OK · 2 partes · 79 artículos detectados · 111544 caracteres
18:13:40 INFO sentencia_c-578_2002: descargando (html)
18:14:56 WARNING Falló http://www.corteconstitucional.gov.co/relatoria/2002/C-578-02.htm (RemoteProtocolError: Server disconnected without sending a response.). Reintento en 1.9 s
18:15:36 WARNING Falló http://www.corteconstitucional.gov.co/relatoria/2002/C-578-02.htm (RemoteProtocolError: Server disconnected without sending a response.). Reintento en 2.5 s
18:16:16 WARNING Falló http://www.corteconstitucional.gov.co/relatoria/2002/C-578-02.htm (RemoteProtocolError: Server disconnected without sending a response.). Reintento en 4.2 s
18:16:59 WARNING Falló http://www.corteconstitucional.gov.co/relatoria/2002/C-578-02.htm (RemoteProtocolError: Server disconnected without sending a response.). Reintento en 8.8 s
18:17:07 INFO estatuto_tributario-2: descargando (html)
18:17:10 INFO   parte_000.html  https://normograma.dian.gov.co/dian/compilacion/docs/estatuto_tributario.htm (3830 KB)
18:17:27 INFO estatuto_tributario-2: OK · 1 partes · 1168 artículos detectados · 1617273 caracteres
18:17:27 INFO decreto_1818_1998: descargando (senado)
18:17:28 INFO   parte_000.html  http://www.secretariasenado.gov.co/senado/basedoc/decreto_1818_1998.html (82 KB)
18:17:29 INFO   parte_001.html  http://www.secretariasenado.gov.co/senado/basedoc/decreto_1818_1998_pr001.html (76 KB)
18:17:31 INFO   parte_002.html  http://www.secretariasenado.gov.co/senado/basedoc/decreto_1818_1998_pr002.html (73 KB)
18:17:32 INFO   parte_003.html  http://www.secretariasenado.gov.co/senado/basedoc/decreto_1818_1998_pr003.html (70 KB)
18:17:34 INFO   parte_004.html  http://www.secretariasenado.gov.co/senado/basedoc/decreto_1818_1998_pr004.html (68 KB)
18:17:35 INFO   parte_005.html  http://www.secretariasenado.gov.co/senado/basedoc/decreto_1818_1998_pr005.html (29 KB)
18:17:35 INFO decreto_1818_1998: OK · 6 partes · 232 artículos detectados · 80442 caracteres
18:17:35 INFO ley_797_2003: descargando (senado)
18:17:37 INFO   parte_000.html  http://www.secretariasenado.gov.co/senado/basedoc/ley_0797_2003.html (81 KB)
18:17:37 INFO ley_797_2003: OK · 1 partes · 36 artículos detectados · 39036 caracteres
18:17:37 INFO ley_733_2002: descargando (senado)
18:17:38 INFO   parte_000.html  http://www.secretariasenado.gov.co/senado/basedoc/ley_0733_2002.html (38 KB)
18:17:38 INFO ley_733_2002: OK · 1 partes · 15 artículos detectados · 12805 caracteres
18:17:38 INFO ley_789_2002: descargando (senado)
18:17:40 INFO   parte_000.html  http://www.secretariasenado.gov.co/senado/basedoc/ley_0789_2002.html (183 KB)
18:17:41 INFO   parte_001.html  http://www.secretariasenado.gov.co/senado/basedoc/ley_0789_2002_pr001.html (37 KB)
18:17:41 INFO ley_789_2002: OK · 2 partes · 55 artículos detectados · 130780 caracteres
18:17:41 INFO ley_2455_2025: descargando (senado)
18:17:43 INFO   parte_000.html  http://www.secretariasenado.gov.co/senado/basedoc/ley_2455_2025.html (62 KB)
18:17:43 INFO ley_2455_2025: OK · 1 partes · 32 artículos detectados · 29880 caracteres
18:17:43 INFO decreto_2651_1991: descargando (senado)
18:17:44 INFO   parte_000.html  http://www.secretariasenado.gov.co/senado/basedoc/decreto_2651_1991.html (88 KB)
18:17:46 INFO   parte_001.html  http://www.secretariasenado.gov.co/senado/basedoc/decreto_2651_1991_pr001.html (41 KB)
18:17:46 INFO decreto_2651_1991: OK · 2 partes · 62 artículos detectados · 44606 caracteres
18:17:46 INFO ley_1060_2006: descargando (senado)
18:17:47 INFO   parte_000.html  http://www.secretariasenado.gov.co/senado/basedoc/ley_1060_2006.html (31 KB)
18:17:47 INFO ley_1060_2006: OK · 1 partes · 25 artículos detectados · 6956 caracteres
18:17:47 INFO ley_1285_2009: descargando (senado)
18:17:49 INFO   parte_000.html  http://www.secretariasenado.gov.co/senado/basedoc/ley_1285_2009.html (78 KB)
18:17:49 INFO ley_1285_2009: OK · 1 partes · 35 artículos detectados · 34750 caracteres
18:17:49 INFO codigo_procedimental_laboral: descargando (senado)
18:17:50 INFO   parte_000.html  http://www.secretariasenado.gov.co/senado/basedoc/codigo_procedimental_laboral.html (85 KB)
18:17:52 INFO   parte_001.html  http://www.secretariasenado.gov.co/senado/basedoc/codigo_procedimental_laboral_pr001.html (89 KB)
18:17:53 INFO   parte_002.html  http://www.secretariasenado.gov.co/senado/basedoc/codigo_procedimental_laboral_pr002.html (82 KB)
18:17:55 INFO   parte_003.html  http://www.secretariasenado.gov.co/senado/basedoc/codigo_procedimental_laboral_pr003.html (69 KB)
18:17:55 INFO codigo_procedimental_laboral: OK · 4 partes · 164 artículos detectados · 102763 caracteres
18:17:55 INFO ley_1383_2010: descargando (senado)
18:17:56 INFO   parte_000.html  http://www.secretariasenado.gov.co/senado/basedoc/ley_1383_2010.html (835 KB)
18:17:57 INFO ley_1383_2010: OK · 1 partes · 169 artículos detectados · 618091 caracteres
18:17:57 INFO ley_142_1994: descargando (senado)
18:17:58 INFO   parte_000.html  http://www.secretariasenado.gov.co/senado/basedoc/ley_0142_1994.html (144 KB)
18:17:59 INFO   parte_001.html  http://www.secretariasenado.gov.co/senado/basedoc/ley_0142_1994_pr001.html (122 KB)
18:18:01 INFO   parte_002.html  http://www.secretariasenado.gov.co/senado/basedoc/ley_0142_1994_pr002.html (136 KB)
18:18:02 INFO   parte_003.html  http://www.secretariasenado.gov.co/senado/basedoc/ley_0142_1994_pr003.html (92 KB)
18:18:04 INFO   parte_004.html  http://www.secretariasenado.gov.co/senado/basedoc/ley_0142_1994_pr004.html (66 KB)
18:18:04 INFO ley_142_1994: OK · 5 partes · 189 artículos detectados · 264877 caracteres
18:18:04 INFO ley_550_1999: descargando (senado)
18:18:05 INFO   parte_000.html  http://www.secretariasenado.gov.co/senado/basedoc/ley_0550_1999.html (193 KB)
18:18:07 INFO   parte_001.html  http://www.secretariasenado.gov.co/senado/basedoc/ley_0550_1999_pr001.html (109 KB)
18:18:07 INFO ley_550_1999: OK · 2 partes · 79 artículos detectados · 196064 caracteres
18:18:07 INFO ley_2079_2021: descargando (senado)
18:18:08 INFO   parte_000.html  http://www.secretariasenado.gov.co/senado/basedoc/ley_2079_2021.html (115 KB)
18:18:10 INFO   parte_001.html  http://www.secretariasenado.gov.co/senado/basedoc/ley_2079_2021_pr001.html (48 KB)
18:18:10 INFO ley_2079_2021: OK · 2 partes · 59 artículos detectados · 88977 caracteres
18:18:10 INFO decreto_555_2017: descargando (senado)
18:18:11 INFO   parte_000.html  http://www.secretariasenado.gov.co/senado/basedoc/decreto_0555_2017.html (115 KB)
18:18:11 INFO decreto_555_2017: OK · 1 partes · 18 artículos detectados · 59385 caracteres
18:18:11 INFO ley_1341_2009: descargando (senado)
18:18:13 INFO   parte_000.html  http://www.secretariasenado.gov.co/senado/basedoc/ley_1341_2009.html (233 KB)
18:18:14 INFO   parte_001.html  http://www.secretariasenado.gov.co/senado/basedoc/ley_1341_2009_pr001.html (78 KB)
18:18:14 INFO ley_1341_2009: OK · 2 partes · 73 artículos detectados · 179499 caracteres
18:18:14 INFO ley_2126_2021: descargando (senado)
18:18:16 INFO   parte_000.html  http://www.secretariasenado.gov.co/senado/basedoc/ley_2126_2021.html (111 KB)
18:18:17 INFO   parte_001.html  http://www.secretariasenado.gov.co/senado/basedoc/ley_2126_2021_pr001.html (28 KB)
18:18:17 INFO ley_2126_2021: OK · 2 partes · 50 artículos detectados · 69100 caracteres
18:18:17 INFO ley_1306_2009: descargando (senado)
18:18:19 INFO   parte_000.html  http://www.secretariasenado.gov.co/senado/basedoc/ley_1306_2009.html (81 KB)
18:18:20 INFO   parte_001.html  http://www.secretariasenado.gov.co/senado/basedoc/ley_1306_2009_pr001.html (74 KB)
18:18:22 INFO   parte_002.html  http://www.secretariasenado.gov.co/senado/basedoc/ley_1306_2009_pr002.html (64 KB)
18:18:22 INFO ley_1306_2009: OK · 3 partes · 120 artículos detectados · 94085 caracteres
18:18:22 INFO ley_890_2004: descargando (senado)
18:18:23 INFO   parte_000.html  http://www.secretariasenado.gov.co/senado/basedoc/ley_0890_2004.html (33 KB)
18:18:23 INFO ley_890_2004: OK · 1 partes · 18 artículos detectados · 7643 caracteres
18:18:23 INFO ley_99_1993: descargando (senado)
18:18:25 INFO   parte_000.html  http://www.secretariasenado.gov.co/senado/basedoc/ley_0099_1993.html (198 KB)
18:18:26 INFO   parte_001.html  http://www.secretariasenado.gov.co/senado/basedoc/ley_0099_1993_pr001.html (108 KB)
18:18:28 INFO   parte_002.html  http://www.secretariasenado.gov.co/senado/basedoc/ley_0099_1993_pr002.html (81 KB)
18:18:28 INFO ley_99_1993: OK · 3 partes · 119 artículos detectados · 205840 caracteres
18:18:28 INFO ley_2111_2021: descargando (senado)
18:18:29 INFO   parte_000.html  http://www.secretariasenado.gov.co/senado/basedoc/ley_2111_2021.html (85 KB)
18:18:29 INFO ley_2111_2021: OK · 1 partes · 32 artículos detectados · 33768 caracteres
18:18:29 INFO ley_791_2002: descargando (senado)
18:18:31 INFO   parte_000.html  http://www.secretariasenado.gov.co/senado/basedoc/ley_0791_2002.html (28 KB)
18:18:31 INFO ley_791_2002: OK · 1 partes · 13 artículos detectados · 5311 caracteres
18:18:31 INFO decreto_1295_1994: descargando (senado)
18:18:32 INFO   parte_000.html  http://www.secretariasenado.gov.co/senado/basedoc/decreto_1295_1994.html (92 KB)
18:18:34 INFO   parte_001.html  http://www.secretariasenado.gov.co/senado/basedoc/decreto_1295_1994_pr001.html (88 KB)
18:18:35 INFO   parte_002.html  http://www.secretariasenado.gov.co/senado/basedoc/decreto_1295_1994_pr002.html (44 KB)
18:18:35 INFO decreto_1295_1994: OK · 3 partes · 98 artículos detectados · 82130 caracteres
18:18:35 INFO ley_546_1999: descargando (senado)
18:18:37 INFO   parte_000.html  http://www.secretariasenado.gov.co/senado/basedoc/ley_0546_1999.html (113 KB)
18:18:38 INFO   parte_001.html  http://www.secretariasenado.gov.co/senado/basedoc/ley_0546_1999_pr001.html (43 KB)
18:18:38 INFO ley_546_1999: OK · 2 partes · 55 artículos detectados · 77478 caracteres
18:18:38 INFO ley_962_2005: descargando (senado)
18:18:40 INFO   parte_000.html  http://www.secretariasenado.gov.co/senado/basedoc/ley_0962_2005.html (103 KB)
18:18:41 INFO   parte_001.html  http://www.secretariasenado.gov.co/senado/basedoc/ley_0962_2005_pr001.html (70 KB)
18:18:41 INFO ley_962_2005: OK · 2 partes · 80 artículos detectados · 83487 caracteres
18:18:41 INFO ley_1122_2007: descargando (senado)
18:18:43 INFO   parte_000.html  http://www.secretariasenado.gov.co/senado/basedoc/ley_1122_2007.html (131 KB)
18:18:44 INFO   parte_001.html  http://www.secretariasenado.gov.co/senado/basedoc/ley_1122_2007_pr001.html (25 KB)
18:18:44 INFO ley_1122_2007: OK · 2 partes · 45 artículos detectados · 78897 caracteres
18:18:44 INFO ley_715_2001: descargando (senado)
18:18:46 INFO   parte_000.html  http://www.secretariasenado.gov.co/senado/basedoc/ley_0715_2001.html (131 KB)
18:18:47 INFO   parte_001.html  http://www.secretariasenado.gov.co/senado/basedoc/ley_0715_2001_pr001.html (159 KB)
18:18:49 INFO   parte_002.html  http://www.secretariasenado.gov.co/senado/basedoc/ley_0715_2001_pr002.html (78 KB)
18:18:49 INFO ley_715_2001: OK · 3 partes · 114 artículos detectados · 196126 caracteres
18:18:49 INFO ley_1220_2008: descargando (senado)
18:18:50 INFO   parte_000.html  http://www.secretariasenado.gov.co/senado/basedoc/ley_1220_2008.html (27 KB)
18:18:50 INFO ley_1220_2008: OK · 1 partes · 9 artículos detectados · 5732 caracteres
18:18:50 INFO ley_1878_2018: descargando (senado)
18:18:52 INFO   parte_000.html  http://www.secretariasenado.gov.co/senado/basedoc/ley_1878_2018.html (61 KB)
18:18:52 INFO ley_1878_2018: OK · 1 partes · 25 artículos detectados · 32137 caracteres
18:18:52 INFO ley_70_1993: descargando (senado)
18:18:53 INFO   parte_000.html  http://www.secretariasenado.gov.co/senado/basedoc/ley_0070_1993.html (70 KB)
18:18:55 INFO   parte_001.html  http://www.secretariasenado.gov.co/senado/basedoc/ley_0070_1993_pr001.html (39 KB)
18:18:55 INFO ley_70_1993: OK · 2 partes · 68 artículos detectados · 38410 caracteres
18:18:55 INFO acto_legislativo_1_2009: descargando (senado)
18:18:56 INFO   parte_000.html  http://www.secretariasenado.gov.co/senado/basedoc/acto_legislativo_01_2009.html (54 KB)
18:18:56 INFO acto_legislativo_1_2009: OK · 1 partes · 15 artículos detectados · 25259 caracteres
18:18:56 INFO ley_1743_2014: descargando (senado)
18:18:58 INFO   parte_000.html  http://www.secretariasenado.gov.co/senado/basedoc/ley_1743_2014.html (59 KB)
18:18:58 INFO ley_1743_2014: OK · 1 partes · 25 artículos detectados · 26101 caracteres
18:18:58 INFO ley_60_1993: descargando (senado)
18:18:59 INFO   parte_000.html  http://www.secretariasenado.gov.co/senado/basedoc/ley_0060_1993.html (169 KB)
18:18:59 INFO ley_60_1993: OK · 1 partes · 43 artículos detectados · 108384 caracteres
18:18:59 INFO ley_1708_2014: descargando (senado)
18:19:01 INFO   parte_000.html  http://www.secretariasenado.gov.co/senado/basedoc/ley_1708_2014.html (73 KB)
18:19:02 INFO   parte_001.html  http://www.secretariasenado.gov.co/senado/basedoc/ley_1708_2014_pr001.html (72 KB)
18:19:04 INFO   parte_002.html  http://www.secretariasenado.gov.co/senado/basedoc/ley_1708_2014_pr002.html (151 KB)
18:19:05 INFO   parte_003.html  http://www.secretariasenado.gov.co/senado/basedoc/ley_1708_2014_pr003.html (86 KB)
18:19:07 INFO   parte_004.html  http://www.secretariasenado.gov.co/senado/basedoc/ley_1708_2014_pr004.html (77 KB)
18:19:08 INFO   parte_005.html  http://www.secretariasenado.gov.co/senado/basedoc/ley_1708_2014_pr005.html (33 KB)
18:19:08 INFO ley_1708_2014: OK · 6 partes · 219 artículos detectados · 200821 caracteres
18:19:08 INFO ley_30_1992: descargando (senado)
18:19:10 INFO   parte_000.html  http://www.secretariasenado.gov.co/senado/basedoc/ley_0030_1992.html (75 KB)
18:19:11 INFO   parte_001.html  http://www.secretariasenado.gov.co/senado/basedoc/ley_0030_1992_pr001.html (72 KB)
18:19:13 INFO   parte_002.html  http://www.secretariasenado.gov.co/senado/basedoc/ley_0030_1992_pr002.html (78 KB)
18:19:14 INFO   parte_003.html  http://www.secretariasenado.gov.co/senado/basedoc/ley_0030_1992_pr003.html (43 KB)
18:19:14 INFO ley_30_1992: OK · 4 partes · 147 artículos detectados · 96681 caracteres
18:19:14 INFO ley_1493_2011: descargando (senado)
18:19:16 INFO   parte_000.html  http://www.secretariasenado.gov.co/senado/basedoc/ley_1493_2011.html (87 KB)
18:19:16 INFO ley_1493_2011: OK · 1 partes · 39 artículos detectados · 43589 caracteres
18:19:16 INFO ley_1121_2006: descargando (senado)
18:19:17 INFO   parte_000.html  http://www.secretariasenado.gov.co/senado/basedoc/ley_1121_2006.html (63 KB)
18:19:17 INFO ley_1121_2006: OK · 1 partes · 35 artículos detectados · 27772 caracteres
18:19:17 INFO ley_1508_2012: descargando (senado)
18:19:19 INFO   parte_000.html  http://www.secretariasenado.gov.co/senado/basedoc/ley_1508_2012.html (98 KB)
18:19:19 INFO ley_1508_2012: OK · 1 partes · 39 artículos detectados · 54079 caracteres
18:19:19 INFO decreto_772_2020: descargando (senado)
18:19:20 INFO   parte_000.html  http://www.secretariasenado.gov.co/senado/basedoc/decreto_0772_2020.html (122 KB)
18:19:20 INFO decreto_772_2020: OK · 1 partes · 17 artículos detectados · 82169 caracteres
18:19:20 INFO acto_legislativo_1_2003: descargando (senado)
18:19:22 INFO   parte_000.html  http://www.secretariasenado.gov.co/senado/basedoc/acto_legislativo_01_2003.html (48 KB)
18:19:22 INFO acto_legislativo_1_2003: OK · 1 partes · 29 artículos detectados · 18684 caracteres
18:19:22 INFO ley_98_1993: descargando (senado)
18:19:23 INFO   parte_000.html  http://www.secretariasenado.gov.co/senado/basedoc/ley_0098_1993.html (59 KB)
18:19:23 INFO ley_98_1993: OK · 1 partes · 36 artículos detectados · 23032 caracteres
18:19:23 INFO ley_590_2000: descargando (senado)
18:19:25 INFO   parte_000.html  http://www.secretariasenado.gov.co/senado/basedoc/ley_0590_2000.html (82 KB)
18:19:25 INFO ley_590_2000: OK · 1 partes · 45 artículos detectados · 35235 caracteres
18:19:25 INFO ley_1066_2006: descargando (senado)
18:19:26 INFO   parte_000.html  http://www.secretariasenado.gov.co/senado/basedoc/ley_1066_2006.html (56 KB)
18:19:26 INFO ley_1066_2006: OK · 1 partes · 21 artículos detectados · 25466 caracteres
18:19:26 INFO ley_1537_2012: descargando (senado)
18:19:28 INFO   parte_000.html  http://www.secretariasenado.gov.co/senado/basedoc/ley_1537_2012.html (104 KB)
18:19:29 INFO   parte_001.html  http://www.secretariasenado.gov.co/senado/basedoc/ley_1537_2012_pr001.html (53 KB)
18:19:29 INFO ley_1537_2012: OK · 2 partes · 65 artículos detectados · 80536 caracteres
18:19:29 INFO ley_1438_2011: descargando (senado)
18:19:31 INFO   parte_000.html  http://www.secretariasenado.gov.co/senado/basedoc/ley_1438_2011.html (95 KB)
18:19:32 INFO   parte_001.html  http://www.secretariasenado.gov.co/senado/basedoc/ley_1438_2011_pr001.html (106 KB)
18:19:34 INFO   parte_002.html  http://www.secretariasenado.gov.co/senado/basedoc/ley_1438_2011_pr002.html (91 KB)
18:19:35 INFO   parte_003.html  http://www.secretariasenado.gov.co/senado/basedoc/ley_1438_2011_pr003.html (63 KB)
18:19:35 INFO ley_1438_2011: OK · 4 partes · 149 artículos detectados · 178737 caracteres
18:19:35 INFO ley_1273_2009: descargando (senado)
18:19:37 INFO   parte_000.html  http://www.secretariasenado.gov.co/senado/basedoc/ley_1273_2009.html (29 KB)
18:19:37 INFO ley_1273_2009: OK · 1 partes · 16 artículos detectados · 8261 caracteres
18:19:37 INFO ley_1676_2013: descargando (senado)
18:19:38 INFO   parte_000.html  http://www.secretariasenado.gov.co/senado/basedoc/ley_1676_2013.html (74 KB)
18:19:40 INFO   parte_001.html  http://www.secretariasenado.gov.co/senado/basedoc/ley_1676_2013_pr001.html (84 KB)
18:19:41 INFO   parte_002.html  http://www.secretariasenado.gov.co/senado/basedoc/ley_1676_2013_pr002.html (46 KB)
18:19:41 INFO ley_1676_2013: OK · 3 partes · 91 artículos detectados · 93459 caracteres
18:19:41 INFO ley_25_1992: descargando (senado)
18:19:43 INFO   parte_000.html  http://www.secretariasenado.gov.co/senado/basedoc/ley_0025_1992.html (34 KB)
18:19:43 INFO ley_25_1992: OK · 1 partes · 15 artículos detectados · 7910 caracteres
18:19:43 INFO ley_2069_2020: descargando (senado)
18:19:44 INFO   parte_000.html  http://www.secretariasenado.gov.co/senado/basedoc/ley_2069_2020.html (181 KB)
18:19:44 INFO ley_2069_2020: OK · 1 partes · 88 artículos detectados · 126658 caracteres
18:19:44 INFO decreto_902_2017: descargando (senado)
18:19:46 INFO   parte_000.html  http://www.secretariasenado.gov.co/senado/basedoc/decreto_0902_2017.html (176 KB)
18:19:47 INFO   parte_001.html  http://www.secretariasenado.gov.co/senado/basedoc/decreto_0902_2017_pr001.html (90 KB)
18:19:47 INFO decreto_902_2017: OK · 2 partes · 82 artículos detectados · 155853 caracteres
18:19:47 INFO ley_397_1997: descargando (senado)
18:19:49 INFO   parte_000.html  http://www.secretariasenado.gov.co/senado/basedoc/ley_0397_1997.html (137 KB)
18:19:50 INFO   parte_001.html  http://www.secretariasenado.gov.co/senado/basedoc/ley_0397_1997_pr001.html (79 KB)
18:19:50 INFO ley_397_1997: OK · 2 partes · 89 artículos detectados · 114700 caracteres
18:19:50 INFO ley_1787_2016: descargando (senado)
18:19:52 INFO   parte_000.html  http://www.secretariasenado.gov.co/senado/basedoc/ley_1787_2016.html (52 KB)
18:19:52 INFO ley_1787_2016: OK · 1 partes · 19 artículos detectados · 23512 caracteres
18:19:52 INFO ley_643_2001: descargando (senado)
18:19:53 INFO   parte_000.html  http://www.secretariasenado.gov.co/senado/basedoc/ley_0643_2001.html (106 KB)
18:19:55 INFO   parte_001.html  http://www.secretariasenado.gov.co/senado/basedoc/ley_0643_2001_pr001.html (64 KB)
18:19:55 INFO ley_643_2001: OK · 2 partes · 61 artículos detectados · 77104 caracteres
18:19:55 INFO ley_143_1994: descargando (senado)
18:19:56 INFO   parte_000.html  http://www.secretariasenado.gov.co/senado/basedoc/ley_0143_1994.html (95 KB)
18:19:58 INFO   parte_001.html  http://www.secretariasenado.gov.co/senado/basedoc/ley_0143_1994_pr001.html (88 KB)
18:20:00 INFO   parte_002.html  http://www.secretariasenado.gov.co/senado/basedoc/ley_0143_1994_pr002.html (30 KB)
18:20:00 INFO ley_143_1994: OK · 3 partes · 97 artículos detectados · 92070 caracteres
18:20:00 INFO ley_1357_2009: descargando (senado)
18:20:01 INFO   parte_000.html  http://www.secretariasenado.gov.co/senado/basedoc/ley_1357_2009.html (23 KB)
18:20:01 INFO ley_1357_2009: OK · 1 partes · 5 artículos detectados · 4094 caracteres
18:20:01 INFO ley_1482_2011: descargando (senado)
18:20:02 INFO   parte_000.html  http://www.secretariasenado.gov.co/senado/basedoc/ley_1482_2011.html (27 KB)
18:20:02 INFO ley_1482_2011: OK · 1 partes · 13 artículos detectados · 4835 caracteres
18:20:02 INFO ley_1944_2018: descargando (senado)
18:20:04 INFO   parte_000.html  http://www.secretariasenado.gov.co/senado/basedoc/ley_1944_2018.html (29 KB)
18:20:04 INFO ley_1944_2018: OK · 1 partes · 10 artículos detectados · 7485 caracteres
18:20:04 INFO ley_489_1998: descargando (senado)
18:20:05 INFO   parte_000.html  http://www.secretariasenado.gov.co/senado/basedoc/ley_0489_1998.html (74 KB)
18:20:07 INFO   parte_001.html  http://www.secretariasenado.gov.co/senado/basedoc/ley_0489_1998_pr001.html (81 KB)
18:20:08 INFO   parte_002.html  http://www.secretariasenado.gov.co/senado/basedoc/ley_0489_1998_pr002.html (63 KB)
18:20:08 INFO ley_489_1998: OK · 3 partes · 121 artículos detectados · 91983 caracteres
18:20:08 INFO decreto_92_2022: descargando (senado)
18:20:10 INFO   parte_000.html  http://www.secretariasenado.gov.co/senado/basedoc/decreto_0092_2022.html (74 KB)
18:20:10 INFO decreto_92_2022: OK · 1 partes · 10 artículos detectados · 45542 caracteres
18:20:10 INFO acto_legislativo_3_2002: descargando (senado)
18:20:11 INFO   parte_000.html  http://www.secretariasenado.gov.co/senado/basedoc/acto_legislativo_03_2002.html (32 KB)
18:20:11 INFO acto_legislativo_3_2002: OK · 1 partes · 8 artículos detectados · 10049 caracteres
18:20:11 INFO decreto_560_2020: descargando (senado)
18:20:13 INFO   parte_000.html  http://www.secretariasenado.gov.co/senado/basedoc/decreto_0560_2020.html (98 KB)
18:20:13 INFO decreto_560_2020: OK · 1 partes · 16 artículos detectados · 60747 caracteres
18:20:13 INFO codigo_menor: descargando (senado)
18:20:14 INFO   parte_000.html  http://www.secretariasenado.gov.co/senado/basedoc/codigo_menor.html (74 KB)
18:20:16 INFO   parte_001.html  http://www.secretariasenado.gov.co/senado/basedoc/codigo_menor_pr001.html (85 KB)
18:20:17 INFO   parte_002.html  http://www.secretariasenado.gov.co/senado/basedoc/codigo_menor_pr002.html (84 KB)
18:20:19 INFO   parte_003.html  http://www.secretariasenado.gov.co/senado/basedoc/codigo_menor_pr003.html (80 KB)
18:20:20 INFO   parte_004.html  http://www.secretariasenado.gov.co/senado/basedoc/codigo_menor_pr004.html (87 KB)
18:20:22 INFO   parte_005.html  http://www.secretariasenado.gov.co/senado/basedoc/codigo_menor_pr005.html (75 KB)
18:20:23 INFO   parte_006.html  http://www.secretariasenado.gov.co/senado/basedoc/codigo_menor_pr006.html (83 KB)
18:20:25 INFO   parte_007.html  http://www.secretariasenado.gov.co/senado/basedoc/codigo_menor_pr007.html (78 KB)
18:20:25 INFO codigo_menor: OK · 8 partes · 354 artículos detectados · 218375 caracteres
18:20:25 INFO ley_115_1994: descargando (senado)
18:20:26 INFO   parte_000.html  http://www.secretariasenado.gov.co/senado/basedoc/ley_0115_1994.html (96 KB)
18:20:28 INFO   parte_001.html  http://www.secretariasenado.gov.co/senado/basedoc/ley_0115_1994_pr001.html (77 KB)
18:20:29 INFO   parte_002.html  http://www.secretariasenado.gov.co/senado/basedoc/ley_0115_1994_pr002.html (75 KB)
18:20:31 INFO   parte_003.html  http://www.secretariasenado.gov.co/senado/basedoc/ley_0115_1994_pr003.html (85 KB)
18:20:32 INFO   parte_004.html  http://www.secretariasenado.gov.co/senado/basedoc/ley_0115_1994_pr004.html (71 KB)
18:20:34 INFO   parte_005.html  http://www.secretariasenado.gov.co/senado/basedoc/ley_0115_1994_pr005.html (39 KB)
18:20:34 INFO ley_115_1994: OK · 6 partes · 222 artículos detectados · 168312 caracteres
18:20:34 INFO ley_1393_2010: descargando (senado)
18:20:35 INFO   parte_000.html  http://www.secretariasenado.gov.co/senado/basedoc/ley_1393_2010.html (94 KB)
18:20:35 INFO ley_1393_2010: OK · 1 partes · 41 artículos detectados · 49704 caracteres
18:20:35 INFO ley_2161_2021: descargando (senado)
18:20:37 INFO   parte_000.html  http://www.secretariasenado.gov.co/senado/basedoc/ley_2161_2021.html (39 KB)
18:20:37 INFO ley_2161_2021: OK · 1 partes · 15 artículos detectados · 13800 caracteres
18:20:37 INFO ley_1329_2009: descargando (senado)
18:20:38 INFO   parte_000.html  http://www.secretariasenado.gov.co/senado/basedoc/ley_1329_2009.html (23 KB)
18:20:38 INFO ley_1329_2009: OK · 1 partes · 4 artículos detectados · 3723 caracteres
18:20:38 INFO ley_1761_2015: descargando (senado)
18:20:40 INFO   parte_000.html  http://www.secretariasenado.gov.co/senado/basedoc/ley_1761_2015.html (38 KB)
18:20:40 INFO ley_1761_2015: OK · 1 partes · 13 artículos detectados · 13642 caracteres
18:20:40 INFO ley_1727_2014: descargando (senado)
18:20:41 INFO   parte_000.html  http://www.secretariasenado.gov.co/senado/basedoc/ley_1727_2014.html (65 KB)
18:20:41 INFO ley_1727_2014: OK · 1 partes · 35 artículos detectados · 30735 caracteres
18:20:41 INFO ley_101_1993: descargando (senado)
18:20:43 INFO   parte_000.html  http://www.secretariasenado.gov.co/senado/basedoc/ley_0101_1993.html (80 KB)
18:20:44 INFO   parte_001.html  http://www.secretariasenado.gov.co/senado/basedoc/ley_0101_1993_pr001.html (72 KB)
18:20:46 INFO   parte_002.html  http://www.secretariasenado.gov.co/senado/basedoc/ley_0101_1993_pr002.html (87 KB)
18:20:46 INFO ley_101_1993: OK · 3 partes · 134 artículos detectados · 100658 caracteres
18:20:46 INFO ley_1312_2009: descargando (senado)
18:20:47 INFO   parte_000.html  http://www.secretariasenado.gov.co/senado/basedoc/ley_1312_2009.html (34 KB)
18:20:47 INFO ley_1312_2009: OK · 1 partes · 6 artículos detectados · 12400 caracteres
18:20:47 INFO ley_1652_2013: descargando (senado)
18:20:49 INFO   parte_000.html  http://www.secretariasenado.gov.co/senado/basedoc/ley_1652_2013.html (26 KB)
18:20:49 INFO ley_1652_2013: OK · 1 partes · 5 artículos detectados · 5167 caracteres
18:20:49 INFO ley_1959_2019: descargando (senado)
18:20:50 INFO   parte_000.html  http://www.secretariasenado.gov.co/senado/basedoc/ley_1959_2019.html (35 KB)
18:20:50 INFO ley_1959_2019: OK · 1 partes · 12 artículos detectados · 11648 caracteres
18:20:50 INFO ley_2356_2024: descargando (senado)
18:20:52 INFO   parte_000.html  http://www.secretariasenado.gov.co/senado/basedoc/ley_2356_2024.html (34 KB)
18:20:52 INFO ley_2356_2024: OK · 1 partes · 4 artículos detectados · 10995 caracteres
18:20:52 INFO ley_152_1994: descargando (senado)
18:20:53 INFO   parte_000.html  http://www.secretariasenado.gov.co/senado/basedoc/ley_0152_1994.html (80 KB)
18:20:55 INFO   parte_001.html  http://www.secretariasenado.gov.co/senado/basedoc/ley_0152_1994_pr001.html (33 KB)
18:20:55 INFO ley_152_1994: OK · 2 partes · 52 artículos detectados · 49729 caracteres
18:20:55 INFO acto_legislativo_1_2007: descargando (senado)
18:20:56 INFO   parte_000.html  http://www.secretariasenado.gov.co/senado/basedoc/acto_legislativo_01_2007.html (31 KB)
18:20:56 INFO acto_legislativo_1_2007: OK · 1 partes · 7 artículos detectados · 9112 caracteres
18:20:56 INFO acto_legislativo_1_2016: descargando (senado)
18:20:58 INFO   parte_000.html  http://www.secretariasenado.gov.co/senado/basedoc/acto_legislativo_01_2016.html (33 KB)
18:20:58 INFO acto_legislativo_1_2016: OK · 1 partes · 5 artículos detectados · 9885 caracteres
18:20:58 INFO ley_2447_2025: descargando (senado)
18:20:59 INFO   parte_000.html  http://www.secretariasenado.gov.co/senado/basedoc/ley_2447_2025.html (48 KB)
18:20:59 INFO ley_2447_2025: OK · 1 partes · 21 artículos detectados · 18444 caracteres
18:20:59 INFO ley_617_2000: descargando (senado)
18:21:01 INFO   parte_000.html  http://www.secretariasenado.gov.co/senado/basedoc/ley_0617_2000.html (139 KB)
18:21:02 INFO   parte_001.html  http://www.secretariasenado.gov.co/senado/basedoc/ley_0617_2000_pr001.html (81 KB)
18:21:04 INFO   parte_002.html  http://www.secretariasenado.gov.co/senado/basedoc/ley_0617_2000_pr002.html (27 KB)
18:21:04 INFO ley_617_2000: OK · 3 partes · 96 artículos detectados · 98950 caracteres
18:21:04 INFO ley_681_2001: descargando (senado)
18:21:05 INFO   parte_000.html  http://www.secretariasenado.gov.co/senado/basedoc/ley_0681_2001.html (40 KB)
18:21:05 INFO ley_681_2001: OK · 1 partes · 15 artículos detectados · 13696 caracteres
18:21:05 INFO ley_1943_2018: descargando (senado)
18:21:07 INFO   parte_000.html  http://www.secretariasenado.gov.co/senado/basedoc/ley_1943_2018.html (130 KB)
18:21:08 INFO   parte_001.html  http://www.secretariasenado.gov.co/senado/basedoc/ley_1943_2018_pr001.html (203 KB)
18:21:10 INFO   parte_002.html  http://www.secretariasenado.gov.co/senado/basedoc/ley_1943_2018_pr002.html (166 KB)
18:21:10 INFO ley_1943_2018: OK · 3 partes · 204 artículos detectados · 292271 caracteres
18:21:10 INFO decreto_920_2023: descargando (senado)
18:21:11 INFO   parte_000.html  http://www.secretariasenado.gov.co/senado/basedoc/decreto_0920_2023.html (481 KB)
18:21:13 INFO   parte_001.html  http://www.secretariasenado.gov.co/senado/basedoc/decreto_0920_2023_pr001.html (111 KB)
18:21:13 INFO decreto_920_2023: OK · 2 partes · 155 artículos detectados · 452908 caracteres
18:21:13 INFO ley_1551_2012: descargando (senado)
18:21:14 INFO   parte_000.html  http://www.secretariasenado.gov.co/senado/basedoc/ley_1551_2012.html (122 KB)
18:21:16 INFO   parte_001.html  http://www.secretariasenado.gov.co/senado/basedoc/ley_1551_2012_pr001.html (38 KB)
18:21:16 INFO ley_1551_2012: OK · 2 partes · 52 artículos detectados · 85230 caracteres
18:21:16 INFO ley_1696_2013: descargando (senado)
18:21:17 INFO   parte_000.html  http://www.secretariasenado.gov.co/senado/basedoc/ley_1696_2013.html (38 KB)
18:21:17 INFO ley_1696_2013: OK · 1 partes · 10 artículos detectados · 13524 caracteres
18:21:17 INFO ley_1712_2014: descargando (senado)
18:21:19 INFO   parte_000.html  http://www.secretariasenado.gov.co/senado/basedoc/ley_1712_2014.html (950 KB)
18:21:20 INFO ley_1712_2014: OK · 1 partes · 61 artículos detectados · 721705 caracteres
18:21:20 INFO ley_510_1999: descargando (senado)
18:21:20 INFO   parte_000.html  http://www.secretariasenado.gov.co/senado/basedoc/ley_0510_1999.html (143 KB)
18:21:22 INFO   parte_001.html  http://www.secretariasenado.gov.co/senado/basedoc/ley_0510_1999_pr001.html (85 KB)
18:21:23 INFO   parte_002.html  http://www.secretariasenado.gov.co/senado/basedoc/ley_0510_1999_pr002.html (73 KB)
18:21:23 INFO ley_510_1999: OK · 3 partes · 127 artículos detectados · 157824 caracteres
18:21:23 INFO ley_905_2004: descargando (senado)
18:21:25 INFO   parte_000.html  http://www.secretariasenado.gov.co/senado/basedoc/ley_0905_2004.html (66 KB)
18:21:25 INFO ley_905_2004: OK · 1 partes · 46 artículos detectados · 33286 caracteres
18:21:25 INFO ley_1580_2012: descargando (senado)
18:21:26 INFO   parte_000.html  http://www.secretariasenado.gov.co/senado/basedoc/ley_1580_2012.html (38 KB)
18:21:26 INFO ley_1580_2012: OK · 1 partes · 7 artículos detectados · 14234 caracteres
18:21:26 INFO ley_747_2002: descargando (senado)
18:21:28 INFO   parte_000.html  http://www.secretariasenado.gov.co/senado/basedoc/ley_0747_2002.html (27 KB)
18:21:28 INFO ley_747_2002: OK · 1 partes · 12 artículos detectados · 5699 caracteres
18:21:28 INFO ley_1032_2006: descargando (senado)
18:21:29 INFO   parte_000.html  http://www.secretariasenado.gov.co/senado/basedoc/ley_1032_2006.html (27 KB)
18:21:29 INFO ley_1032_2006: OK · 1 partes · 5 artículos detectados · 6465 caracteres
18:21:29 INFO ley_1773_2016: descargando (senado)
18:21:31 INFO   parte_000.html  http://www.secretariasenado.gov.co/senado/basedoc/ley_1773_2016.html (28 KB)
18:21:31 INFO ley_1773_2016: OK · 1 partes · 9 artículos detectados · 7504 caracteres
18:21:31 INFO ley_2627_2026: descargando (senado)
18:21:32 INFO   parte_000.html  http://www.secretariasenado.gov.co/senado/basedoc/ley_2627_2026.html (28 KB)
18:21:32 INFO ley_2627_2026: OK · 1 partes · 8 artículos detectados · 6955 caracteres
18:21:32 INFO ley_418_1997: descargando (senado)
18:21:34 INFO   parte_000.html  http://www.secretariasenado.gov.co/senado/basedoc/ley_0418_1997.html (116 KB)
18:21:35 INFO   parte_001.html  http://www.secretariasenado.gov.co/senado/basedoc/ley_0418_1997_pr001.html (95 KB)
18:21:37 INFO   parte_002.html  http://www.secretariasenado.gov.co/senado/basedoc/ley_0418_1997_pr002.html (87 KB)
18:21:38 INFO   parte_003.html  http://www.secretariasenado.gov.co/senado/basedoc/ley_0418_1997_pr003.html (41 KB)
18:21:38 INFO ley_418_1997: OK · 4 partes · 140 artículos detectados · 138462 caracteres
18:21:38 INFO ley_810_2003: descargando (senado)
18:21:40 INFO   parte_000.html  http://www.secretariasenado.gov.co/senado/basedoc/ley_0810_2003.html (50 KB)
18:21:40 INFO ley_810_2003: OK · 1 partes · 20 artículos detectados · 23043 caracteres
18:21:40 INFO ley_2450_2025: descargando (senado)
18:21:41 INFO   parte_000.html  http://www.secretariasenado.gov.co/senado/basedoc/ley_2450_2025.html (114 KB)
18:21:41 INFO ley_2450_2025: OK · 1 partes · 24 artículos detectados · 72093 caracteres
18:21:41 INFO ley_1231_2008: descargando (senado)
18:21:43 INFO   parte_000.html  http://www.secretariasenado.gov.co/senado/basedoc/ley_1231_2008.html (35 KB)
18:21:43 INFO ley_1231_2008: OK · 1 partes · 10 artículos detectados · 11410 caracteres
18:21:43 INFO ley_179_1994: descargando (senado)
18:21:44 INFO   parte_000.html  http://www.secretariasenado.gov.co/senado/basedoc/ley_0179_1994.html (94 KB)
18:21:46 INFO   parte_001.html  http://www.secretariasenado.gov.co/senado/basedoc/ley_0179_1994_pr001.html (57 KB)
18:21:46 INFO ley_179_1994: OK · 2 partes · 77 artículos detectados · 60183 caracteres
18:21:46 INFO ley_1369_2009: descargando (senado)
18:21:47 INFO   parte_000.html  http://www.secretariasenado.gov.co/senado/basedoc/ley_1369_2009.html (102 KB)
18:21:49 INFO   parte_001.html  http://www.secretariasenado.gov.co/senado/basedoc/ley_1369_2009_pr001.html (31 KB)
18:21:49 INFO ley_1369_2009: OK · 2 partes · 53 artículos detectados · 63740 caracteres
18:21:49 INFO ley_1882_2018: descargando (senado)
18:21:50 INFO   parte_000.html  http://www.secretariasenado.gov.co/senado/basedoc/ley_1882_2018.html (68 KB)
18:21:50 INFO ley_1882_2018: OK · 1 partes · 29 artículos detectados · 35899 caracteres
18:21:50 INFO ley_2014_2019: descargando (senado)
18:21:52 INFO   parte_000.html  http://www.secretariasenado.gov.co/senado/basedoc/ley_2014_2019.html (36 KB)
18:21:52 INFO ley_2014_2019: OK · 1 partes · 15 artículos detectados · 12465 caracteres
18:21:52 INFO acto_legislativo_1_2017: descargando (senado)
18:21:53 INFO   parte_000.html  http://www.secretariasenado.gov.co/senado/basedoc/acto_legislativo_01_2017.html (98 KB)
18:21:53 INFO acto_legislativo_1_2017: OK · 1 partes · 4 artículos detectados · 62365 caracteres
18:21:53 INFO acto_legislativo_1_2018: descargando (senado)
18:21:55 INFO   parte_000.html  http://www.secretariasenado.gov.co/senado/basedoc/acto_legislativo_01_2018.html (29 KB)
18:21:55 INFO acto_legislativo_1_2018: OK · 1 partes · 7 artículos detectados · 8488 caracteres
18:21:55 INFO acto_legislativo_4_2017: descargando (senado)
18:21:56 INFO   parte_000.html  http://www.secretariasenado.gov.co/senado/basedoc/acto_legislativo_04_2017.html (36 KB)
18:21:56 INFO acto_legislativo_4_2017: OK · 1 partes · 3 artículos detectados · 12040 caracteres
18:21:56 INFO acto_legislativo_4_2019: descargando (senado)
18:21:58 INFO   parte_000.html  http://www.secretariasenado.gov.co/senado/basedoc/acto_legislativo_04_2019.html (46 KB)
18:21:58 INFO acto_legislativo_4_2019: OK · 1 partes · 12 artículos detectados · 20527 caracteres
18:21:58 INFO ley_2388_2024: descargando (senado)
18:21:59 INFO   parte_000.html  http://www.secretariasenado.gov.co/senado/basedoc/ley_2388_2024.html (38 KB)
18:21:59 INFO ley_2388_2024: OK · 1 partes · 18 artículos detectados · 11549 caracteres
18:21:59 INFO decreto_356_1994: descargando (senado)
18:22:01 INFO   parte_000.html  http://www.secretariasenado.gov.co/senado/basedoc/decreto_0356_1994.html (70 KB)
18:22:02 INFO   parte_001.html  http://www.secretariasenado.gov.co/senado/basedoc/decreto_0356_1994_pr001.html (65 KB)
18:22:04 INFO   parte_002.html  http://www.secretariasenado.gov.co/senado/basedoc/decreto_0356_1994_pr002.html (72 KB)
18:22:05 INFO   parte_003.html  http://www.secretariasenado.gov.co/senado/basedoc/decreto_0356_1994_pr003.html (24 KB)
18:22:05 INFO decreto_356_1994: OK · 4 partes · 118 artículos detectados · 83979 caracteres
18:22:05 INFO ley_344_1996: descargando (senado)
18:22:07 INFO   parte_000.html  http://www.secretariasenado.gov.co/senado/basedoc/ley_0344_1996.html (79 KB)
18:22:07 INFO ley_344_1996: OK · 1 partes · 44 artículos detectados · 32197 caracteres
18:22:07 INFO ley_1715_2014: descargando (senado)
18:22:08 INFO   parte_000.html  http://www.secretariasenado.gov.co/senado/basedoc/ley_1715_2014.html (126 KB)
18:22:10 INFO   parte_001.html  http://www.secretariasenado.gov.co/senado/basedoc/ley_1715_2014_pr001.html (35 KB)
18:22:10 INFO ley_1715_2014: OK · 2 partes · 51 artículos detectados · 82812 caracteres
18:22:10 INFO ley_1843_2017: descargando (senado)
18:22:11 INFO   parte_000.html  http://www.secretariasenado.gov.co/senado/basedoc/ley_1843_2017.html (40 KB)
18:22:11 INFO ley_1843_2017: OK · 1 partes · 14 artículos detectados · 14479 caracteres
18:22:11 INFO ley_2068_2020: descargando (senado)
18:22:13 INFO   parte_000.html  http://www.secretariasenado.gov.co/senado/basedoc/ley_2068_2020.html (128 KB)
18:22:13 INFO ley_2068_2020: OK · 1 partes · 56 artículos detectados · 82146 caracteres
18:22:13 INFO ley_2439_2024: descargando (senado)
18:22:14 INFO   parte_000.html  http://www.secretariasenado.gov.co/senado/basedoc/ley_2439_2024.html (31 KB)
18:22:14 INFO ley_2439_2024: OK · 1 partes · 10 artículos detectados · 9351 caracteres
18:22:14 INFO ley_1185_2008: descargando (senado)
18:22:16 INFO   parte_000.html  http://www.secretariasenado.gov.co/senado/basedoc/ley_1185_2008.html (87 KB)
18:22:16 INFO ley_1185_2008: OK · 1 partes · 26 artículos detectados · 49955 caracteres
18:22:16 INFO ley_679_2001: descargando (senado)
18:22:17 INFO   parte_000.html  http://www.secretariasenado.gov.co/senado/basedoc/ley_0679_2001.html (71 KB)
18:22:19 INFO   parte_001.html  http://www.secretariasenado.gov.co/senado/basedoc/ley_0679_2001_pr001.html (22 KB)
18:22:19 INFO ley_679_2001: OK · 2 partes · 41 artículos detectados · 36069 caracteres
18:22:19 INFO ley_975_2005: descargando (senado)
18:22:20 INFO   parte_000.html  http://www.secretariasenado.gov.co/senado/basedoc/ley_0975_2005.html (157 KB)
18:22:22 INFO   parte_001.html  http://www.secretariasenado.gov.co/senado/basedoc/ley_0975_2005_pr001.html (65 KB)
18:22:22 INFO ley_975_2005: OK · 2 partes · 68 artículos detectados · 103406 caracteres
18:22:22 INFO ley_2272_2022: descargando (senado)
18:22:23 INFO   parte_000.html  http://www.secretariasenado.gov.co/senado/basedoc/ley_2272_2022.html (84 KB)
18:22:23 INFO ley_2272_2022: OK · 1 partes · 29 artículos detectados · 44526 caracteres
18:22:23 INFO ley_734_2002: descargando (senado)
18:22:25 INFO   parte_000.html  http://www.secretariasenado.gov.co/senado/basedoc/ley_0734_2002.html (80 KB)
18:22:26 INFO   parte_001.html  http://www.secretariasenado.gov.co/senado/basedoc/ley_0734_2002_pr001.html (125 KB)
18:22:28 INFO   parte_002.html  http://www.secretariasenado.gov.co/senado/basedoc/ley_0734_2002_pr002.html (87 KB)
18:22:29 INFO   parte_003.html  http://www.secretariasenado.gov.co/senado/basedoc/ley_0734_2002_pr003.html (83 KB)
18:22:31 INFO   parte_004.html  http://www.secretariasenado.gov.co/senado/basedoc/ley_0734_2002_pr004.html (93 KB)
18:22:32 INFO   parte_005.html  http://www.secretariasenado.gov.co/senado/basedoc/ley_0734_2002_pr005.html (62 KB)
18:22:32 INFO ley_734_2002: OK · 6 partes · 220 artículos detectados · 193274 caracteres
18:22:32 INFO ley_300_1996: descargando (senado)
18:22:34 INFO   parte_000.html  http://www.secretariasenado.gov.co/senado/basedoc/ley_0300_1996.html (95 KB)
18:22:35 INFO   parte_001.html  http://www.secretariasenado.gov.co/senado/basedoc/ley_0300_1996_pr001.html (76 KB)
18:22:37 INFO   parte_002.html  http://www.secretariasenado.gov.co/senado/basedoc/ley_0300_1996_pr002.html (59 KB)
18:22:37 INFO ley_300_1996: OK · 3 partes · 113 artículos detectados · 83766 caracteres
18:22:37 INFO ley_1615_2013: descargando (senado)
18:22:38 INFO   parte_000.html  http://www.secretariasenado.gov.co/senado/basedoc/ley_1615_2013.html (49 KB)
18:22:38 INFO ley_1615_2013: OK · 1 partes · 16 artículos detectados · 21196 caracteres
18:22:38 INFO ley_2135_2021: descargando (senado)
18:22:40 INFO   parte_000.html  http://www.secretariasenado.gov.co/senado/basedoc/ley_2135_2021.html (72 KB)
18:22:40 INFO ley_2135_2021: OK · 1 partes · 31 artículos detectados · 38799 caracteres
18:22:40 INFO ley_1335_2009: descargando (senado)
18:22:41 INFO   parte_000.html  http://www.secretariasenado.gov.co/senado/basedoc/ley_1335_2009.html (67 KB)
18:22:41 INFO ley_1335_2009: OK · 1 partes · 36 artículos detectados · 27106 caracteres
18:22:41 INFO ley_1437_2011-2: descargando (html)
18:22:42 INFO   parte_000.html  https://normograma.dian.gov.co/dian/compilacion/docs/ley_1437_2011.htm (663 KB)
18:22:43 INFO ley_1437_2011-2: OK · 1 partes · 319 artículos detectados · 381230 caracteres
18:22:43 INFO decreto_1421_1993: descargando (senado)
18:22:43 INFO   parte_000.html  http://www.secretariasenado.gov.co/senado/basedoc/decreto_1421_1993.html (83 KB)
18:22:44 INFO   parte_001.html  http://www.secretariasenado.gov.co/senado/basedoc/decreto_1421_1993_pr001.html (83 KB)
18:22:46 INFO   parte_002.html  http://www.secretariasenado.gov.co/senado/basedoc/decreto_1421_1993_pr002.html (81 KB)
18:22:47 INFO   parte_003.html  http://www.secretariasenado.gov.co/senado/basedoc/decreto_1421_1993_pr003.html (91 KB)
18:22:49 INFO   parte_004.html  http://www.secretariasenado.gov.co/senado/basedoc/decreto_1421_1993_pr004.html (28 KB)
18:22:49 INFO decreto_1421_1993: OK · 5 partes · 187 artículos detectados · 153223 caracteres
18:22:49 INFO ley_1760_2015: descargando (senado)
18:22:50 INFO   parte_000.html  http://www.secretariasenado.gov.co/senado/basedoc/ley_1760_2015.html (28 KB)
18:22:50 INFO ley_1760_2015: OK · 1 partes · 5 artículos detectados · 6874 caracteres
18:22:50 INFO ley_1774_2016: descargando (senado)
18:22:52 INFO   parte_000.html  http://www.secretariasenado.gov.co/senado/basedoc/ley_1774_2016.html (33 KB)
18:22:52 INFO ley_1774_2016: OK · 1 partes · 21 artículos detectados · 9912 caracteres
18:22:52 INFO ley_2205_2022: descargando (senado)
18:22:53 INFO   parte_000.html  http://www.secretariasenado.gov.co/senado/basedoc/ley_2205_2022.html (31 KB)
18:22:53 INFO ley_2205_2022: OK · 1 partes · 7 artículos detectados · 8934 caracteres
18:22:53 INFO ley_2375_2024: descargando (senado)
18:22:55 INFO   parte_000.html  http://www.secretariasenado.gov.co/senado/basedoc/ley_2375_2024.html (33 KB)
18:22:55 INFO ley_2375_2024: OK · 1 partes · 7 artículos detectados · 10346 caracteres
18:22:55 INFO ley_130_1994: descargando (senado)
18:22:56 INFO   parte_000.html  http://www.secretariasenado.gov.co/senado/basedoc/ley_0130_1994.html (82 KB)
18:22:58 INFO   parte_001.html  http://www.secretariasenado.gov.co/senado/basedoc/ley_0130_1994_pr001.html (32 KB)
18:22:58 INFO ley_130_1994: OK · 2 partes · 56 artículos detectados · 41317 caracteres
18:22:58 INFO ley_2442_2024: descargando (senado)
18:22:59 INFO   parte_000.html  http://www.secretariasenado.gov.co/senado/basedoc/ley_2442_2024.html (28 KB)
18:22:59 INFO ley_2442_2024: OK · 1 partes · 8 artículos detectados · 7340 caracteres
18:22:59 INFO ley_1900_2018: descargando (senado)
18:23:01 INFO   parte_000.html  http://www.secretariasenado.gov.co/senado/basedoc/ley_1900_2018.html (32 KB)
18:23:01 INFO ley_1900_2018: OK · 1 partes · 10 artículos detectados · 10183 caracteres
18:23:01 INFO ley_2539_2025: descargando (senado)
18:23:02 INFO   parte_000.html  http://www.secretariasenado.gov.co/senado/basedoc/ley_2539_2025.html (59 KB)
18:23:02 INFO ley_2539_2025: OK · 1 partes · 25 artículos detectados · 30458 caracteres
18:23:02 INFO decreto_893_2017: descargando (senado)
18:23:04 INFO   parte_000.html  http://www.secretariasenado.gov.co/senado/basedoc/decreto_0893_2017.html (135 KB)
18:23:04 INFO decreto_893_2017: OK · 1 partes · 15 artículos detectados · 45172 caracteres
18:23:04 INFO ley_181_1995: descargando (senado)
18:23:05 INFO   parte_000.html  http://www.secretariasenado.gov.co/senado/basedoc/ley_0181_1995.html (75 KB)
18:23:07 INFO   parte_001.html  http://www.secretariasenado.gov.co/senado/basedoc/ley_0181_1995_pr001.html (68 KB)
18:23:08 INFO   parte_002.html  http://www.secretariasenado.gov.co/senado/basedoc/ley_0181_1995_pr002.html (34 KB)
18:23:09 INFO ley_181_1995: OK · 3 partes · 91 artículos detectados · 69713 caracteres
18:23:09 INFO ley_191_1995: descargando (senado)
18:23:10 INFO   parte_000.html  http://www.secretariasenado.gov.co/senado/basedoc/ley_0191_1995.html (72 KB)
18:23:11 INFO   parte_001.html  http://www.secretariasenado.gov.co/senado/basedoc/ley_0191_1995_pr001.html (31 KB)
18:23:11 INFO ley_191_1995: OK · 2 partes · 57 artículos detectados · 39729 caracteres
18:23:11 INFO ley_1286_2009: descargando (senado)
18:23:13 INFO   parte_000.html  http://www.secretariasenado.gov.co/senado/basedoc/ley_1286_2009.html (68 KB)
18:23:13 INFO ley_1286_2009: OK · 1 partes · 36 artículos detectados · 26918 caracteres
18:23:13 INFO ley_1314_2009: descargando (senado)
18:23:14 INFO   parte_000.html  http://www.secretariasenado.gov.co/senado/basedoc/ley_1314_2009.html (52 KB)
18:23:14 INFO ley_1314_2009: OK · 1 partes · 17 artículos detectados · 25587 caracteres
18:23:14 INFO ley_2169_2021: descargando (senado)
18:23:16 INFO   parte_000.html  http://www.secretariasenado.gov.co/senado/basedoc/ley_2169_2021.html (133 KB)
18:23:16 INFO ley_2169_2021: OK · 1 partes · 41 artículos detectados · 88433 caracteres
18:23:16 INFO ley_1221_2008: descargando (senado)
18:23:17 INFO   parte_000.html  http://www.secretariasenado.gov.co/senado/basedoc/ley_1221_2008.html (38 KB)
18:23:17 INFO ley_1221_2008: OK · 1 partes · 9 artículos detectados · 14516 caracteres
18:23:17 INFO ley_2365_2024: descargando (senado)
18:23:19 INFO   parte_000.html  http://www.secretariasenado.gov.co/senado/basedoc/ley_2365_2024.html (61 KB)
18:23:19 INFO ley_2365_2024: OK · 1 partes · 26 artículos detectados · 29777 caracteres
18:23:19 INFO ley_2381_2024: descargando (senado)
18:23:20 INFO   parte_000.html  http://www.secretariasenado.gov.co/senado/basedoc/ley_2381_2024.html (262 KB)
18:23:21 INFO ley_2381_2024: OK · 1 partes · 93 artículos detectados · 181286 caracteres
18:23:21 INFO ley_2570_2026: descargando (senado)
18:23:22 INFO   parte_000.html  http://www.secretariasenado.gov.co/senado/basedoc/ley_2570_2026.html (41 KB)
18:23:22 INFO ley_2570_2026: OK · 1 partes · 18 artículos detectados · 15817 caracteres
18:23:22 INFO ley_1210_2008: descargando (senado)
18:23:23 INFO   parte_000.html  http://www.secretariasenado.gov.co/senado/basedoc/ley_1210_2008.html (32 KB)
18:23:23 INFO ley_1210_2008: OK · 1 partes · 6 artículos detectados · 9702 caracteres
18:23:23 INFO ley_2213_2022: descargando (senado)
18:23:25 INFO   parte_000.html  http://www.secretariasenado.gov.co/senado/basedoc/ley_2213_2022.html (46 KB)
18:23:25 INFO ley_2213_2022: OK · 1 partes · 15 artículos detectados · 20472 caracteres
18:23:25 INFO decreto_111_1996: descargando (senado)
18:23:26 INFO   parte_000.html  http://www.secretariasenado.gov.co/senado/basedoc/decreto_0111_1996.html (82 KB)
18:23:28 INFO   parte_001.html  http://www.secretariasenado.gov.co/senado/basedoc/decreto_0111_1996_pr001.html (70 KB)
18:23:29 INFO   parte_002.html  http://www.secretariasenado.gov.co/senado/basedoc/decreto_0111_1996_pr002.html (68 KB)
18:23:30 INFO decreto_111_1996: OK · 3 partes · 129 artículos detectados · 90566 caracteres
18:23:30 INFO ley_2056_2020: descargando (senado)
18:23:31 INFO   parte_000.html  http://www.secretariasenado.gov.co/senado/basedoc/ley_2056_2020.html (150 KB)
18:23:32 INFO   parte_001.html  http://www.secretariasenado.gov.co/senado/basedoc/ley_2056_2020_pr001.html (116 KB)
18:23:34 INFO   parte_002.html  http://www.secretariasenado.gov.co/senado/basedoc/ley_2056_2020_pr002.html (95 KB)
18:23:35 INFO   parte_003.html  http://www.secretariasenado.gov.co/senado/basedoc/ley_2056_2020_pr003.html (81 KB)
18:23:37 INFO   parte_004.html  http://www.secretariasenado.gov.co/senado/basedoc/ley_2056_2020_pr004.html (101 KB)
18:23:37 INFO ley_2056_2020: OK · 5 partes · 210 artículos detectados · 291897 caracteres
18:23:37 INFO ley_43_1993: descargando (senado)
18:23:38 INFO   parte_000.html  http://www.secretariasenado.gov.co/senado/basedoc/ley_0043_1993.html (82 KB)
18:23:39 INFO ley_43_1993: OK · 1 partes · 39 artículos detectados · 36918 caracteres
18:23:39 INFO ley_1811_2016: descargando (senado)
18:23:40 INFO   parte_000.html  http://www.secretariasenado.gov.co/senado/basedoc/ley_1811_2016.html (43 KB)
18:23:40 INFO ley_1811_2016: OK · 1 partes · 23 artículos detectados · 17249 caracteres
18:23:40 INFO ley_2283_2023: descargando (senado)
18:23:41 INFO   parte_000.html  http://www.secretariasenado.gov.co/senado/basedoc/ley_2283_2023.html (34 KB)
18:23:41 INFO ley_2283_2023: OK · 1 partes · 9 artículos detectados · 12029 caracteres
18:23:41 INFO ley_2486_2025: descargando (senado)
18:23:43 INFO   parte_000.html  http://www.secretariasenado.gov.co/senado/basedoc/ley_2486_2025.html (52 KB)
18:23:43 INFO ley_2486_2025: OK · 1 partes · 18 artículos detectados · 25126 caracteres
18:23:43 INFO ley_1123_2007: descargando (senado)
18:23:44 INFO   parte_000.html  http://www.secretariasenado.gov.co/senado/basedoc/ley_1123_2007.html (60 KB)
18:23:46 INFO   parte_001.html  http://www.secretariasenado.gov.co/senado/basedoc/ley_1123_2007_pr001.html (58 KB)
18:23:47 INFO   parte_002.html  http://www.secretariasenado.gov.co/senado/basedoc/ley_1123_2007_pr002.html (61 KB)
18:23:48 INFO ley_1123_2007: OK · 3 partes · 112 artículos detectados · 62697 caracteres
18:23:48 INFO decreto_240_2026: descargando (senado)
18:23:49 INFO   parte_000.html  http://www.secretariasenado.gov.co/senado/basedoc/decreto_0240_2026.html (103 KB)
18:23:49 INFO decreto_240_2026: OK · 1 partes · 21 artículos detectados · 66998 caracteres
18:23:49 INFO ley_1004_2005: descargando (senado)
18:23:50 INFO   parte_000.html  http://www.secretariasenado.gov.co/senado/basedoc/ley_1004_2005.html (33 KB)
18:23:50 INFO ley_1004_2005: OK · 1 partes · 13 artículos detectados · 9354 caracteres
18:23:50 INFO ley_182_1995: descargando (senado)
18:23:52 INFO   parte_000.html  http://www.secretariasenado.gov.co/senado/basedoc/ley_0182_1995.html (123 KB)
18:23:53 INFO   parte_001.html  http://www.secretariasenado.gov.co/senado/basedoc/ley_0182_1995_pr001.html (71 KB)
18:23:54 INFO ley_182_1995: OK · 2 partes · 65 artículos detectados · 85650 caracteres
18:23:54 INFO ley_554_2000: descargando (senado)
18:23:55 INFO   parte_000.html  http://www.secretariasenado.gov.co/senado/basedoc/ley_0554_2000.html (71 KB)
18:23:55 INFO ley_554_2000: OK · 1 partes · 25 artículos detectados · 40396 caracteres
18:23:55 INFO ley_759_2002: descargando (senado)
18:23:56 INFO   parte_000.html  http://www.secretariasenado.gov.co/senado/basedoc/ley_0759_2002.html (54 KB)
18:23:56 INFO ley_759_2002: OK · 1 partes · 21 artículos detectados · 27385 caracteres
18:23:56 INFO ley_813_2003: descargando (senado)
18:23:58 INFO   parte_000.html  http://www.secretariasenado.gov.co/senado/basedoc/ley_0813_2003.html (23 KB)
18:23:58 INFO ley_813_2003: OK · 1 partes · 8 artículos detectados · 4033 caracteres
18:23:58 INFO ley_1336_2009: descargando (senado)
18:23:59 INFO   parte_000.html  http://www.secretariasenado.gov.co/senado/basedoc/ley_1336_2009.html (63 KB)
18:23:59 INFO ley_1336_2009: OK · 1 partes · 28 artículos detectados · 30078 caracteres
18:23:59 INFO ley_1752_2015: descargando (senado)
18:24:01 INFO   parte_000.html  http://www.secretariasenado.gov.co/senado/basedoc/ley_1752_2015.html (22 KB)
18:24:01 INFO ley_1752_2015: OK · 1 partes · 8 artículos detectados · 3046 caracteres
18:24:01 INFO ley_1850_2017: descargando (senado)
18:24:02 INFO   parte_000.html  http://www.secretariasenado.gov.co/senado/basedoc/ley_1850_2017.html (46 KB)
18:24:02 INFO ley_1850_2017: OK · 1 partes · 25 artículos detectados · 19745 caracteres
18:24:02 INFO ley_1915_2018: descargando (senado)
18:24:04 INFO   parte_000.html  http://www.secretariasenado.gov.co/senado/basedoc/ley_1915_2018.html (80 KB)
18:24:04 INFO ley_1915_2018: OK · 1 partes · 46 artículos detectados · 46581 caracteres
18:24:04 INFO ley_2590_2026: descargando (senado)
18:24:05 INFO   parte_000.html  http://www.secretariasenado.gov.co/senado/basedoc/ley_2590_2026.html (45 KB)
18:24:05 INFO ley_2590_2026: OK · 1 partes · 14 artículos detectados · 20695 caracteres
18:24:05 INFO ley_2608_2026: descargando (senado)
18:24:07 INFO   parte_000.html  http://www.secretariasenado.gov.co/senado/basedoc/ley_2608_2026.html (78 KB)
18:24:07 INFO ley_2608_2026: OK · 1 partes · 23 artículos detectados · 45422 caracteres
18:24:07 INFO ley_732_2002: descargando (senado)
18:24:08 INFO   parte_000.html  http://www.secretariasenado.gov.co/senado/basedoc/ley_0732_2002.html (33 KB)
18:24:08 INFO ley_732_2002: OK · 1 partes · 7 artículos detectados · 10939 caracteres
18:24:08 INFO ley_1448_2011: descargando (senado)
18:24:10 INFO   parte_000.html  http://www.secretariasenado.gov.co/senado/basedoc/ley_1448_2011.html (140 KB)
18:24:11 INFO   parte_001.html  http://www.secretariasenado.gov.co/senado/basedoc/ley_1448_2011_pr001.html (129 KB)
18:24:13 INFO   parte_002.html  http://www.secretariasenado.gov.co/senado/basedoc/ley_1448_2011_pr002.html (107 KB)
18:24:14 INFO   parte_003.html  http://www.secretariasenado.gov.co/senado/basedoc/ley_1448_2011_pr003.html (163 KB)
18:24:16 INFO   parte_004.html  http://www.secretariasenado.gov.co/senado/basedoc/ley_1448_2011_pr004.html (86 KB)
18:24:16 INFO ley_1448_2011: OK · 5 partes · 217 artículos detectados · 333836 caracteres
18:24:16 INFO ley_1454_2011: descargando (senado)
18:24:17 INFO   parte_000.html  http://www.secretariasenado.gov.co/senado/basedoc/ley_1454_2011.html (98 KB)
18:24:19 INFO   parte_001.html  http://www.secretariasenado.gov.co/senado/basedoc/ley_1454_2011_pr001.html (20 KB)
18:24:19 INFO ley_1454_2011: OK · 2 partes · 40 artículos detectados · 57396 caracteres
18:24:19 INFO ley_2281_2023: descargando (senado)
18:24:20 INFO   parte_000.html  http://www.secretariasenado.gov.co/senado/basedoc/ley_2281_2023.html (46 KB)
18:24:20 INFO ley_2281_2023: OK · 1 partes · 19 artículos detectados · 20180 caracteres
18:24:20 INFO decreto_1355_1970: descargando (senado)
18:24:22 INFO   parte_000.html  http://www.secretariasenado.gov.co/senado/basedoc/decreto_1355_1970.html (69 KB)
18:24:23 INFO   parte_001.html  http://www.secretariasenado.gov.co/senado/basedoc/decreto_1355_1970_pr001.html (77 KB)
18:24:25 INFO   parte_002.html  http://www.secretariasenado.gov.co/senado/basedoc/decreto_1355_1970_pr002.html (87 KB)
18:24:26 INFO   parte_003.html  http://www.secretariasenado.gov.co/senado/basedoc/decreto_1355_1970_pr003.html (77 KB)
18:24:28 INFO   parte_004.html  http://www.secretariasenado.gov.co/senado/basedoc/decreto_1355_1970_pr004.html (72 KB)
18:24:29 INFO   parte_005.html  http://www.secretariasenado.gov.co/senado/basedoc/decreto_1355_1970_pr005.html (79 KB)
18:24:31 INFO   parte_006.html  http://www.secretariasenado.gov.co/senado/basedoc/decreto_1355_1970_pr006.html (73 KB)
18:24:32 INFO   parte_007.html  http://www.secretariasenado.gov.co/senado/basedoc/decreto_1355_1970_pr007.html (44 KB)
18:24:33 INFO decreto_1355_1970: OK · 8 partes · 317 artículos detectados · 154011 caracteres
18:24:33 INFO ley_675_2001: descargando (senado)
18:24:34 INFO   parte_000.html  http://www.secretariasenado.gov.co/senado/basedoc/ley_0675_2001.html (86 KB)
18:24:35 INFO   parte_001.html  http://www.secretariasenado.gov.co/senado/basedoc/ley_0675_2001_pr001.html (75 KB)
18:24:37 INFO   parte_002.html  http://www.secretariasenado.gov.co/senado/basedoc/ley_0675_2001_pr002.html (43 KB)
18:24:37 INFO ley_675_2001: OK · 3 partes · 87 artículos detectados · 87337 caracteres
18:24:37 INFO ley_1259_2008: descargando (senado)
18:24:38 INFO   parte_000.html  http://www.secretariasenado.gov.co/senado/basedoc/ley_1259_2008.html (43 KB)
18:24:38 INFO ley_1259_2008: OK · 1 partes · 26 artículos detectados · 14027 caracteres
18:24:38 INFO ley_2318_2023: descargando (senado)
18:24:40 INFO   parte_000.html  http://www.secretariasenado.gov.co/senado/basedoc/ley_2318_2023.html (31 KB)
18:24:40 INFO ley_2318_2023: OK · 1 partes · 11 artículos detectados · 10025 caracteres
18:24:40 INFO decreto_1260_1970: descargando (senado)
18:24:41 INFO   parte_000.html  http://www.secretariasenado.gov.co/senado/basedoc/decreto_1260_1970.html (55 KB)
18:24:43 INFO   parte_001.html  http://www.secretariasenado.gov.co/senado/basedoc/decreto_1260_1970_pr001.html (67 KB)
18:24:44 INFO   parte_002.html  http://www.secretariasenado.gov.co/senado/basedoc/decreto_1260_1970_pr002.html (50 KB)
18:24:45 INFO decreto_1260_1970: OK · 3 partes · 124 artículos detectados · 60796 caracteres
18:24:45 INFO ley_65_1993: descargando (senado)
18:24:46 INFO   parte_000.html  http://www.secretariasenado.gov.co/senado/basedoc/ley_0065_1993.html (116 KB)
18:24:47 INFO   parte_001.html  http://www.secretariasenado.gov.co/senado/basedoc/ley_0065_1993_pr001.html (100 KB)
18:24:49 INFO   parte_002.html  http://www.secretariasenado.gov.co/senado/basedoc/ley_0065_1993_pr002.html (107 KB)
18:24:50 INFO   parte_003.html  http://www.secretariasenado.gov.co/senado/basedoc/ley_0065_1993_pr003.html (82 KB)
18:24:51 INFO ley_65_1993: OK · 4 partes · 198 artículos detectados · 186443 caracteres
18:24:51 INFO decreto_1687_2010: descargando (senado)
18:24:52 INFO   parte_000.html  http://www.secretariasenado.gov.co/senado/basedoc/decreto_1687_2010.html (59 KB)
18:24:52 INFO decreto_1687_2010: OK · 1 partes · 8 artículos detectados · 34181 caracteres
18:24:52 INFO ley_178_1994: descargando (senado)
18:24:53 INFO   parte_000.html  http://www.secretariasenado.gov.co/senado/basedoc/ley_0178_1994.html (117 KB)
18:24:54 INFO ley_178_1994: OK · 1 partes · 49 artículos detectados · 73738 caracteres
18:24:54 INFO ley_1682_2013: descargando (senado)
18:24:55 INFO   parte_000.html  http://www.secretariasenado.gov.co/senado/basedoc/ley_1682_2013.html (130 KB)
18:24:56 INFO   parte_001.html  http://www.secretariasenado.gov.co/senado/basedoc/ley_1682_2013_pr001.html (76 KB)
18:24:57 INFO ley_1682_2013: OK · 2 partes · 72 artículos detectados · 119587 caracteres
18:24:57 INFO ley_1778_2016: descargando (senado)
18:24:58 INFO   parte_000.html  http://www.secretariasenado.gov.co/senado/basedoc/ley_1778_2016.html (77 KB)
18:24:58 INFO ley_1778_2016: OK · 1 partes · 37 artículos detectados · 38801 caracteres
18:24:58 INFO ley_5_1992: descargando (senado)
18:24:59 INFO   parte_000.html  http://www.secretariasenado.gov.co/senado/basedoc/ley_0005_1992.html (94 KB)
18:25:01 INFO   parte_001.html  http://www.secretariasenado.gov.co/senado/basedoc/ley_0005_1992_pr001.html (107 KB)
18:25:02 INFO   parte_002.html  http://www.secretariasenado.gov.co/senado/basedoc/ley_0005_1992_pr002.html (119 KB)
18:25:04 INFO   parte_003.html  http://www.secretariasenado.gov.co/senado/basedoc/ley_0005_1992_pr003.html (139 KB)
18:25:05 INFO   parte_004.html  http://www.secretariasenado.gov.co/senado/basedoc/ley_0005_1992_pr004.html (133 KB)
18:25:07 INFO   parte_005.html  http://www.secretariasenado.gov.co/senado/basedoc/ley_0005_1992_pr005.html (119 KB)
18:25:08 INFO   parte_006.html  http://www.secretariasenado.gov.co/senado/basedoc/ley_0005_1992_pr006.html (87 KB)
18:25:10 INFO   parte_007.html  http://www.secretariasenado.gov.co/senado/basedoc/ley_0005_1992_pr007.html (110 KB)
18:25:11 INFO   parte_008.html  http://www.secretariasenado.gov.co/senado/basedoc/ley_0005_1992_pr008.html (85 KB)
18:25:13 INFO   parte_009.html  http://www.secretariasenado.gov.co/senado/basedoc/ley_0005_1992_pr009.html (175 KB)
18:25:14 INFO   parte_010.html  http://www.secretariasenado.gov.co/senado/basedoc/ley_0005_1992_pr010.html (150 KB)
18:25:15 INFO ley_5_1992: OK · 11 partes · 419 artículos detectados · 458097 caracteres
18:25:15 INFO acto_legislativo_2_2002: descargando (senado)
18:25:16 INFO   parte_000.html  http://www.secretariasenado.gov.co/senado/basedoc/acto_legislativo_02_2002.html (28 KB)
18:25:16 INFO acto_legislativo_2_2002: OK · 1 partes · 8 artículos detectados · 6813 caracteres
18:25:16 INFO acto_legislativo_2_2004: descargando (senado)
18:25:17 INFO   parte_000.html  http://www.secretariasenado.gov.co/senado/basedoc/acto_legislativo_02_2004.html (26 KB)
18:25:17 INFO acto_legislativo_2_2004: OK · 1 partes · 6 artículos detectados · 5890 caracteres
18:25:17 INFO acto_legislativo_2_2011: descargando (senado)
18:25:19 INFO   parte_000.html  http://www.secretariasenado.gov.co/senado/basedoc/acto_legislativo_02_2011.html (21 KB)
18:25:19 INFO acto_legislativo_2_2011: OK · 1 partes · 5 artículos detectados · 2068 caracteres
18:25:19 INFO acto_legislativo_2_2017: descargando (senado)
18:25:20 INFO   parte_000.html  http://www.secretariasenado.gov.co/senado/basedoc/acto_legislativo_02_2017.html (24 KB)
18:25:20 INFO acto_legislativo_2_2017: OK · 1 partes · 2 artículos detectados · 4779 caracteres
18:25:20 INFO acto_legislativo_3_2011: descargando (senado)
18:25:22 INFO   parte_000.html  http://www.secretariasenado.gov.co/senado/basedoc/acto_legislativo_03_2011.html (24 KB)
18:25:22 INFO acto_legislativo_3_2011: OK · 1 partes · 4 artículos detectados · 4557 caracteres
18:25:22 INFO acto_legislativo_3_2023: descargando (senado)
18:25:23 INFO   parte_000.html  http://www.secretariasenado.gov.co/senado/basedoc/acto_legislativo_03_2023.html (32 KB)
18:25:23 INFO acto_legislativo_3_2023: OK · 1 partes · 7 artículos detectados · 7443 caracteres
18:25:23 INFO ley_1333_2009: descargando (senado)
18:25:25 INFO   parte_000.html  http://www.secretariasenado.gov.co/senado/basedoc/ley_1333_2009.html (102 KB)
18:25:26 INFO   parte_001.html  http://www.secretariasenado.gov.co/senado/basedoc/ley_1333_2009_pr001.html (52 KB)
18:25:27 INFO ley_1333_2009: OK · 2 partes · 70 artículos detectados · 73197 caracteres
18:25:27 INFO ley_1014_2006: descargando (senado)
18:25:28 INFO   parte_000.html  http://www.secretariasenado.gov.co/senado/basedoc/ley_1014_2006.html (52 KB)
18:25:28 INFO ley_1014_2006: OK · 1 partes · 24 artículos detectados · 20416 caracteres
18:25:28 INFO decreto_4333_2008: descargando (senado)
18:25:29 INFO   parte_000.html  http://www.secretariasenado.gov.co/senado/basedoc/decreto_4333_2008.html (26 KB)
18:25:29 INFO decreto_4333_2008: OK · 1 partes · 3 artículos detectados · 6169 caracteres
18:25:29 INFO ley_1902_2018: descargando (senado)
18:25:31 INFO   parte_000.html  http://www.secretariasenado.gov.co/senado/basedoc/ley_1902_2018.html (41 KB)
18:25:31 INFO ley_1902_2018: OK · 1 partes · 28 artículos detectados · 16352 caracteres
18:25:31 INFO decreto_71_2020: descargando (senado)
18:25:32 INFO   parte_000.html  http://www.secretariasenado.gov.co/senado/basedoc/decreto_0071_2020.html (102 KB)
18:25:34 INFO   parte_001.html  http://www.secretariasenado.gov.co/senado/basedoc/decreto_0071_2020_pr001.html (83 KB)
18:25:35 INFO   parte_002.html  http://www.secretariasenado.gov.co/senado/basedoc/decreto_0071_2020_pr002.html (72 KB)
18:25:37 INFO   parte_003.html  http://www.secretariasenado.gov.co/senado/basedoc/decreto_0071_2020_pr003.html (35 KB)
18:25:37 INFO decreto_71_2020: OK · 4 partes · 150 artículos detectados · 124148 caracteres
18:25:37 INFO decreto_691_2017: descargando (senado)
18:25:38 INFO   parte_000.html  http://www.secretariasenado.gov.co/senado/basedoc/decreto_0691_2017.html (50 KB)
18:25:38 INFO decreto_691_2017: OK · 1 partes · 15 artículos detectados · 22288 caracteres
18:25:39 INFO decreto_1088_1993: descargando (senado)
18:25:40 INFO   parte_000.html  http://www.secretariasenado.gov.co/senado/basedoc/decreto_1088_1993.html (33 KB)
18:25:40 INFO decreto_1088_1993: OK · 1 partes · 16 artículos detectados · 7781 caracteres
18:25:40 INFO ley_1175_2007: descargando (senado)
18:25:41 INFO   parte_000.html  http://www.secretariasenado.gov.co/senado/basedoc/ley_1175_2007.html (23 KB)
18:25:41 INFO ley_1175_2007: OK · 1 partes · 5 artículos detectados · 4145 caracteres
18:25:41 INFO ley_278_1996: descargando (senado)
18:25:43 INFO   parte_000.html  http://www.secretariasenado.gov.co/senado/basedoc/ley_0278_1996.html (35 KB)
18:25:43 INFO ley_278_1996: OK · 1 partes · 12 artículos detectados · 11843 caracteres
18:25:43 INFO ley_1496_2011: descargando (senado)
18:25:44 INFO   parte_000.html  http://www.secretariasenado.gov.co/senado/basedoc/ley_1496_2011.html (31 KB)
18:25:44 INFO ley_1496_2011: OK · 1 partes · 12 artículos detectados · 9276 caracteres
18:25:44 INFO ley_1610_2013: descargando (senado)
18:25:46 INFO   parte_000.html  http://www.secretariasenado.gov.co/senado/basedoc/ley_1610_2013.html (38 KB)
18:25:46 INFO ley_1610_2013: OK · 1 partes · 19 artículos detectados · 13322 caracteres
18:25:46 INFO ley_1618_2013: descargando (senado)
18:25:47 INFO   parte_000.html  http://www.secretariasenado.gov.co/senado/basedoc/ley_1618_2013.html (127 KB)
18:25:48 INFO ley_1618_2013: OK · 1 partes · 32 artículos detectados · 81613 caracteres
18:25:48 INFO ley_819_2003: descargando (senado)
18:25:49 INFO   parte_000.html  http://www.secretariasenado.gov.co/senado/basedoc/ley_0819_2003.html (58 KB)
18:25:49 INFO ley_819_2003: OK · 1 partes · 28 artículos detectados · 26486 caracteres
18:25:49 INFO decreto_4085_2011: descargando (senado)
18:25:50 INFO   parte_000.html  http://www.secretariasenado.gov.co/senado/basedoc/decreto_4085_2011.html (109 KB)
18:25:51 INFO decreto_4085_2011: OK · 1 partes · 29 artículos detectados · 65290 caracteres
18:25:51 INFO ley_448_1998: descargando (senado)
18:25:52 INFO   parte_000.html  http://www.secretariasenado.gov.co/senado/basedoc/ley_0448_1998.html (29 KB)
18:25:52 INFO ley_448_1998: OK · 1 partes · 9 artículos detectados · 6738 caracteres
18:25:52 INFO ley_809_2003: descargando (senado)
18:25:53 INFO   parte_000.html  http://www.secretariasenado.gov.co/senado/basedoc/ley_0809_2003.html (21 KB)
18:25:53 INFO ley_809_2003: OK · 1 partes · 4 artículos detectados · 2760 caracteres
18:25:53 INFO ley_954_2005: descargando (senado)
18:25:55 INFO   parte_000.html  http://www.secretariasenado.gov.co/senado/basedoc/ley_0954_2005.html (30 KB)
18:25:55 INFO ley_954_2005: OK · 1 partes · 7 artículos detectados · 7665 caracteres
18:25:55 INFO ley_1107_2006: descargando (senado)
18:25:56 INFO   parte_000.html  http://www.secretariasenado.gov.co/senado/basedoc/ley_1107_2006.html (22 KB)
18:25:56 INFO ley_1107_2006: OK · 1 partes · 3 artículos detectados · 2791 caracteres
18:25:56 INFO ley_2050_2020: descargando (senado)
18:25:58 INFO   parte_000.html  http://www.secretariasenado.gov.co/senado/basedoc/ley_2050_2020.html (45 KB)
18:25:58 INFO ley_2050_2020: OK · 1 partes · 25 artículos detectados · 16991 caracteres
18:25:58 INFO ley_963_2005: descargando (senado)
18:25:59 INFO   parte_000.html  http://www.secretariasenado.gov.co/senado/basedoc/ley_0963_2005.html (38 KB)
18:25:59 INFO ley_963_2005: OK · 1 partes · 12 artículos detectados · 12184 caracteres
18:25:59 INFO ley_790_2002: descargando (senado)
18:26:01 INFO   parte_000.html  http://www.secretariasenado.gov.co/senado/basedoc/ley_0790_2002.html (54 KB)
18:26:01 INFO ley_790_2002: OK · 1 partes · 22 artículos detectados · 19890 caracteres
18:26:01 INFO ley_1356_2009: descargando (senado)
18:26:02 INFO   parte_000.html  http://www.secretariasenado.gov.co/senado/basedoc/ley_1356_2009.html (45 KB)
18:26:02 INFO ley_1356_2009: OK · 1 partes · 27 artículos detectados · 19096 caracteres
18:26:02 INFO ley_816_2003: descargando (senado)
18:26:04 INFO   parte_000.html  http://www.secretariasenado.gov.co/senado/basedoc/ley_0816_2003.html (23 KB)
18:26:04 INFO ley_816_2003: OK · 1 partes · 5 artículos detectados · 3741 caracteres
18:26:04 INFO sentencia_c-370_2006-2: descargando (html)
18:26:42 WARNING Falló http://www.corteconstitucional.gov.co/relatoria/2006/C-370-06.htm (RemoteProtocolError: Server disconnected without sending a response.). Reintento en 1.5 s
18:27:21 WARNING Falló http://www.corteconstitucional.gov.co/relatoria/2006/C-370-06.htm (RemoteProtocolError: Server disconnected without sending a response.). Reintento en 2.8 s
18:28:02 WARNING Falló http://www.corteconstitucional.gov.co/relatoria/2006/C-370-06.htm (RemoteProtocolError: Server disconnected without sending a response.). Reintento en 4.5 s
18:28:45 WARNING Falló http://www.corteconstitucional.gov.co/relatoria/2006/C-370-06.htm (RemoteProtocolError: Server disconnected without sending a response.). Reintento en 8.6 s
18:28:53 INFO decreto_2811_1974: descargando (senado)
18:28:58 INFO   parte_000.html  http://www.secretariasenado.gov.co/senado/basedoc/decreto_2811_1974.html (67 KB)
18:28:58 INFO   parte_001.html  http://www.secretariasenado.gov.co/senado/basedoc/decreto_2811_1974_pr001.html (65 KB)
18:29:00 INFO   parte_002.html  http://www.secretariasenado.gov.co/senado/basedoc/decreto_2811_1974_pr002.html (58 KB)
18:29:01 INFO   parte_003.html  http://www.secretariasenado.gov.co/senado/basedoc/decreto_2811_1974_pr003.html (62 KB)
18:29:03 INFO   parte_004.html  http://www.secretariasenado.gov.co/senado/basedoc/decreto_2811_1974_pr004.html (62 KB)
18:29:04 INFO   parte_005.html  http://www.secretariasenado.gov.co/senado/basedoc/decreto_2811_1974_pr005.html (62 KB)
18:29:06 INFO   parte_006.html  http://www.secretariasenado.gov.co/senado/basedoc/decreto_2811_1974_pr006.html (62 KB)
18:29:07 INFO   parte_007.html  http://www.secretariasenado.gov.co/senado/basedoc/decreto_2811_1974_pr007.html (67 KB)
18:29:09 INFO   parte_008.html  http://www.secretariasenado.gov.co/senado/basedoc/decreto_2811_1974_pr008.html (60 KB)
18:29:09 INFO decreto_2811_1974: OK · 9 partes · 340 artículos detectados · 144582 caracteres
18:29:09 INFO ley_387_1997: descargando (senado)
18:29:10 INFO   parte_000.html  http://www.secretariasenado.gov.co/senado/basedoc/ley_0387_1997.html (69 KB)
18:29:11 INFO ley_387_1997: OK · 1 partes · 35 artículos detectados · 32532 caracteres
18:29:11 INFO ley_401_1997: descargando (senado)
18:29:12 INFO   parte_000.html  http://www.secretariasenado.gov.co/senado/basedoc/ley_0401_1997.html (47 KB)
18:29:12 INFO ley_401_1997: OK · 1 partes · 18 artículos detectados · 18141 caracteres
18:29:12 INFO ley_1101_2006: descargando (senado)
18:29:13 INFO   parte_000.html  http://www.secretariasenado.gov.co/senado/basedoc/ley_1101_2006.html (58 KB)
18:29:13 INFO ley_1101_2006: OK · 1 partes · 19 artículos detectados · 25188 caracteres
18:29:13 INFO ley_1117_2006: descargando (senado)
18:29:15 INFO   parte_000.html  http://www.secretariasenado.gov.co/senado/basedoc/ley_1117_2006.html (25 KB)
18:29:15 INFO ley_1117_2006: OK · 1 partes · 4 artículos detectados · 4688 caracteres
18:29:15 INFO ley_1523_2012: descargando (senado)
18:29:16 INFO   parte_000.html  http://www.secretariasenado.gov.co/senado/basedoc/ley_1523_2012.html (121 KB)
18:29:18 INFO   parte_001.html  http://www.secretariasenado.gov.co/senado/basedoc/ley_1523_2012_pr001.html (96 KB)
18:29:19 INFO   parte_002.html  http://www.secretariasenado.gov.co/senado/basedoc/ley_1523_2012_pr002.html (26 KB)
18:29:20 INFO ley_1523_2012: OK · 3 partes · 96 artículos detectados · 126321 caracteres
18:29:20 INFO ley_1957_2019: descargando (senado)
18:29:21 INFO   parte_000.html  http://www.secretariasenado.gov.co/senado/basedoc/ley_1957_2019.html (102 KB)
18:29:22 INFO   parte_001.html  http://www.secretariasenado.gov.co/senado/basedoc/ley_1957_2019_pr001.html (145 KB)
18:29:24 INFO   parte_002.html  http://www.secretariasenado.gov.co/senado/basedoc/ley_1957_2019_pr002.html (116 KB)
18:29:25 INFO   parte_003.html  http://www.secretariasenado.gov.co/senado/basedoc/ley_1957_2019_pr003.html (90 KB)
18:29:26 INFO ley_1957_2019: OK · 4 partes · 161 artículos detectados · 237566 caracteres
18:29:26 INFO ley_2099_2021: descargando (senado)
18:29:27 INFO   parte_000.html  http://www.secretariasenado.gov.co/senado/basedoc/ley_2099_2021.html (109 KB)
18:29:28 INFO   parte_001.html  http://www.secretariasenado.gov.co/senado/basedoc/ley_2099_2021_pr001.html (39 KB)
18:29:29 INFO ley_2099_2021: OK · 2 partes · 81 artículos detectados · 71259 caracteres
18:29:29 INFO ley_190_1995: descargando (senado)
18:29:30 INFO   parte_000.html  http://www.secretariasenado.gov.co/senado/basedoc/ley_0190_1995.html (71 KB)
18:29:31 INFO   parte_001.html  http://www.secretariasenado.gov.co/senado/basedoc/ley_0190_1995_pr001.html (56 KB)
18:29:33 INFO   parte_002.html  http://www.secretariasenado.gov.co/senado/basedoc/ley_0190_1995_pr002.html (27 KB)
18:29:33 INFO ley_190_1995: OK · 3 partes · 100 artículos detectados · 42821 caracteres
18:29:33 INFO ley_141_1994: descargando (senado)
18:29:34 INFO   parte_000.html  http://www.secretariasenado.gov.co/senado/basedoc/ley_0141_1994.html (180 KB)
18:29:36 INFO   parte_001.html  http://www.secretariasenado.gov.co/senado/basedoc/ley_0141_1994_pr001.html (59 KB)
18:29:36 INFO ley_141_1994: OK · 2 partes · 70 artículos detectados · 102607 caracteres
18:29:36 INFO ley_2054_2020: descargando (senado)
18:29:37 INFO   parte_000.html  http://www.secretariasenado.gov.co/senado/basedoc/ley_2054_2020.html (31 KB)
18:29:37 INFO ley_2054_2020: OK · 1 partes · 13 artículos detectados · 8843 caracteres
18:29:37 INFO decreto_578_2007: descargando (senado)
18:29:39 INFO   parte_000.html  http://www.secretariasenado.gov.co/senado/basedoc/decreto_0578_2007.html (23 KB)
18:29:39 INFO decreto_578_2007: OK · 1 partes · 6 artículos detectados · 3037 caracteres
18:29:39 INFO ley_136_1994: descargando (senado)
18:29:40 INFO   parte_000.html  http://www.secretariasenado.gov.co/senado/basedoc/ley_0136_1994.html (132 KB)
18:29:42 INFO   parte_001.html  http://www.secretariasenado.gov.co/senado/basedoc/ley_0136_1994_pr001.html (95 KB)
18:29:43 INFO   parte_002.html  http://www.secretariasenado.gov.co/senado/basedoc/ley_0136_1994_pr002.html (93 KB)
18:29:45 INFO   parte_003.html  http://www.secretariasenado.gov.co/senado/basedoc/ley_0136_1994_pr003.html (88 KB)
18:29:46 INFO   parte_004.html  http://www.secretariasenado.gov.co/senado/basedoc/ley_0136_1994_pr004.html (38 KB)
18:29:47 INFO ley_136_1994: OK · 5 partes · 203 artículos detectados · 186505 caracteres
18:29:47 INFO ley_2541_2025: descargando (senado)
18:29:48 INFO   parte_000.html  http://www.secretariasenado.gov.co/senado/basedoc/ley_2541_2025.html (26 KB)
18:29:48 INFO ley_2541_2025: OK · 1 partes · 7 artículos detectados · 6156 caracteres

Listos: 269 · Con error: 2 · Normas enlazadas aún fuera del corpus: 1264 (ver data/descubiertos.csv)
  ✗ sentencia_c-578_2002: Agotados los reintentos para http://www.corteconstitucional.gov.co/relatoria/2002/C-578-02.htm: RemoteProtocolError: Server disconnected without sending a response.
  ✗ sentencia_c-370_2006-2: Agotados los reintentos para http://www.corteconstitucional.gov.co/relatoria/2006/C-370-06.htm: RemoteProtocolError: Server disconnected without sending a response.
  ⚠ En el manifest pero ya no en las fuentes (bórrenlos de data/raw, data/md y del manifest si no los quieren): ley_1564_2012
== 3/4 reintento de los que fallaron (2 pasadas)
18:29:50 INFO decreto_2591_1991: fuentes_propias.json reemplaza la entrada anterior
18:29:50 INFO ley_1996_2019: fuentes_propias.json reemplaza la entrada anterior
18:29:50 INFO data/enlaces_proximidad.txt: 271 links nuevos
18:29:50 INFO Documentos a procesar: 2
18:29:50 INFO sentencia_c-578_2002: descargando (html)
18:31:06 WARNING Falló http://www.corteconstitucional.gov.co/relatoria/2002/C-578-02.htm (RemoteProtocolError: Server disconnected without sending a response.). Reintento en 1.3 s
18:31:45 WARNING Falló http://www.corteconstitucional.gov.co/relatoria/2002/C-578-02.htm (RemoteProtocolError: Server disconnected without sending a response.). Reintento en 2.5 s
18:32:25 WARNING Falló http://www.corteconstitucional.gov.co/relatoria/2002/C-578-02.htm (RemoteProtocolError: Server disconnected without sending a response.). Reintento en 4.8 s
18:33:08 WARNING Falló http://www.corteconstitucional.gov.co/relatoria/2002/C-578-02.htm (RemoteProtocolError: Server disconnected without sending a response.). Reintento en 8.4 s
18:33:17 INFO sentencia_c-370_2006-2: descargando (html)
18:33:55 WARNING Falló http://www.corteconstitucional.gov.co/relatoria/2006/C-370-06.htm (RemoteProtocolError: Server disconnected without sending a response.). Reintento en 1.3 s
18:34:34 WARNING Falló http://www.corteconstitucional.gov.co/relatoria/2006/C-370-06.htm (RemoteProtocolError: Server disconnected without sending a response.). Reintento en 2.4 s
18:35:14 WARNING Falló http://www.corteconstitucional.gov.co/relatoria/2006/C-370-06.htm (RemoteProtocolError: Server disconnected without sending a response.). Reintento en 4.4 s
18:35:58 WARNING Falló http://www.corteconstitucional.gov.co/relatoria/2006/C-370-06.htm (RemoteProtocolError: Server disconnected without sending a response.). Reintento en 8.7 s

Listos: 0 · Con error: 2 · Normas enlazadas aún fuera del corpus: 1264 (ver data/descubiertos.csv)
  ✗ sentencia_c-578_2002: Agotados los reintentos para http://www.corteconstitucional.gov.co/relatoria/2002/C-578-02.htm: RemoteProtocolError: Server disconnected without sending a response.
  ✗ sentencia_c-370_2006-2: Agotados los reintentos para http://www.corteconstitucional.gov.co/relatoria/2006/C-370-06.htm: RemoteProtocolError: Server disconnected without sending a response.
  ⚠ En el manifest pero ya no en las fuentes (bórrenlos de data/raw, data/md y del manifest si no los quieren): ley_1564_2012
18:36:08 INFO decreto_2591_1991: fuentes_propias.json reemplaza la entrada anterior
18:36:08 INFO ley_1996_2019: fuentes_propias.json reemplaza la entrada anterior
18:36:08 INFO data/enlaces_proximidad.txt: 271 links nuevos
18:36:08 INFO Documentos a procesar: 2
18:36:08 INFO sentencia_c-578_2002: descargando (html)
18:37:24 WARNING Falló http://www.corteconstitucional.gov.co/relatoria/2002/C-578-02.htm (RemoteProtocolError: Server disconnected without sending a response.). Reintento en 1.2 s
18:38:04 WARNING Falló http://www.corteconstitucional.gov.co/relatoria/2002/C-578-02.htm (RemoteProtocolError: Server disconnected without sending a response.). Reintento en 2.9 s
18:38:44 WARNING Falló http://www.corteconstitucional.gov.co/relatoria/2002/C-578-02.htm (RemoteProtocolError: Server disconnected without sending a response.). Reintento en 4.2 s
18:39:27 WARNING Falló http://www.corteconstitucional.gov.co/relatoria/2002/C-578-02.htm (RemoteProtocolError: Server disconnected without sending a response.). Reintento en 8.2 s
18:39:35 INFO sentencia_c-370_2006-2: descargando (html)
18:40:13 WARNING Falló http://www.corteconstitucional.gov.co/relatoria/2006/C-370-06.htm (RemoteProtocolError: Server disconnected without sending a response.). Reintento en 1.2 s
18:40:53 WARNING Falló http://www.corteconstitucional.gov.co/relatoria/2006/C-370-06.htm (RemoteProtocolError: Server disconnected without sending a response.). Reintento en 2.0 s
18:41:33 WARNING Falló http://www.corteconstitucional.gov.co/relatoria/2006/C-370-06.htm (RemoteProtocolError: Server disconnected without sending a response.). Reintento en 4.5 s
18:42:15 WARNING Falló http://www.corteconstitucional.gov.co/relatoria/2006/C-370-06.htm (RemoteProtocolError: Server disconnected without sending a response.). Reintento en 8.3 s

Listos: 0 · Con error: 2 · Normas enlazadas aún fuera del corpus: 1264 (ver data/descubiertos.csv)
  ✗ sentencia_c-578_2002: Agotados los reintentos para http://www.corteconstitucional.gov.co/relatoria/2002/C-578-02.htm: RemoteProtocolError: Server disconnected without sending a response.
  ✗ sentencia_c-370_2006-2: Agotados los reintentos para http://www.corteconstitucional.gov.co/relatoria/2006/C-370-06.htm: RemoteProtocolError: Server disconnected without sending a response.
  ⚠ En el manifest pero ya no en las fuentes (bórrenlos de data/raw, data/md y del manifest si no los quieren): ley_1564_2012
== 4/4 resumen del manifest
documentos: 499 {'ok': 476, 'error': 23}
  sin descargar: acuerdo_02_2015 | acuerdo_02_2015: no hay descarga previa para convertir
  sin descargar: decreto_1082_2015 | decreto_1082_2015: no hay descarga previa para convertir
  sin descargar: decreto_1625_2016 | decreto_1625_2016: no hay descarga previa para convertir
  sin descargar: decreto_2158_1948 | decreto_2158_1948: no hay descarga previa para convertir
  sin descargar: decreto_24_2016 | decreto_24_2016: no hay descarga previa para convertir
  sin descargar: decreto_2737_1989 | decreto_2737_1989: no hay descarga previa para convertir
  sin descargar: decreto_405_2025 | decreto_405_2025: no hay descarga previa para convertir
  sin descargar: decreto_410_1971 | decreto_410_1971: no hay descarga previa para convertir
  sin descargar: decreto_4436_2005 | decreto_4436_2005: no hay descarga previa para convertir
  sin descargar: decreto_46_2024 | decreto_46_2024: no hay descarga previa para convertir
  sin descargar: decreto_663_1993 | decreto_663_1993: no hay descarga previa para convertir
  sin descargar: decreto_780_2016 | decreto_780_2016: no hay descarga previa para convertir
  sin descargar: decreto_875_2008 | decreto_875_2008: no hay descarga previa para convertir
  sin descargar: ley_153_1887 | ley_153_1887: no hay descarga previa para convertir
  sin descargar: ley_155_1959 | ley_155_1959: no hay descarga previa para convertir
  sin descargar: ley_29_1982 | ley_29_1982: no hay descarga previa para convertir
  sin descargar: ley_50_1990 | ley_50_1990: no hay descarga previa para convertir
  sin descargar: ley_54_1990 | ley_54_1990: no hay descarga previa para convertir
  sin descargar: ley_75_1968 | ley_75_1968: no hay descarga previa para convertir
  sin descargar: ley_84_1873 | ley_84_1873: no hay descarga previa para convertir
  sin descargar: sentencia_c-370_2006-2 | Agotados los reintentos para http://www.corteconstitucional.gov.co/relatoria/2006/C-370-06.htm: RemoteProtocolError: Server disconnected without sending a response.
  sin descargar: sentencia_c-578_2002 | Agotados los reintentos para http://www.corteconstitucional.gov.co/relatoria/2002/C-578-02.htm: RemoteProtocolError: Server disconnected without sending a response.
  sin descargar: sentencia_sp_3218_2021 | sentencia_sp_3218_2021: no hay descarga previa para convertir
== fin: [scraper_proximidad] Terminó con errores (ver .err) · 2026-09-30 18:42:25
