Job 745727 en nodei-5 · 2026-09-29 21:16:41
== 1/4 seed -> data/fuentes_seed.json
222 documentos listos en data/fuentes_seed.json (cubren 553 ítems del banco)
0 pendientes en data/fuentes_pendientes.json (cubren 0 ítems)
== 2/4 descarga de todo el corpus (seed + fuentes_propias + enlaces.txt)
21:16:43 INFO decreto_2591_1991: fuentes_propias.json reemplaza la entrada anterior
21:16:43 INFO ley_1996_2019: fuentes_propias.json reemplaza la entrada anterior
21:16:43 INFO http://www.secretariasenado.gov.co/senado/basedoc/ley_0080_1993.html: ya está en las fuentes con metadata explícita, se omite
21:16:43 INFO https://www.corteconstitucional.gov.co/relatoria/2006/C-355-06.htm: ya está en las fuentes con metadata explícita, se omite
21:16:43 INFO https://www.comunidadandina.org/StaticFiles/DocOf/DEC486.pdf: ya está en las fuentes con metadata explícita, se omite
21:16:43 INFO data/enlaces.txt: 0 links nuevos
21:16:43 INFO Documentos a procesar: 227
21:16:43 INFO constitucion: descargando (senado)
21:16:45 INFO   parte_000.html  http://www.secretariasenado.gov.co/senado/basedoc/constitucion_politica_1991.html (82 KB)
21:16:46 INFO   parte_001.html  http://www.secretariasenado.gov.co/senado/basedoc/constitucion_politica_1991_pr001.html (123 KB)
21:16:48 INFO   parte_002.html  http://www.secretariasenado.gov.co/senado/basedoc/constitucion_politica_1991_pr002.html (89 KB)
21:16:49 INFO   parte_003.html  http://www.secretariasenado.gov.co/senado/basedoc/constitucion_politica_1991_pr003.html (96 KB)
21:16:51 INFO   parte_004.html  http://www.secretariasenado.gov.co/senado/basedoc/constitucion_politica_1991_pr004.html (133 KB)
21:16:52 INFO   parte_005.html  http://www.secretariasenado.gov.co/senado/basedoc/constitucion_politica_1991_pr005.html (104 KB)
21:16:54 INFO   parte_006.html  http://www.secretariasenado.gov.co/senado/basedoc/constitucion_politica_1991_pr006.html (95 KB)
21:16:55 INFO   parte_007.html  http://www.secretariasenado.gov.co/senado/basedoc/constitucion_politica_1991_pr007.html (98 KB)
21:16:57 INFO   parte_008.html  http://www.secretariasenado.gov.co/senado/basedoc/constitucion_politica_1991_pr008.html (121 KB)
21:16:58 INFO   parte_009.html  http://www.secretariasenado.gov.co/senado/basedoc/constitucion_politica_1991_pr009.html (108 KB)
21:17:00 INFO   parte_010.html  http://www.secretariasenado.gov.co/senado/basedoc/constitucion_politica_1991_pr010.html (125 KB)
21:17:01 INFO   parte_011.html  http://www.secretariasenado.gov.co/senado/basedoc/constitucion_politica_1991_pr011.html (113 KB)
21:17:03 INFO   parte_012.html  http://www.secretariasenado.gov.co/senado/basedoc/constitucion_politica_1991_pr012.html (96 KB)
21:17:04 INFO   parte_013.html  http://www.secretariasenado.gov.co/senado/basedoc/constitucion_politica_1991_pr013.html (71 KB)
21:17:06 INFO   parte_014.html  http://www.secretariasenado.gov.co/senado/basedoc/constitucion_politica_1991_pr014.html (151 KB)
21:17:07 INFO   parte_015.html  http://www.secretariasenado.gov.co/senado/basedoc/constitucion_politica_1991_pr015.html (100 KB)
21:17:08 INFO constitucion: OK · 16 partes · 384 artículos detectados · 474614 caracteres
21:17:08 INFO codigo_general_proceso: descargando (senado)
21:17:09 INFO   parte_000.html  http://www.secretariasenado.gov.co/senado/basedoc/ley_1564_2012.html (115 KB)
21:17:10 INFO   parte_001.html  http://www.secretariasenado.gov.co/senado/basedoc/ley_1564_2012_pr001.html (107 KB)
21:17:12 INFO   parte_002.html  http://www.secretariasenado.gov.co/senado/basedoc/ley_1564_2012_pr002.html (91 KB)
21:17:13 INFO   parte_003.html  http://www.secretariasenado.gov.co/senado/basedoc/ley_1564_2012_pr003.html (107 KB)
21:17:15 INFO   parte_004.html  http://www.secretariasenado.gov.co/senado/basedoc/ley_1564_2012_pr004.html (91 KB)
21:17:16 INFO   parte_005.html  http://www.secretariasenado.gov.co/senado/basedoc/ley_1564_2012_pr005.html (93 KB)
21:17:18 INFO   parte_006.html  http://www.secretariasenado.gov.co/senado/basedoc/ley_1564_2012_pr006.html (86 KB)
21:17:19 INFO   parte_007.html  http://www.secretariasenado.gov.co/senado/basedoc/ley_1564_2012_pr007.html (96 KB)
21:17:21 INFO   parte_008.html  http://www.secretariasenado.gov.co/senado/basedoc/ley_1564_2012_pr008.html (82 KB)
21:17:22 INFO   parte_009.html  http://www.secretariasenado.gov.co/senado/basedoc/ley_1564_2012_pr009.html (93 KB)
21:17:24 INFO   parte_010.html  http://www.secretariasenado.gov.co/senado/basedoc/ley_1564_2012_pr010.html (103 KB)
21:17:25 INFO   parte_011.html  http://www.secretariasenado.gov.co/senado/basedoc/ley_1564_2012_pr011.html (100 KB)
21:17:27 INFO   parte_012.html  http://www.secretariasenado.gov.co/senado/basedoc/ley_1564_2012_pr012.html (89 KB)
21:17:28 INFO   parte_013.html  http://www.secretariasenado.gov.co/senado/basedoc/ley_1564_2012_pr013.html (142 KB)
21:17:30 INFO   parte_014.html  http://www.secretariasenado.gov.co/senado/basedoc/ley_1564_2012_pr014.html (98 KB)
21:17:31 INFO   parte_015.html  http://www.secretariasenado.gov.co/senado/basedoc/ley_1564_2012_pr015.html (110 KB)
21:17:33 INFO   parte_016.html  http://www.secretariasenado.gov.co/senado/basedoc/ley_1564_2012_pr016.html (113 KB)
21:17:34 INFO   parte_017.html  http://www.secretariasenado.gov.co/senado/basedoc/ley_1564_2012_pr017.html (104 KB)
21:17:36 INFO   parte_018.html  http://www.secretariasenado.gov.co/senado/basedoc/ley_1564_2012_pr018.html (130 KB)
21:17:37 INFO   parte_019.html  http://www.secretariasenado.gov.co/senado/basedoc/ley_1564_2012_pr019.html (180 KB)
21:17:39 INFO   parte_020.html  http://www.secretariasenado.gov.co/senado/basedoc/ley_1564_2012_pr020.html (126 KB)
21:17:40 INFO   parte_021.html  http://www.secretariasenado.gov.co/senado/basedoc/ley_1564_2012_pr021.html (115 KB)
21:17:42 INFO codigo_general_proceso: OK · 22 partes · 629 artículos detectados · 810328 caracteres
21:17:42 INFO codigo_sustantivo_trabajo: descargando (senado)
21:17:42 INFO   parte_000.html  http://www.secretariasenado.gov.co/senado/basedoc/codigo_sustantivo_trabajo.html (71 KB)
21:17:43 INFO   parte_001.html  http://www.secretariasenado.gov.co/senado/basedoc/codigo_sustantivo_trabajo_pr001.html (129 KB)
21:17:45 INFO   parte_002.html  http://www.secretariasenado.gov.co/senado/basedoc/codigo_sustantivo_trabajo_pr002.html (83 KB)
21:17:46 INFO   parte_003.html  http://www.secretariasenado.gov.co/senado/basedoc/codigo_sustantivo_trabajo_pr003.html (82 KB)
21:17:48 INFO   parte_004.html  http://www.secretariasenado.gov.co/senado/basedoc/codigo_sustantivo_trabajo_pr004.html (81 KB)
21:17:49 INFO   parte_005.html  http://www.secretariasenado.gov.co/senado/basedoc/codigo_sustantivo_trabajo_pr005.html (84 KB)
21:17:51 INFO   parte_006.html  http://www.secretariasenado.gov.co/senado/basedoc/codigo_sustantivo_trabajo_pr006.html (83 KB)
21:17:52 INFO   parte_007.html  http://www.secretariasenado.gov.co/senado/basedoc/codigo_sustantivo_trabajo_pr007.html (97 KB)
21:17:54 INFO   parte_008.html  http://www.secretariasenado.gov.co/senado/basedoc/codigo_sustantivo_trabajo_pr008.html (94 KB)
21:17:55 INFO   parte_009.html  http://www.secretariasenado.gov.co/senado/basedoc/codigo_sustantivo_trabajo_pr009.html (83 KB)
21:17:57 INFO   parte_010.html  http://www.secretariasenado.gov.co/senado/basedoc/codigo_sustantivo_trabajo_pr010.html (77 KB)
21:17:58 INFO   parte_011.html  http://www.secretariasenado.gov.co/senado/basedoc/codigo_sustantivo_trabajo_pr011.html (70 KB)
21:18:00 INFO   parte_012.html  http://www.secretariasenado.gov.co/senado/basedoc/codigo_sustantivo_trabajo_pr012.html (103 KB)
21:18:01 INFO   parte_013.html  http://www.secretariasenado.gov.co/senado/basedoc/codigo_sustantivo_trabajo_pr013.html (87 KB)
21:18:03 INFO   parte_014.html  http://www.secretariasenado.gov.co/senado/basedoc/codigo_sustantivo_trabajo_pr014.html (79 KB)
21:18:04 INFO   parte_015.html  http://www.secretariasenado.gov.co/senado/basedoc/codigo_sustantivo_trabajo_pr015.html (88 KB)
21:18:06 INFO   parte_016.html  http://www.secretariasenado.gov.co/senado/basedoc/codigo_sustantivo_trabajo_pr016.html (73 KB)
21:18:07 INFO codigo_sustantivo_trabajo: OK · 17 partes · 484 artículos detectados · 345567 caracteres
21:18:07 INFO estatuto_tributario: descargando (senado)
21:18:07 INFO   parte_000.html  http://www.secretariasenado.gov.co/senado/basedoc/estatuto_tributario.html (160 KB)
21:18:09 INFO   parte_001.html  http://www.secretariasenado.gov.co/senado/basedoc/estatuto_tributario_pr001.html (165 KB)
21:18:10 INFO   parte_002.html  http://www.secretariasenado.gov.co/senado/basedoc/estatuto_tributario_pr002.html (163 KB)
21:18:12 INFO   parte_003.html  http://www.secretariasenado.gov.co/senado/basedoc/estatuto_tributario_pr003.html (139 KB)
21:18:13 INFO   parte_004.html  http://www.secretariasenado.gov.co/senado/basedoc/estatuto_tributario_pr004.html (149 KB)
21:18:15 INFO   parte_005.html  http://www.secretariasenado.gov.co/senado/basedoc/estatuto_tributario_pr005.html (171 KB)
21:18:16 INFO   parte_006.html  http://www.secretariasenado.gov.co/senado/basedoc/estatuto_tributario_pr006.html (138 KB)
21:18:18 INFO   parte_007.html  http://www.secretariasenado.gov.co/senado/basedoc/estatuto_tributario_pr007.html (113 KB)
21:18:19 INFO   parte_008.html  http://www.secretariasenado.gov.co/senado/basedoc/estatuto_tributario_pr008.html (141 KB)
21:18:21 INFO   parte_009.html  http://www.secretariasenado.gov.co/senado/basedoc/estatuto_tributario_pr009.html (115 KB)
21:18:22 INFO   parte_010.html  http://www.secretariasenado.gov.co/senado/basedoc/estatuto_tributario_pr010.html (283 KB)
21:18:24 INFO   parte_011.html  http://www.secretariasenado.gov.co/senado/basedoc/estatuto_tributario_pr011.html (137 KB)
21:18:25 INFO   parte_012.html  http://www.secretariasenado.gov.co/senado/basedoc/estatuto_tributario_pr012.html (163 KB)
21:18:27 INFO   parte_013.html  http://www.secretariasenado.gov.co/senado/basedoc/estatuto_tributario_pr013.html (128 KB)
21:18:28 INFO   parte_014.html  http://www.secretariasenado.gov.co/senado/basedoc/estatuto_tributario_pr014.html (186 KB)
21:18:30 INFO   parte_015.html  http://www.secretariasenado.gov.co/senado/basedoc/estatuto_tributario_pr015.html (150 KB)
21:18:31 INFO   parte_016.html  http://www.secretariasenado.gov.co/senado/basedoc/estatuto_tributario_pr016.html (123 KB)
21:18:33 INFO   parte_017.html  http://www.secretariasenado.gov.co/senado/basedoc/estatuto_tributario_pr017.html (211 KB)
21:18:34 INFO   parte_018.html  http://www.secretariasenado.gov.co/senado/basedoc/estatuto_tributario_pr018.html (125 KB)
21:18:36 INFO   parte_019.html  http://www.secretariasenado.gov.co/senado/basedoc/estatuto_tributario_pr019.html (200 KB)
21:18:37 INFO   parte_020.html  http://www.secretariasenado.gov.co/senado/basedoc/estatuto_tributario_pr020.html (137 KB)
21:18:39 INFO   parte_021.html  http://www.secretariasenado.gov.co/senado/basedoc/estatuto_tributario_pr021.html (188 KB)
21:18:40 INFO   parte_022.html  http://www.secretariasenado.gov.co/senado/basedoc/estatuto_tributario_pr022.html (122 KB)
21:18:42 INFO   parte_023.html  http://www.secretariasenado.gov.co/senado/basedoc/estatuto_tributario_pr023.html (146 KB)
21:18:43 INFO   parte_024.html  http://www.secretariasenado.gov.co/senado/basedoc/estatuto_tributario_pr024.html (159 KB)
21:18:45 INFO   parte_025.html  http://www.secretariasenado.gov.co/senado/basedoc/estatuto_tributario_pr025.html (165 KB)
21:18:46 INFO   parte_026.html  http://www.secretariasenado.gov.co/senado/basedoc/estatuto_tributario_pr026.html (184 KB)
21:18:48 INFO   parte_027.html  http://www.secretariasenado.gov.co/senado/basedoc/estatuto_tributario_pr027.html (160 KB)
21:18:49 INFO   parte_028.html  http://www.secretariasenado.gov.co/senado/basedoc/estatuto_tributario_pr028.html (144 KB)
21:18:51 INFO   parte_029.html  http://www.secretariasenado.gov.co/senado/basedoc/estatuto_tributario_pr029.html (128 KB)
21:18:52 INFO   parte_030.html  http://www.secretariasenado.gov.co/senado/basedoc/estatuto_tributario_pr030.html (109 KB)
21:18:54 INFO   parte_031.html  http://www.secretariasenado.gov.co/senado/basedoc/estatuto_tributario_pr031.html (150 KB)
21:18:55 INFO   parte_032.html  http://www.secretariasenado.gov.co/senado/basedoc/estatuto_tributario_pr032.html (141 KB)
21:18:57 INFO   parte_033.html  http://www.secretariasenado.gov.co/senado/basedoc/estatuto_tributario_pr033.html (133 KB)
21:18:58 INFO   parte_034.html  http://www.secretariasenado.gov.co/senado/basedoc/estatuto_tributario_pr034.html (137 KB)
21:19:00 INFO   parte_035.html  http://www.secretariasenado.gov.co/senado/basedoc/estatuto_tributario_pr035.html (297 KB)
21:19:01 INFO   parte_036.html  http://www.secretariasenado.gov.co/senado/basedoc/estatuto_tributario_pr036.html (201 KB)
21:19:05 INFO estatuto_tributario: OK · 37 partes · 1168 artículos detectados · 1623916 caracteres
21:19:05 INFO decision_andina_486: usando descarga en caché (1 partes)
21:19:06 INFO decision_andina_486: OK · 1 partes · 281 artículos detectados · 168530 caracteres
21:19:06 INFO estatuto_consumidor: descargando (senado)
21:19:06 INFO   parte_000.html  http://www.secretariasenado.gov.co/senado/basedoc/ley_1480_2011.html (78 KB)
21:19:07 INFO   parte_001.html  http://www.secretariasenado.gov.co/senado/basedoc/ley_1480_2011_pr001.html (121 KB)
21:19:09 INFO   parte_002.html  http://www.secretariasenado.gov.co/senado/basedoc/ley_1480_2011_pr002.html (39 KB)
21:19:09 INFO estatuto_consumidor: OK · 3 partes · 84 artículos detectados · 122536 caracteres
21:19:09 INFO ley_80_1993: usando descarga en caché (2 partes)
21:19:09 INFO ley_80_1993: OK · 2 partes · 84 artículos detectados · 121379 caracteres
21:19:09 INFO ley_2220_2022: descargando (senado)
21:19:10 INFO   parte_000.html  http://www.secretariasenado.gov.co/senado/basedoc/ley_2220_2022.html (100 KB)
21:19:12 INFO   parte_001.html  http://www.secretariasenado.gov.co/senado/basedoc/ley_2220_2022_pr001.html (84 KB)
21:19:13 INFO   parte_002.html  http://www.secretariasenado.gov.co/senado/basedoc/ley_2220_2022_pr002.html (102 KB)
21:19:15 INFO   parte_003.html  http://www.secretariasenado.gov.co/senado/basedoc/ley_2220_2022_pr003.html (51 KB)
21:19:15 INFO ley_2220_2022: OK · 4 partes · 153 artículos detectados · 166578 caracteres
21:19:15 INFO decreto_2153_1992: descargando (senado)
21:19:16 INFO   parte_000.html  http://www.secretariasenado.gov.co/senado/basedoc/decreto_2153_1992.html (97 KB)
21:19:18 INFO   parte_001.html  http://www.secretariasenado.gov.co/senado/basedoc/decreto_2153_1992_pr001.html (40 KB)
21:19:18 INFO decreto_2153_1992: OK · 2 partes · 59 artículos detectados · 65987 caracteres
21:19:18 INFO sentencia_c-355_2006: usando descarga en caché (1 partes)
21:19:21 INFO sentencia_c-355_2006: OK · 1 partes · 94 artículos detectados · 1752476 caracteres
21:19:21 INFO ley_1116_2006: descargando (senado)
21:19:21 INFO   parte_000.html  http://www.secretariasenado.gov.co/senado/basedoc/ley_1116_2006.html (112 KB)
21:19:23 INFO   parte_001.html  http://www.secretariasenado.gov.co/senado/basedoc/ley_1116_2006_pr001.html (114 KB)
21:19:24 INFO   parte_002.html  http://www.secretariasenado.gov.co/senado/basedoc/ley_1116_2006_pr002.html (73 KB)
21:19:24 INFO ley_1116_2006: OK · 3 partes · 124 artículos detectados · 166319 caracteres
21:19:24 INFO ley_1581_2012: descargando (senado)
21:19:26 INFO   parte_000.html  http://www.secretariasenado.gov.co/senado/basedoc/ley_1581_2012.html (1116 KB)
21:19:28 INFO ley_1581_2012: OK · 1 partes · 32 artículos detectados · 827331 caracteres
21:19:28 INFO codigo_infancia: descargando (senado)
21:19:28 INFO   parte_000.html  http://www.secretariasenado.gov.co/senado/basedoc/ley_1098_2006.html (101 KB)
21:19:29 INFO   parte_001.html  http://www.secretariasenado.gov.co/senado/basedoc/ley_1098_2006_pr001.html (114 KB)
21:19:31 INFO   parte_002.html  http://www.secretariasenado.gov.co/senado/basedoc/ley_1098_2006_pr002.html (118 KB)
21:19:32 INFO   parte_003.html  http://www.secretariasenado.gov.co/senado/basedoc/ley_1098_2006_pr003.html (93 KB)
21:19:34 INFO   parte_004.html  http://www.secretariasenado.gov.co/senado/basedoc/ley_1098_2006_pr004.html (72 KB)
21:19:34 INFO codigo_infancia: OK · 5 partes · 216 artículos detectados · 226374 caracteres
21:19:34 INFO sentencia_c-207_2019: descargando (html)
21:19:36 INFO   parte_000.html  https://www.corteconstitucional.gov.co/relatoria/2019/C-207-19.htm (779 KB)
21:19:37 INFO sentencia_c-207_2019: OK · 1 partes · 46 artículos detectados · 471593 caracteres
21:19:37 INFO sentencia_sl_3385_2022: descargando (pdf)
21:19:39 INFO   parte_000.pdf  https://cortesuprema.gov.co/corte/wp-content/uploads/relatorias/la/bnov2022/SL3385-2022.pdf (397 KB)
21:19:39 INFO sentencia_sl_3385_2022: OK · 1 partes · 1 artículos detectados · 28800 caracteres
21:19:39 INFO sentencia_t-323_2024: descargando (html)
21:19:40 INFO   parte_000.html  https://www.corteconstitucional.gov.co/relatoria/2024/T-323-24.htm (1351 KB)
21:19:41 INFO sentencia_t-323_2024: OK · 1 partes · 11 artículos detectados · 443418 caracteres
21:19:41 INFO ley_1258_2008: descargando (senado)
21:19:42 INFO   parte_000.html  http://www.secretariasenado.gov.co/senado/basedoc/ley_1258_2008.html (66 KB)
21:19:43 INFO   parte_001.html  http://www.secretariasenado.gov.co/senado/basedoc/ley_1258_2008_pr001.html (23 KB)
21:19:43 INFO ley_1258_2008: OK · 2 partes · 46 artículos detectados · 31092 caracteres
21:19:43 INFO sentencia_c-394_2017: descargando (html)
21:19:44 INFO   parte_000.html  https://www.corteconstitucional.gov.co/relatoria/2017/C-394-17.htm (519 KB)
21:19:44 INFO sentencia_c-394_2017: OK · 1 partes · 29 artículos detectados · 308785 caracteres
21:19:44 INFO sentencia_c-55_2022: descargando (html)
21:19:50 INFO   parte_000.html  https://www.corteconstitucional.gov.co/relatoria/2022/C-055-22.htm (4702 KB)
21:19:56 INFO sentencia_c-55_2022: OK · 1 partes · 56 artículos detectados · 1548591 caracteres
21:19:56 INFO sentencia_su-315_2025: descargando (html)
21:19:58 INFO   parte_000.html  https://www.corteconstitucional.gov.co/relatoria/2025/SU315-25.htm (847 KB)
21:19:59 INFO sentencia_su-315_2025: OK · 1 partes · 8 artículos detectados · 277506 caracteres
21:19:59 INFO sentencia_t-243_2018: descargando (html)
21:20:00 INFO   parte_000.html  https://www.corteconstitucional.gov.co/relatoria/2018/T-243-18.htm (241 KB)
21:20:00 INFO sentencia_t-243_2018: OK · 1 partes · 5 artículos detectados · 114486 caracteres
21:20:00 INFO sentencia_t-760_2008: descargando (html)
21:20:05 INFO   parte_000.html  https://www.corteconstitucional.gov.co/relatoria/2008/T-760-08.htm (2050 KB)
21:20:07 INFO sentencia_t-760_2008: OK · 1 partes · 42 artículos detectados · 1408986 caracteres
21:20:07 INFO ley_1010_2006: descargando (senado)
21:20:07 INFO   parte_000.html  http://www.secretariasenado.gov.co/senado/basedoc/ley_1010_2006.html (54 KB)
21:20:07 INFO ley_1010_2006: OK · 1 partes · 19 artículos detectados · 24524 caracteres
21:20:07 INFO ley_1150_2007: descargando (senado)
21:20:08 INFO   parte_000.html  http://www.secretariasenado.gov.co/senado/basedoc/ley_1150_2007.html (129 KB)
21:20:09 INFO ley_1150_2007: OK · 1 partes · 32 artículos detectados · 69724 caracteres
21:20:09 INFO ley_1340_2009: descargando (senado)
21:20:10 INFO   parte_000.html  http://www.secretariasenado.gov.co/senado/basedoc/ley_1340_2009.html (78 KB)
21:20:10 INFO ley_1340_2009: OK · 1 partes · 34 artículos detectados · 38257 caracteres
21:20:10 INFO ley_153_1887: descargando (senado)
21:20:12 ERROR ley_153_1887: HTTP 404 en http://www.secretariasenado.gov.co/senado/basedoc/ley_0153_1887.html
21:20:12 INFO ley_2437_2024: descargando (senado)
21:20:13 INFO   parte_000.html  http://www.secretariasenado.gov.co/senado/basedoc/ley_2437_2024.html (83 KB)
21:20:13 INFO ley_2437_2024: OK · 1 partes · 21 artículos detectados · 50727 caracteres
21:20:13 INFO ley_54_1990: descargando (senado)
21:20:15 ERROR ley_54_1990: HTTP 404 en http://www.secretariasenado.gov.co/senado/basedoc/ley_0054_1990.html
21:20:15 INFO ley_979_2005: descargando (senado)
21:20:16 INFO   parte_000.html  http://www.secretariasenado.gov.co/senado/basedoc/ley_0979_2005.html (24 KB)
21:20:16 INFO ley_979_2005: OK · 1 partes · 9 artículos detectados · 4126 caracteres
21:20:16 INFO ley_1563_2012: descargando (senado)
21:20:18 INFO   parte_000.html  http://www.secretariasenado.gov.co/senado/basedoc/ley_1563_2012.html (89 KB)
21:20:19 INFO   parte_001.html  http://www.secretariasenado.gov.co/senado/basedoc/ley_1563_2012_pr001.html (74 KB)
21:20:20 INFO   parte_002.html  http://www.secretariasenado.gov.co/senado/basedoc/ley_1563_2012_pr002.html (67 KB)
21:20:21 INFO ley_1563_2012: OK · 3 partes · 119 artículos detectados · 110113 caracteres
21:20:21 INFO sentencia_c-117_2018: descargando (html)
21:20:22 INFO   parte_000.html  https://www.corteconstitucional.gov.co/relatoria/2018/C-117-18.htm (723 KB)
21:20:23 INFO sentencia_c-117_2018: OK · 1 partes · 14 artículos detectados · 299967 caracteres
21:20:23 INFO sentencia_c-127_2011: descargando (html)
21:20:23 INFO   parte_000.html  https://www.corteconstitucional.gov.co/relatoria/2011/C-127-11.htm (199 KB)
21:20:23 INFO sentencia_c-127_2011: OK · 1 partes · 6 artículos detectados · 108237 caracteres
21:20:23 INFO sentencia_c-134_2019: descargando (html)
21:20:24 INFO   parte_000.html  https://www.corteconstitucional.gov.co/relatoria/2019/C-134-19.htm (149 KB)
21:20:24 INFO sentencia_c-134_2019: OK · 1 partes · 8 artículos detectados · 63322 caracteres
21:20:24 INFO sentencia_c-15_2018: descargando (html)
21:20:26 INFO   parte_000.html  https://www.corteconstitucional.gov.co/relatoria/2018/C-015-18.htm (411 KB)
21:20:27 INFO sentencia_c-15_2018: OK · 1 partes · 14 artículos detectados · 223968 caracteres
21:20:27 INFO sentencia_c-164_2022: descargando (html)
21:20:28 INFO   parte_000.html  https://www.corteconstitucional.gov.co/relatoria/2022/C-164-22.htm (607 KB)
21:20:29 INFO sentencia_c-164_2022: OK · 1 partes · 7 artículos detectados · 248085 caracteres
21:20:29 INFO sentencia_c-259_2015: descargando (html)
21:20:30 INFO   parte_000.html  https://www.corteconstitucional.gov.co/relatoria/2015/C-259-15.htm (441 KB)
21:20:30 INFO sentencia_c-259_2015: OK · 1 partes · 25 artículos detectados · 195350 caracteres
21:20:30 INFO sentencia_c-35_2009: descargando (html)
21:20:31 INFO   parte_000.html  https://www.corteconstitucional.gov.co/relatoria/2009/c-035-09.htm (215 KB)
21:20:31 INFO sentencia_c-35_2009: OK · 1 partes · 12 artículos detectados · 119445 caracteres
21:20:31 INFO sentencia_c-431_2001: descargando (html)
21:20:32 INFO   parte_000.html  https://www.corteconstitucional.gov.co/relatoria/2001/C-431-01.htm (43 KB)
21:20:32 INFO sentencia_c-431_2001: OK · 1 partes · 1 artículos detectados · 13124 caracteres
21:20:32 INFO sentencia_c-500_2024: descargando (html)
21:20:34 INFO   parte_000.html  https://www.corteconstitucional.gov.co/relatoria/2024/C-500-24.htm (354 KB)
21:20:34 INFO sentencia_c-500_2024: OK · 1 partes · 7 artículos detectados · 153211 caracteres
21:20:34 INFO sentencia_c-507_2004: descargando (html)
21:20:36 INFO   parte_000.html  https://www.corteconstitucional.gov.co/relatoria/2004/C-507-04.htm (713 KB)
21:20:37 INFO sentencia_c-507_2004: OK · 1 partes · 27 artículos detectados · 401934 caracteres
21:20:37 INFO sentencia_c-540_2023: descargando (html)
21:20:39 INFO   parte_000.html  https://www.corteconstitucional.gov.co/relatoria/2023/C-540-23.htm (480 KB)
21:20:40 INFO sentencia_c-540_2023: OK · 1 partes · 6 artículos detectados · 164822 caracteres
21:20:40 INFO sentencia_c-582_1999: descargando (html)
21:20:40 INFO   parte_000.html  https://www.corteconstitucional.gov.co/relatoria/1999/C-582-99.htm (90 KB)
21:20:40 INFO sentencia_c-582_1999: OK · 1 partes · 3 artículos detectados · 35051 caracteres
21:20:40 INFO sentencia_c-746_2011: descargando (html)
21:20:42 INFO   parte_000.html  https://www.corteconstitucional.gov.co/relatoria/2011/C-746-11.htm (108 KB)
21:20:42 INFO sentencia_c-746_2011: OK · 1 partes · 2 artículos detectados · 46425 caracteres
21:20:42 INFO sentencia_c-748_2011: descargando (html)
21:20:46 INFO   parte_000.html  https://www.corteconstitucional.gov.co/relatoria/2011/C-748-11.htm (1858 KB)
21:20:48 INFO sentencia_c-748_2011: OK · 1 partes · 66 artículos detectados · 870311 caracteres
21:20:48 INFO sentencia_c-94_2021: descargando (html)
21:20:50 INFO   parte_000.html  https://www.corteconstitucional.gov.co/relatoria/2021/C-094-21.htm (655 KB)
21:20:51 INFO sentencia_c-94_2021: OK · 1 partes · 24 artículos detectados · 200712 caracteres
21:20:51 INFO sentencia_c-96_2024: descargando (html)
21:20:53 INFO   parte_000.html  https://www.corteconstitucional.gov.co/relatoria/2024/C-096-24.htm (655 KB)
21:20:53 INFO sentencia_c-96_2024: OK · 1 partes · 9 artículos detectados · 263090 caracteres
21:20:53 INFO sentencia_sl_648_2018: descargando (pdf)
21:20:54 INFO   parte_000.pdf  https://cortesuprema.gov.co/corte/wp-content/uploads/2018/03/SL648-2018-55122-Acoso-sexual-en-el-trabajo.pdf (1531 KB)
21:20:54 WARNING parte_000.pdf parece escaneado y no está instalado ocrmypdf
21:20:54 INFO sentencia_sl_648_2018: OK · 1 partes · 0 artículos detectados · 1190 caracteres
21:20:54 INFO sentencia_sp_1680_2022: descargando (pdf)
21:20:55 INFO   parte_000.pdf  https://cortesuprema.gov.co/corte/wp-content/uploads/relatorias/pe/b1may2022/SP1680-2022(60875).pdf (429 KB)
21:20:55 INFO sentencia_sp_1680_2022: OK · 1 partes · 0 artículos detectados · 57444 caracteres
21:20:55 INFO sentencia_sp_1945_2019: descargando (pdf)
21:20:57 INFO   parte_000.pdf  https://www.cortesuprema.gov.co/corte/wp-content/uploads/relatorias/pe/b1ago2019/SP1945-2019(50523).PDF (276 KB)
21:20:57 WARNING parte_000.pdf parece escaneado y no está instalado ocrmypdf
21:20:57 INFO sentencia_sp_1945_2019: OK · 1 partes · 0 artículos detectados · 645 caracteres
21:20:57 INFO sentencia_su-111_2025: descargando (html)
21:20:58 INFO   parte_000.html  https://www.corteconstitucional.gov.co/relatoria/2025/SU111-25.htm (740 KB)
21:20:59 INFO sentencia_su-111_2025: OK · 1 partes · 10 artículos detectados · 288127 caracteres
21:20:59 INFO sentencia_su-214_2016: descargando (html)
21:21:03 INFO   parte_000.html  https://www.corteconstitucional.gov.co/relatoria/2016/SU214-16.htm (2497 KB)
21:21:05 INFO sentencia_su-214_2016: OK · 1 partes · 46 artículos detectados · 909374 caracteres
21:21:05 INFO sentencia_t-547_2017: descargando (html)
21:21:05 INFO   parte_000.html  https://www.corteconstitucional.gov.co/relatoria/2017/T-547-17.htm (283 KB)
21:21:05 INFO sentencia_t-547_2017: OK · 1 partes · 2 artículos detectados · 124099 caracteres
21:21:05 INFO ley_1095_2006: descargando (senado)
21:21:06 INFO   parte_000.html  http://www.secretariasenado.gov.co/senado/basedoc/ley_1095_2006.html (31 KB)
21:21:06 INFO ley_1095_2006: OK · 1 partes · 10 artículos detectados · 7909 caracteres
21:21:06 INFO ley_2141_2021: descargando (senado)
21:21:07 INFO   parte_000.html  http://www.secretariasenado.gov.co/senado/basedoc/ley_2141_2021.html (23 KB)
21:21:07 INFO ley_2141_2021: OK · 1 partes · 4 artículos detectados · 4424 caracteres
21:21:07 INFO ley_2452_2025: descargando (senado)
21:21:08 INFO   parte_000.html  http://www.secretariasenado.gov.co/senado/basedoc/ley_2452_2025.html (105 KB)
21:21:10 INFO   parte_001.html  http://www.secretariasenado.gov.co/senado/basedoc/ley_2452_2025_pr001.html (101 KB)
21:21:11 INFO   parte_002.html  http://www.secretariasenado.gov.co/senado/basedoc/ley_2452_2025_pr002.html (97 KB)
21:21:13 INFO   parte_003.html  http://www.secretariasenado.gov.co/senado/basedoc/ley_2452_2025_pr003.html (89 KB)
21:21:14 INFO   parte_004.html  http://www.secretariasenado.gov.co/senado/basedoc/ley_2452_2025_pr004.html (88 KB)
21:21:16 INFO   parte_005.html  http://www.secretariasenado.gov.co/senado/basedoc/ley_2452_2025_pr005.html (102 KB)
21:21:17 INFO   parte_006.html  http://www.secretariasenado.gov.co/senado/basedoc/ley_2452_2025_pr006.html (95 KB)
21:21:19 INFO   parte_007.html  http://www.secretariasenado.gov.co/senado/basedoc/ley_2452_2025_pr007.html (100 KB)
21:21:20 INFO   parte_008.html  http://www.secretariasenado.gov.co/senado/basedoc/ley_2452_2025_pr008.html (69 KB)
21:21:21 INFO ley_2452_2025: OK · 9 partes · 331 artículos detectados · 364606 caracteres
21:21:21 INFO ley_2466_2025: descargando (senado)
21:21:22 INFO   parte_000.html  http://www.secretariasenado.gov.co/senado/basedoc/ley_2466_2025.html (163 KB)
21:21:22 INFO ley_2466_2025: OK · 1 partes · 25 artículos detectados · 112635 caracteres
21:21:22 INFO ley_256_1996: descargando (senado)
21:21:23 INFO   parte_000.html  http://www.secretariasenado.gov.co/senado/basedoc/ley_0256_1996.html (50 KB)
21:21:23 INFO ley_256_1996: OK · 1 partes · 33 artículos detectados · 16802 caracteres
21:21:23 INFO ley_50_1990: descargando (senado)
21:21:25 ERROR ley_50_1990: HTTP 404 en http://www.secretariasenado.gov.co/senado/basedoc/ley_0050_1990.html
21:21:25 INFO acuerdo_02_2015: descargando (html)
21:21:27 WARNING Falló https://www.suin-juriscol.gov.co/viewDocument.asp?ruta=Acuerdo/30034638 (ConnectError: [SSL: CERTIFICATE_VERIFY_FAILED] certificate verify failed: unable to get local issuer certificate (_ssl.c:1010)). Reintento en 1.9 s
21:21:29 WARNING Falló https://www.suin-juriscol.gov.co/viewDocument.asp?ruta=Acuerdo/30034638 (ConnectError: [SSL: CERTIFICATE_VERIFY_FAILED] certificate verify failed: unable to get local issuer certificate (_ssl.c:1010)). Reintento en 2.8 s
21:21:32 WARNING Falló https://www.suin-juriscol.gov.co/viewDocument.asp?ruta=Acuerdo/30034638 (ConnectError: [SSL: CERTIFICATE_VERIFY_FAILED] certificate verify failed: unable to get local issuer certificate (_ssl.c:1010)). Reintento en 4.9 s
21:21:37 WARNING Falló https://www.suin-juriscol.gov.co/viewDocument.asp?ruta=Acuerdo/30034638 (ConnectError: [SSL: CERTIFICATE_VERIFY_FAILED] certificate verify failed: unable to get local issuer certificate (_ssl.c:1010)). Reintento en 8.8 s
21:21:46 ERROR acuerdo_02_2015: Agotados los reintentos para https://www.suin-juriscol.gov.co/viewDocument.asp?ruta=Acuerdo/30034638: ConnectError: [SSL: CERTIFICATE_VERIFY_FAILED] certificate verify failed: unable to get local issuer certificate (_ssl.c:1010)
21:21:46 INFO codigo_disciplinario: descargando (senado)
21:21:46 INFO   parte_000.html  http://www.secretariasenado.gov.co/senado/basedoc/ley_1952_2019.html (85 KB)
21:21:48 INFO   parte_001.html  http://www.secretariasenado.gov.co/senado/basedoc/ley_1952_2019_pr001.html (115 KB)
21:21:49 INFO   parte_002.html  http://www.secretariasenado.gov.co/senado/basedoc/ley_1952_2019_pr002.html (87 KB)
21:21:51 INFO   parte_003.html  http://www.secretariasenado.gov.co/senado/basedoc/ley_1952_2019_pr003.html (85 KB)
21:21:52 INFO   parte_004.html  http://www.secretariasenado.gov.co/senado/basedoc/ley_1952_2019_pr004.html (74 KB)
21:21:54 INFO   parte_005.html  http://www.secretariasenado.gov.co/senado/basedoc/ley_1952_2019_pr005.html (118 KB)
21:21:55 INFO   parte_006.html  http://www.secretariasenado.gov.co/senado/basedoc/ley_1952_2019_pr006.html (57 KB)
21:21:56 INFO codigo_disciplinario: OK · 7 partes · 281 artículos detectados · 233191 caracteres
21:21:56 INFO codigo_nacional_policia: descargando (senado)
21:21:57 INFO   parte_000.html  http://www.secretariasenado.gov.co/senado/basedoc/ley_1801_2016.html (121 KB)
21:21:58 INFO   parte_001.html  http://www.secretariasenado.gov.co/senado/basedoc/ley_1801_2016_pr001.html (154 KB)
21:22:00 INFO   parte_002.html  http://www.secretariasenado.gov.co/senado/basedoc/ley_1801_2016_pr002.html (173 KB)
21:22:01 INFO   parte_003.html  http://www.secretariasenado.gov.co/senado/basedoc/ley_1801_2016_pr003.html (149 KB)
21:22:03 INFO   parte_004.html  http://www.secretariasenado.gov.co/senado/basedoc/ley_1801_2016_pr004.html (117 KB)
21:22:04 INFO   parte_005.html  http://www.secretariasenado.gov.co/senado/basedoc/ley_1801_2016_pr005.html (70 KB)
21:22:05 INFO codigo_nacional_policia: OK · 6 partes · 230 artículos detectados · 366362 caracteres
21:22:05 INFO decreto_46_2024: descargando (senado)
21:22:06 ERROR decreto_46_2024: HTTP 404 en http://www.secretariasenado.gov.co/senado/basedoc/decreto_0046_2024.html
21:22:06 INFO decreto_1082_2015: descargando (senado)
21:22:08 ERROR decreto_1082_2015: HTTP 404 en http://www.secretariasenado.gov.co/senado/basedoc/decreto_1082_2015.html
21:22:08 INFO decreto_1742_2020: descargando (senado)
21:22:09 INFO   parte_000.html  http://www.secretariasenado.gov.co/senado/basedoc/decreto_1742_2020.html (218 KB)
21:22:10 INFO   parte_001.html  http://www.secretariasenado.gov.co/senado/basedoc/decreto_1742_2020_pr001.html (122 KB)
21:22:10 INFO decreto_1742_2020: OK · 2 partes · 84 artículos detectados · 243325 caracteres
21:22:10 INFO decreto_175_2025: descargando (senado)
21:22:12 INFO   parte_000.html  http://www.secretariasenado.gov.co/senado/basedoc/decreto_0175_2025.html (73 KB)
21:22:12 INFO decreto_175_2025: OK · 1 partes · 10 artículos detectados · 40115 caracteres
21:22:12 INFO decreto_2067_1991: descargando (senado)
21:22:13 INFO   parte_000.html  http://www.secretariasenado.gov.co/senado/basedoc/decreto_2067_1991.html (56 KB)
21:22:15 INFO   parte_001.html  http://www.secretariasenado.gov.co/senado/basedoc/decreto_2067_1991_pr001.html (37 KB)
21:22:15 INFO decreto_2067_1991: OK · 2 partes · 54 artículos detectados · 30176 caracteres
21:22:15 INFO decreto_24_2016: descargando (senado)
21:22:17 ERROR decreto_24_2016: HTTP 404 en http://www.secretariasenado.gov.co/senado/basedoc/decreto_0024_2016.html
21:22:17 INFO decreto_405_2025: descargando (senado)
21:22:18 ERROR decreto_405_2025: HTTP 404 en http://www.secretariasenado.gov.co/senado/basedoc/decreto_0405_2025.html
21:22:18 INFO decreto_4334_2008: descargando (senado)
21:22:19 INFO   parte_000.html  http://www.secretariasenado.gov.co/senado/basedoc/decreto_4334_2008.html (56 KB)
21:22:19 INFO decreto_4334_2008: OK · 1 partes · 16 artículos detectados · 21228 caracteres
21:22:19 INFO decreto_4436_2005: descargando (senado)
21:22:21 ERROR decreto_4436_2005: HTTP 404 en http://www.secretariasenado.gov.co/senado/basedoc/decreto_4436_2005.html
21:22:21 INFO decreto_4886_2011: descargando (senado)
21:22:22 INFO   parte_000.html  http://www.secretariasenado.gov.co/senado/basedoc/decreto_4886_2011.html (146 KB)
21:22:22 INFO decreto_4886_2011: OK · 1 partes · 30 artículos detectados · 102847 caracteres
21:22:22 INFO decreto_663_1993: descargando (senado)
21:22:24 ERROR decreto_663_1993: HTTP 404 en http://www.secretariasenado.gov.co/senado/basedoc/decreto_0663_1993.html
21:22:24 INFO decreto_780_2016: descargando (senado)
21:22:26 ERROR decreto_780_2016: HTTP 404 en http://www.secretariasenado.gov.co/senado/basedoc/decreto_0780_2016.html
21:22:26 INFO decreto_875_2008: descargando (senado)
21:22:27 ERROR decreto_875_2008: HTTP 404 en http://www.secretariasenado.gov.co/senado/basedoc/decreto_0875_2008.html
21:22:27 INFO decreto_960_1970: descargando (senado)
21:22:28 INFO   parte_000.html  http://www.secretariasenado.gov.co/senado/basedoc/decreto_0960_1970.html (67 KB)
21:22:30 INFO   parte_001.html  http://www.secretariasenado.gov.co/senado/basedoc/decreto_0960_1970_pr001.html (66 KB)
21:22:31 INFO   parte_002.html  http://www.secretariasenado.gov.co/senado/basedoc/decreto_0960_1970_pr002.html (60 KB)
21:22:33 INFO   parte_003.html  http://www.secretariasenado.gov.co/senado/basedoc/decreto_0960_1970_pr003.html (70 KB)
21:22:34 INFO   parte_004.html  http://www.secretariasenado.gov.co/senado/basedoc/decreto_0960_1970_pr004.html (65 KB)
21:22:36 INFO   parte_005.html  http://www.secretariasenado.gov.co/senado/basedoc/decreto_0960_1970_pr005.html (40 KB)
21:22:36 INFO decreto_960_1970: OK · 6 partes · 233 artículos detectados · 98011 caracteres
21:22:36 INFO sentencia_c-1033_2002: descargando (html)
21:22:37 INFO   parte_000.html  https://www.corteconstitucional.gov.co/relatoria/2002/C-1033-02.htm (175 KB)
21:22:37 INFO sentencia_c-1033_2002: OK · 1 partes · 4 artículos detectados · 59993 caracteres
21:22:37 INFO sentencia_c-106_2018: descargando (html)
21:22:38 INFO   parte_000.html  https://www.corteconstitucional.gov.co/relatoria/2018/C-106-18.htm (440 KB)
21:22:39 INFO sentencia_c-106_2018: OK · 1 partes · 30 artículos detectados · 209029 caracteres
21:22:39 INFO sentencia_c-1189_2000: descargando (html)
21:22:39 INFO   parte_000.html  https://www.corteconstitucional.gov.co/relatoria/2000/C-1189-00.htm (224 KB)
21:22:40 INFO sentencia_c-1189_2000: OK · 1 partes · 17 artículos detectados · 120009 caracteres
21:22:40 INFO sentencia_c-131_2018: descargando (html)
21:22:41 INFO   parte_000.html  https://www.corteconstitucional.gov.co/relatoria/2018/C-131-18.htm (265 KB)
21:22:41 INFO sentencia_c-131_2018: OK · 1 partes · 10 artículos detectados · 106052 caracteres
21:22:41 INFO sentencia_c-145_2018: descargando (html)
21:22:43 INFO   parte_000.html  https://www.corteconstitucional.gov.co/relatoria/2018/C-145-18.htm (311 KB)
21:22:43 INFO sentencia_c-145_2018: OK · 1 partes · 6 artículos detectados · 133685 caracteres
21:22:43 INFO sentencia_c-145_2020: descargando (html)
21:22:46 INFO   parte_000.html  https://www.corteconstitucional.gov.co/relatoria/2020/C-145-20.htm (1565 KB)
21:22:48 INFO sentencia_c-145_2020: OK · 1 partes · 23 artículos detectados · 509529 caracteres
21:22:48 INFO sentencia_c-149_1993: descargando (html)
21:22:48 INFO   parte_000.html  https://www.corteconstitucional.gov.co/relatoria/1993/C-149-93.htm (128 KB)
21:22:48 INFO sentencia_c-149_1993: OK · 1 partes · 6 artículos detectados · 52831 caracteres
21:22:48 INFO sentencia_c-170_2004: descargando (html)
21:22:50 INFO   parte_000.html  https://www.corteconstitucional.gov.co/relatoria/2004/C-170-04.htm (341 KB)
21:22:50 INFO sentencia_c-170_2004: OK · 1 partes · 17 artículos detectados · 168904 caracteres
21:22:50 INFO sentencia_c-183_2025: descargando (html)
21:22:52 INFO   parte_000.html  https://www.corteconstitucional.gov.co/relatoria/2025/C-183-25.htm (548 KB)
21:22:53 INFO sentencia_c-183_2025: OK · 1 partes · 7 artículos detectados · 261831 caracteres
21:22:53 INFO sentencia_c-201_2002: descargando (html)
21:22:53 INFO   parte_000.html  https://www.corteconstitucional.gov.co/relatoria/2002/C-201-02.htm (303 KB)
21:22:53 INFO sentencia_c-201_2002: OK · 1 partes · 15 artículos detectados · 161846 caracteres
21:22:53 INFO sentencia_c-22_1996: descargando (html)
21:22:54 INFO   parte_000.html  https://www.corteconstitucional.gov.co/relatoria/1996/C-022-96.htm (84 KB)
21:22:54 INFO sentencia_c-22_1996: OK · 1 partes · 2 artículos detectados · 34268 caracteres
21:22:54 INFO sentencia_c-225_1995: descargando (html)
21:22:56 INFO   parte_000.html  https://www.corteconstitucional.gov.co/relatoria/1995/C-225-95.htm (422 KB)
21:22:57 INFO sentencia_c-225_1995: OK · 1 partes · 15 artículos detectados · 197811 caracteres
21:22:57 INFO sentencia_c-233_2021: descargando (html)
21:23:00 INFO   parte_000.html  https://www.corteconstitucional.gov.co/relatoria/2021/C-233-21.htm (1410 KB)
21:23:01 INFO sentencia_c-233_2021: OK · 1 partes · 19 artículos detectados · 678700 caracteres
21:23:01 INFO sentencia_c-239_1997: descargando (html)
21:23:03 INFO   parte_000.html  https://www.corteconstitucional.gov.co/relatoria/1997/C-239-97.htm (617 KB)
21:23:03 INFO sentencia_c-239_1997: OK · 1 partes · 16 artículos detectados · 325691 caracteres
21:23:03 INFO sentencia_c-276_2025: descargando (html)
21:23:04 INFO   parte_000.html  https://www.corteconstitucional.gov.co/relatoria/2025/C-276-25.htm (538 KB)
21:23:05 INFO sentencia_c-276_2025: OK · 1 partes · 18 artículos detectados · 208093 caracteres
21:23:05 INFO sentencia_c-332_2025: descargando (html)
21:23:06 INFO   parte_000.html  https://www.corteconstitucional.gov.co/relatoria/2025/C-332-25.htm (509 KB)
21:23:07 INFO sentencia_c-332_2025: OK · 1 partes · 12 artículos detectados · 168486 caracteres
21:23:07 INFO sentencia_c-335_2008: descargando (html)
21:23:07 INFO   parte_000.html  https://www.corteconstitucional.gov.co/relatoria/2008/C-335-08.htm (247 KB)
21:23:08 INFO sentencia_c-335_2008: OK · 1 partes · 15 artículos detectados · 140613 caracteres
21:23:08 INFO sentencia_c-345_2017: descargando (html)
21:23:09 INFO   parte_000.html  https://www.corteconstitucional.gov.co/relatoria/2017/C-345-17.htm (402 KB)
21:23:10 INFO sentencia_c-345_2017: OK · 1 partes · 11 artículos detectados · 179325 caracteres
21:23:10 INFO sentencia_c-389_2023: descargando (html)
21:23:10 INFO   parte_000.html  https://www.corteconstitucional.gov.co/relatoria/2023/C-389-23.htm (375 KB)
21:23:11 INFO sentencia_c-389_2023: OK · 1 partes · 10 artículos detectados · 130523 caracteres
21:23:11 INFO sentencia_c-39_2025: descargando (html)
21:23:13 INFO   parte_000.html  https://www.corteconstitucional.gov.co/relatoria/2025/C-039-25.htm (796 KB)
21:23:14 INFO sentencia_c-39_2025: OK · 1 partes · 51 artículos detectados · 299641 caracteres
21:23:14 INFO sentencia_c-4_1998: descargando (html)
21:23:15 INFO   parte_000.html  https://www.corteconstitucional.gov.co/relatoria/1998/C-004-98.htm (97 KB)
21:23:15 INFO sentencia_c-4_1998: OK · 1 partes · 11 artículos detectados · 34057 caracteres
21:23:15 INFO sentencia_c-413_1996: descargando (html)
21:23:16 INFO   parte_000.html  https://www.corteconstitucional.gov.co/relatoria/1996/C-413-96.htm (63 KB)
21:23:16 INFO sentencia_c-413_1996: OK · 1 partes · 4 artículos detectados · 25416 caracteres
21:23:16 INFO sentencia_c-459_2023: descargando (html)
21:23:18 INFO   parte_000.html  https://www.corteconstitucional.gov.co/relatoria/2023/C-459-23.htm (368 KB)
21:23:18 INFO sentencia_c-459_2023: OK · 1 partes · 8 artículos detectados · 145207 caracteres
21:23:18 INFO sentencia_c-486_1993: descargando (html)
21:23:19 INFO   parte_000.html  https://www.corteconstitucional.gov.co/relatoria/1993/C-486-93.htm (214 KB)
21:23:19 INFO sentencia_c-486_1993: OK · 1 partes · 8 artículos detectados · 96153 caracteres
21:23:19 INFO sentencia_c-533_2000: descargando (html)
21:23:21 INFO   parte_000.html  https://www.corteconstitucional.gov.co/relatoria/2000/C-533-00.htm (100 KB)
21:23:21 INFO sentencia_c-533_2000: OK · 1 partes · 0 artículos detectados · 32798 caracteres
21:23:21 INFO sentencia_c-535_2002: descargando (html)
21:23:22 INFO   parte_000.html  https://www.corteconstitucional.gov.co/relatoria/2002/C-535-02.htm (93 KB)
21:23:22 INFO sentencia_c-535_2002: OK · 1 partes · 19 artículos detectados · 44672 caracteres
21:23:22 INFO sentencia_c-537_1995: descargando (html)
21:23:24 INFO   parte_000.html  https://www.corteconstitucional.gov.co/relatoria/1995/C-537-95.htm (200 KB)
21:23:24 INFO sentencia_c-537_1995: OK · 1 partes · 10 artículos detectados · 82654 caracteres
21:23:24 INFO sentencia_c-683_2015: descargando (html)
21:23:27 INFO   parte_000.html  https://www.corteconstitucional.gov.co/relatoria/2015/C-683-15.htm (1133 KB)
21:23:28 INFO sentencia_c-683_2015: OK · 1 partes · 19 artículos detectados · 653756 caracteres
21:23:28 INFO sentencia_c-700_1999: descargando (html)
21:23:29 INFO   parte_000.html  https://www.corteconstitucional.gov.co/relatoria/1999/C-700-99.htm (709 KB)
21:23:30 INFO sentencia_c-700_1999: OK · 1 partes · 25 artículos detectados · 351316 caracteres
21:23:30 INFO sentencia_c-80_2025: descargando (html)
21:23:31 INFO   parte_000.html  https://www.corteconstitucional.gov.co/relatoria/2025/C-080-25.htm (474 KB)
21:23:31 INFO sentencia_c-80_2025: OK · 1 partes · 14 artículos detectados · 208114 caracteres
21:23:31 INFO sentencia_c-891_2012: descargando (html)
21:23:32 INFO   parte_000.html  https://www.corteconstitucional.gov.co/relatoria/2012/C-891-12.htm (246 KB)
21:23:32 INFO sentencia_c-891_2012: OK · 1 partes · 3 artículos detectados · 92140 caracteres
21:23:32 INFO sentencia_c-964_2003: descargando (html)
21:23:33 INFO   parte_000.html  https://www.corteconstitucional.gov.co/relatoria/2003/C-964-03.htm (223 KB)
21:23:33 INFO sentencia_c-964_2003: OK · 1 partes · 5 artículos detectados · 113246 caracteres
21:23:33 INFO sentencia_c-985_2010: descargando (html)
21:23:35 INFO   parte_000.html  https://www.corteconstitucional.gov.co/relatoria/2010/C-985-10.htm (238 KB)
21:23:35 INFO sentencia_c-985_2010: OK · 1 partes · 10 artículos detectados · 127263 caracteres
21:23:35 INFO sentencia_sc_1121_2018: descargando (html)
21:23:36 INFO   parte_000.html  https://cortesuprema.gov.co/corte/wp-content/uploads/relatorias/ci/babr2018/SC1121-2018%20(2007-00128-01).docx (207 KB)
21:23:36 INFO sentencia_sc_1121_2018: OK · 1 partes · 0 artículos detectados · 163231 caracteres
21:23:36 INFO sentencia_sc_18392_2017: descargando (html)
21:23:37 INFO   parte_000.html  https://www.cortesuprema.gov.co/corte/wp-content/uploads/relatorias/ci/bnov2017/SC18392-2017%20(2011-00081-01).doc (373 KB)
21:23:38 INFO sentencia_sc_18392_2017: OK · 1 partes · 0 artículos detectados · 330742 caracteres
21:23:38 INFO sentencia_sc_3085_2024: descargando (pdf)
21:23:40 INFO   parte_000.pdf  https://archivodigitalapi.cortesuprema.gov.co/share/2024/12/Sentencias/SC3085-2024.pdf (679 KB)
21:23:40 INFO sentencia_sc_3085_2024: OK · 1 partes · 0 artículos detectados · 169994 caracteres
21:23:40 INFO sentencia_sc_3674_2021: descargando (pdf)
21:23:40 INFO   parte_000.pdf  https://cortesuprema.gov.co/corte/wp-content/uploads/2021/09/GACETA-N%C2%B008-2021.pdf (1481 KB)
21:23:41 INFO sentencia_sc_3674_2021: OK · 1 partes · 139 artículos detectados · 600216 caracteres
21:23:41 INFO sentencia_sc_425_2024: descargando (html)
21:23:43 INFO   parte_000.pdf  https://ecosistemadigitalindice.cortesuprema.gov.co/api/v1/link/share/6615b19b4051fbcca141847d (524 KB)
21:23:44 INFO sentencia_sc_425_2024: OK · 1 partes · 0 artículos detectados · 134395 caracteres
21:23:44 INFO sentencia_sc_8453_2016: descargando (pdf)
21:23:44 INFO   parte_000.pdf  https://cortesuprema.gov.co/corte/wp-content/uploads/2022/03/SC8453-2016-2014-02243-00-C.pdf (1217 KB)
21:23:44 INFO sentencia_sc_8453_2016: OK · 1 partes · 0 artículos detectados · 59661 caracteres
21:23:44 INFO sentencia_sl_1050_2023: descargando (pdf)
21:23:45 INFO   parte_000.pdf  https://cortesuprema.gov.co/corte/wp-content/uploads/relatorias/la/reiteraciones%20DL/SL1050-2023.pdf (516 KB)
21:23:45 INFO sentencia_sl_1050_2023: OK · 1 partes · 0 artículos detectados · 99557 caracteres
21:23:45 INFO sentencia_sl_1730_2020: descargando (pdf)
21:23:46 INFO   parte_000.pdf  https://www.cortesuprema.gov.co/corte/wp-content/uploads/relatorias/la/bjul2020/SL1730-2020.pdf (1087 KB)
21:23:46 INFO sentencia_sl_1730_2020: OK · 1 partes · 1 artículos detectados · 90023 caracteres
21:23:46 INFO sentencia_sp_1167_2022: descargando (pdf)
21:23:47 INFO   parte_000.pdf  https://cortesuprema.gov.co/corte/wp-content/uploads/relatorias/pe/b1may2022/SP1167-2022(57957).pdf (532 KB)
21:23:47 INFO sentencia_sp_1167_2022: OK · 1 partes · 1 artículos detectados · 61899 caracteres
21:23:47 INFO sentencia_sp_3218_2021: descargando (pdf)
21:23:48 ERROR sentencia_sp_3218_2021: HTTP 404 en https://cortesuprema.gov.co/corte/wp-content/uploads/relatorias/pe/b1dic2021/SP3218-2021(47063).pdf
21:23:48 INFO sentencia_su-11_2020: descargando (html)
21:23:50 INFO   parte_000.html  https://www.corteconstitucional.gov.co/relatoria/2020/SU011-20.htm (486 KB)
21:23:50 INFO sentencia_su-11_2020: OK · 1 partes · 9 artículos detectados · 188764 caracteres
21:23:50 INFO sentencia_su-138_2024: descargando (html)
21:23:52 INFO   parte_000.html  https://www.corteconstitucional.gov.co/relatoria/2024/SU138-24.htm (961 KB)
21:23:53 INFO sentencia_su-138_2024: OK · 1 partes · 18 artículos detectados · 331265 caracteres
21:23:53 INFO sentencia_su-149_2021: descargando (html)
21:23:54 INFO   parte_000.html  https://www.corteconstitucional.gov.co/relatoria/2021/SU149-21.htm (507 KB)
21:23:55 INFO sentencia_su-149_2021: OK · 1 partes · 16 artículos detectados · 186266 caracteres
21:23:55 INFO sentencia_su-207_2022: descargando (html)
21:23:56 INFO   parte_000.html  https://www.corteconstitucional.gov.co/relatoria/2022/SU207-22.htm (611 KB)
21:23:57 INFO sentencia_su-207_2022: OK · 1 partes · 11 artículos detectados · 224472 caracteres
21:23:57 INFO sentencia_su-240_2015: descargando (html)
21:23:57 INFO   parte_000.html  https://www.corteconstitucional.gov.co/relatoria/2015/SU240-15.htm (306 KB)
21:23:58 INFO sentencia_su-240_2015: OK · 1 partes · 14 artículos detectados · 156092 caracteres
21:23:58 INFO sentencia_su-27_2021: descargando (html)
21:23:59 INFO   parte_000.html  https://www.corteconstitucional.gov.co/relatoria/2021/SU027-21.htm (490 KB)
21:23:59 INFO sentencia_su-27_2021: OK · 1 partes · 3 artículos detectados · 168420 caracteres
21:23:59 INFO sentencia_su-296_2023: descargando (html)
21:24:00 INFO   parte_000.html  https://www.corteconstitucional.gov.co/relatoria/2023/SU296-23.htm (523 KB)
21:24:01 INFO sentencia_su-296_2023: OK · 1 partes · 3 artículos detectados · 239356 caracteres
21:24:01 INFO sentencia_su-380_2021: descargando (html)
21:24:02 INFO   parte_000.html  https://www.corteconstitucional.gov.co/relatoria/2021/SU380-21.htm (453 KB)
21:24:03 INFO sentencia_su-380_2021: OK · 1 partes · 6 artículos detectados · 206119 caracteres
21:24:03 INFO sentencia_su-396_2024: descargando (html)
21:24:04 INFO   parte_000.html  https://www.corteconstitucional.gov.co/relatoria/2024/SU396-24.htm (941 KB)
21:24:05 INFO sentencia_su-396_2024: OK · 1 partes · 10 artículos detectados · 299821 caracteres
21:24:05 INFO sentencia_su-425_2025: descargando (html)
21:24:06 INFO   parte_000.html  https://www.corteconstitucional.gov.co/relatoria/2025/SU425-25.htm (405 KB)
21:24:06 INFO sentencia_su-425_2025: OK · 1 partes · 4 artículos detectados · 124030 caracteres
21:24:06 INFO sentencia_su-429_2024: descargando (html)
21:24:09 INFO   parte_000.html  https://www.corteconstitucional.gov.co/relatoria/2024/SU429-24.htm (1006 KB)
21:24:09 INFO sentencia_su-429_2024: OK · 1 partes · 17 artículos detectados · 413779 caracteres
21:24:09 INFO sentencia_su-431_2015: descargando (html)
21:24:10 INFO   parte_000.html  https://www.corteconstitucional.gov.co/relatoria/2015/SU431-15.htm (570 KB)
21:24:11 INFO sentencia_su-431_2015: OK · 1 partes · 11 artículos detectados · 271086 caracteres
21:24:11 INFO sentencia_su-455_2020: descargando (html)
21:24:12 INFO   parte_000.html  https://www.corteconstitucional.gov.co/relatoria/2020/SU455-20.htm (330 KB)
21:24:12 INFO sentencia_su-455_2020: OK · 1 partes · 3 artículos detectados · 167328 caracteres
21:24:12 INFO sentencia_su-488_2011: descargando (html)
21:24:12 INFO   https://www.corteconstitucional.gov.co/relatoria/2011/SU488-11.htm respondió una página casi vacía, probando alternativa
21:24:14 INFO   parte_000.html  https://www.corteconstitucional.gov.co/relatoria/2011/SU-488-11.htm (8 KB)
21:24:14 INFO sentencia_su-488_2011: OK · 1 partes · 0 artículos detectados · 101 caracteres
21:24:14 INFO sentencia_su-500_2015: descargando (html)
21:24:17 INFO   parte_000.html  https://www.corteconstitucional.gov.co/relatoria/2015/SU500-15.htm (688 KB)
21:24:17 INFO sentencia_su-500_2015: OK · 1 partes · 10 artículos detectados · 347925 caracteres
21:24:17 INFO sentencia_su-566_2015: descargando (html)
21:24:18 INFO   parte_000.html  https://www.corteconstitucional.gov.co/relatoria/2015/SU566-15.htm (499 KB)
21:24:19 INFO sentencia_su-566_2015: OK · 1 partes · 36 artículos detectados · 297970 caracteres
21:24:19 INFO sentencia_t-1001_2001: descargando (html)
21:24:19 INFO   parte_000.html  https://www.corteconstitucional.gov.co/relatoria/2001/T-1001-01.htm (194 KB)
21:24:19 INFO sentencia_t-1001_2001: OK · 1 partes · 4 artículos detectados · 97148 caracteres
21:24:19 INFO sentencia_t-1059_2001: descargando (html)
21:24:21 INFO   parte_000.html  https://www.corteconstitucional.gov.co/relatoria/2001/T-1059-01.htm (134 KB)
21:24:21 INFO sentencia_t-1059_2001: OK · 1 partes · 4 artículos detectados · 63448 caracteres
21:24:21 INFO sentencia_t-1096_2008: descargando (html)
21:24:22 INFO   parte_000.html  https://www.corteconstitucional.gov.co/relatoria/2008/T-1096-08.htm (182 KB)
21:24:22 INFO sentencia_t-1096_2008: OK · 1 partes · 3 artículos detectados · 99148 caracteres
21:24:22 INFO sentencia_t-145_2016: descargando (html)
21:24:24 INFO   parte_000.html  https://www.corteconstitucional.gov.co/relatoria/2016/T-145-16.htm (302 KB)
21:24:24 INFO sentencia_t-145_2016: OK · 1 partes · 2 artículos detectados · 127999 caracteres
21:24:24 INFO sentencia_t-230_2023: descargando (html)
21:24:25 INFO   parte_000.html  https://www.corteconstitucional.gov.co/relatoria/2023/T-230-23.htm (148 KB)
21:24:25 INFO sentencia_t-230_2023: OK · 1 partes · 2 artículos detectados · 42529 caracteres
21:24:25 INFO sentencia_t-232_2025: descargando (html)
21:24:27 INFO   parte_000.html  https://www.corteconstitucional.gov.co/relatoria/2025/T-232-25.htm (464 KB)
21:24:28 INFO sentencia_t-232_2025: OK · 1 partes · 1 artículos detectados · 152205 caracteres
21:24:28 INFO sentencia_t-248_2025: descargando (html)
21:24:28 INFO   https://www.corteconstitucional.gov.co/relatoria/2025/t-248-25.htm respondió una página casi vacía, probando alternativa
21:24:29 INFO   https://www.corteconstitucional.gov.co/relatoria/2025/T-248-25.htm respondió una página casi vacía, probando alternativa
21:24:31 INFO   parte_000.html  https://www.corteconstitucional.gov.co/relatoria/2025/T248-25.htm (8 KB)
21:24:31 INFO sentencia_t-248_2025: OK · 1 partes · 0 artículos detectados · 99 caracteres
21:24:31 INFO sentencia_t-26_2025: descargando (html)
21:24:33 INFO   parte_000.html  https://www.corteconstitucional.gov.co/relatoria/2025/T-026-25.htm (726 KB)
21:24:34 INFO sentencia_t-26_2025: OK · 1 partes · 5 artículos detectados · 233450 caracteres
21:24:34 INFO sentencia_t-262_2025: descargando (html)
21:24:35 INFO   parte_000.html  https://www.corteconstitucional.gov.co/relatoria/2025/T-262-25.htm (542 KB)
21:24:36 INFO sentencia_t-262_2025: OK · 1 partes · 14 artículos detectados · 167459 caracteres
21:24:36 INFO sentencia_t-325_2025: descargando (html)
21:24:36 INFO   parte_000.html  https://www.corteconstitucional.gov.co/relatoria/2025/T-325-25.htm (300 KB)
21:24:36 INFO sentencia_t-325_2025: OK · 1 partes · 6 artículos detectados · 115015 caracteres
21:24:36 INFO sentencia_t-350_2025: descargando (html)
21:24:38 INFO   parte_000.html  https://www.corteconstitucional.gov.co/relatoria/2025/T-350-25.htm (449 KB)
21:24:38 INFO sentencia_t-350_2025: OK · 1 partes · 1 artículos detectados · 154480 caracteres
21:24:38 INFO sentencia_t-4_2026: descargando (html)
21:24:40 INFO   parte_000.html  https://www.corteconstitucional.gov.co/relatoria/2026/T-004-26.htm (437 KB)
21:24:40 INFO sentencia_t-4_2026: OK · 1 partes · 2 artículos detectados · 171332 caracteres
21:24:40 INFO sentencia_t-429_2011: descargando (html)
21:24:40 INFO   parte_000.html  https://www.corteconstitucional.gov.co/relatoria/2011/T-429-11.htm (146 KB)
21:24:40 INFO sentencia_t-429_2011: OK · 1 partes · 2 artículos detectados · 67508 caracteres
21:24:40 INFO sentencia_t-445_2024: descargando (html)
21:24:43 INFO   parte_000.html  https://www.corteconstitucional.gov.co/relatoria/2024/T-445-24.htm (581 KB)
21:24:43 INFO sentencia_t-445_2024: OK · 1 partes · 7 artículos detectados · 217580 caracteres
21:24:43 INFO sentencia_t-67_2025: descargando (html)
21:24:44 INFO   parte_000.html  https://www.corteconstitucional.gov.co/relatoria/2025/T-067-25.htm (802 KB)
21:24:45 INFO sentencia_t-67_2025: OK · 1 partes · 6 artículos detectados · 313734 caracteres
21:24:45 INFO sentencia_t-71_2016: descargando (html)
21:24:46 INFO   parte_000.html  https://www.corteconstitucional.gov.co/relatoria/2016/T-071-16.htm (308 KB)
21:24:46 INFO sentencia_t-71_2016: OK · 1 partes · 9 artículos detectados · 143719 caracteres
21:24:46 INFO sentencia_t-77_2025: descargando (html)
21:24:47 INFO   parte_000.html  https://www.corteconstitucional.gov.co/relatoria/2025/T-077-25.htm (363 KB)
21:24:48 INFO sentencia_t-77_2025: OK · 1 partes · 3 artículos detectados · 121224 caracteres
21:24:48 INFO sentencia_t-925_2014: descargando (html)
21:24:48 INFO   parte_000.html  https://www.corteconstitucional.gov.co/relatoria/2014/T-925-14.htm (173 KB)
21:24:49 INFO sentencia_t-925_2014: OK · 1 partes · 2 artículos detectados · 56417 caracteres
21:24:49 INFO sentencia_t-970_2014: descargando (html)
21:24:50 INFO   parte_000.html  https://www.corteconstitucional.gov.co/relatoria/2014/T-970-14.htm (375 KB)
21:24:51 INFO sentencia_t-970_2014: OK · 1 partes · 1 artículos detectados · 169146 caracteres
21:24:51 INFO ley_1151_2007: descargando (senado)
21:24:51 INFO   parte_000.html  http://www.secretariasenado.gov.co/senado/basedoc/ley_1151_2007.html (408 KB)
21:24:52 INFO   parte_001.html  http://www.secretariasenado.gov.co/senado/basedoc/ley_1151_2007_pr001.html (104 KB)
21:24:54 INFO   parte_002.html  http://www.secretariasenado.gov.co/senado/basedoc/ley_1151_2007_pr002.html (97 KB)
21:24:55 INFO   parte_003.html  http://www.secretariasenado.gov.co/senado/basedoc/ley_1151_2007_pr003.html (68 KB)
21:24:56 INFO ley_1151_2007: OK · 4 partes · 160 artículos detectados · 338491 caracteres
21:24:56 INFO ley_137_1994: descargando (senado)
21:24:57 INFO   parte_000.html  http://www.secretariasenado.gov.co/senado/basedoc/ley_0137_1994.html (76 KB)
21:24:58 INFO   parte_001.html  http://www.secretariasenado.gov.co/senado/basedoc/ley_0137_1994_pr001.html (33 KB)
21:24:58 INFO ley_137_1994: OK · 2 partes · 59 artículos detectados · 46013 caracteres
21:24:58 INFO ley_1473_2011: descargando (senado)
21:25:00 INFO   parte_000.html  http://www.secretariasenado.gov.co/senado/basedoc/ley_1473_2011.html (48 KB)
21:25:00 INFO ley_1473_2011: OK · 1 partes · 17 artículos detectados · 20295 caracteres
21:25:00 INFO ley_155_1959: descargando (senado)
21:25:02 ERROR ley_155_1959: HTTP 404 en http://www.secretariasenado.gov.co/senado/basedoc/ley_0155_1959.html
21:25:02 INFO ley_1562_2012: descargando (senado)
21:25:03 INFO   parte_000.html  http://www.secretariasenado.gov.co/senado/basedoc/ley_1562_2012.html (100 KB)
21:25:03 INFO ley_1562_2012: OK · 1 partes · 33 artículos detectados · 61774 caracteres
21:25:03 INFO ley_160_1994: descargando (senado)
21:25:04 INFO   parte_000.html  http://www.secretariasenado.gov.co/senado/basedoc/ley_0160_1994.html (128 KB)
21:25:06 INFO   parte_001.html  http://www.secretariasenado.gov.co/senado/basedoc/ley_0160_1994_pr001.html (100 KB)
21:25:07 INFO   parte_002.html  http://www.secretariasenado.gov.co/senado/basedoc/ley_0160_1994_pr002.html (56 KB)
21:25:07 INFO ley_160_1994: OK · 3 partes · 114 artículos detectados · 135203 caracteres
21:25:07 INFO ley_1607_2012: descargando (senado)
21:25:09 INFO   parte_000.html  http://www.secretariasenado.gov.co/senado/basedoc/ley_1607_2012.html (182 KB)
21:25:10 INFO   parte_001.html  http://www.secretariasenado.gov.co/senado/basedoc/ley_1607_2012_pr001.html (213 KB)
21:25:12 INFO   parte_002.html  http://www.secretariasenado.gov.co/senado/basedoc/ley_1607_2012_pr002.html (183 KB)
21:25:13 INFO   parte_003.html  http://www.secretariasenado.gov.co/senado/basedoc/ley_1607_2012_pr003.html (117 KB)
21:25:15 INFO   parte_004.html  http://www.secretariasenado.gov.co/senado/basedoc/ley_1607_2012_pr004.html (79 KB)
21:25:15 INFO ley_1607_2012: OK · 5 partes · 326 artículos detectados · 368735 caracteres
21:25:15 INFO ley_1692_2013: descargando (senado)
21:25:16 INFO   parte_000.html  http://www.secretariasenado.gov.co/senado/basedoc/ley_1692_2013.html (136 KB)
21:25:16 INFO ley_1692_2013: OK · 1 partes · 37 artículos detectados · 92440 caracteres
21:25:16 INFO ley_1700_2013: descargando (senado)
21:25:18 INFO   parte_000.html  http://www.secretariasenado.gov.co/senado/basedoc/ley_1700_2013.html (39 KB)
21:25:18 INFO ley_1700_2013: OK · 1 partes · 13 artículos detectados · 15188 caracteres
21:25:18 INFO ley_1755_2015: descargando (senado)
21:25:19 INFO   parte_000.html  http://www.secretariasenado.gov.co/senado/basedoc/ley_1755_2015.html (49 KB)
21:25:19 INFO ley_1755_2015: OK · 1 partes · 22 artículos detectados · 21484 caracteres
21:25:19 INFO ley_1819_2016: descargando (senado)
21:25:21 INFO   parte_000.html  http://www.secretariasenado.gov.co/senado/basedoc/ley_1819_2016.html (162 KB)
21:25:22 INFO   parte_001.html  http://www.secretariasenado.gov.co/senado/basedoc/ley_1819_2016_pr001.html (147 KB)
21:25:24 INFO   parte_002.html  http://www.secretariasenado.gov.co/senado/basedoc/ley_1819_2016_pr002.html (223 KB)
21:25:25 INFO   parte_003.html  http://www.secretariasenado.gov.co/senado/basedoc/ley_1819_2016_pr003.html (217 KB)
21:25:27 INFO   parte_004.html  http://www.secretariasenado.gov.co/senado/basedoc/ley_1819_2016_pr004.html (135 KB)
21:25:28 INFO   parte_005.html  http://www.secretariasenado.gov.co/senado/basedoc/ley_1819_2016_pr005.html (142 KB)
21:25:30 INFO   parte_006.html  http://www.secretariasenado.gov.co/senado/basedoc/ley_1819_2016_pr006.html (151 KB)
21:25:31 INFO   parte_007.html  http://www.secretariasenado.gov.co/senado/basedoc/ley_1819_2016_pr007.html (116 KB)
21:25:32 INFO ley_1819_2016: OK · 8 partes · 385 artículos detectados · 668742 caracteres
21:25:32 INFO ley_1909_2018: descargando (senado)
21:25:33 INFO   parte_000.html  http://www.secretariasenado.gov.co/senado/basedoc/ley_1909_2018.html (74 KB)
21:25:33 INFO ley_1909_2018: OK · 1 partes · 32 artículos detectados · 34586 caracteres
21:25:33 INFO ley_2114_2021: descargando (senado)
21:25:34 INFO   parte_000.html  http://www.secretariasenado.gov.co/senado/basedoc/ley_2114_2021.html (42 KB)
21:25:34 INFO ley_2114_2021: OK · 1 partes · 8 artículos detectados · 18942 caracteres
21:25:34 INFO ley_2157_2021: descargando (senado)
21:25:36 INFO   parte_000.html  http://www.secretariasenado.gov.co/senado/basedoc/ley_2157_2021.html (44 KB)
21:25:36 INFO ley_2157_2021: OK · 1 partes · 19 artículos detectados · 16559 caracteres
21:25:36 INFO ley_2160_2021: descargando (senado)
21:25:37 INFO   parte_000.html  http://www.secretariasenado.gov.co/senado/basedoc/ley_2160_2021.html (33 KB)
21:25:37 INFO ley_2160_2021: OK · 1 partes · 9 artículos detectados · 12167 caracteres
21:25:37 INFO ley_2251_2022: descargando (senado)
21:25:39 INFO   parte_000.html  http://www.secretariasenado.gov.co/senado/basedoc/ley_2251_2022.html (64 KB)
21:25:39 INFO ley_2251_2022: OK · 1 partes · 29 artículos detectados · 31887 caracteres
21:25:39 INFO decreto_2737_1989: descargando (senado)
21:25:40 ERROR decreto_2737_1989: HTTP 404 en http://www.secretariasenado.gov.co/senado/basedoc/decreto_2737_1989.html
21:25:40 INFO ley_29_1982: descargando (senado)
21:25:42 ERROR ley_29_1982: HTTP 404 en http://www.secretariasenado.gov.co/senado/basedoc/ley_0029_1982.html
21:25:42 INFO ley_527_1999: descargando (senado)
21:25:43 INFO   parte_000.html  http://www.secretariasenado.gov.co/senado/basedoc/ley_0527_1999.html (69 KB)
21:25:45 INFO   parte_001.html  http://www.secretariasenado.gov.co/senado/basedoc/ley_0527_1999_pr001.html (26 KB)
21:25:45 INFO ley_527_1999: OK · 2 partes · 47 artículos detectados · 33321 caracteres
21:25:45 INFO ley_600_2000: descargando (senado)
21:25:46 INFO   parte_000.html  http://www.secretariasenado.gov.co/senado/basedoc/ley_0600_2000.html (110 KB)
21:25:48 INFO   parte_001.html  http://www.secretariasenado.gov.co/senado/basedoc/ley_0600_2000_pr001.html (113 KB)
21:25:49 INFO   parte_002.html  http://www.secretariasenado.gov.co/senado/basedoc/ley_0600_2000_pr002.html (102 KB)
21:25:51 INFO   parte_003.html  http://www.secretariasenado.gov.co/senado/basedoc/ley_0600_2000_pr003.html (99 KB)
21:25:52 INFO   parte_004.html  http://www.secretariasenado.gov.co/senado/basedoc/ley_0600_2000_pr004.html (103 KB)
21:25:54 INFO   parte_005.html  http://www.secretariasenado.gov.co/senado/basedoc/ley_0600_2000_pr005.html (97 KB)
21:25:55 INFO   parte_006.html  http://www.secretariasenado.gov.co/senado/basedoc/ley_0600_2000_pr006.html (99 KB)
21:25:57 INFO   parte_007.html  http://www.secretariasenado.gov.co/senado/basedoc/ley_0600_2000_pr007.html (102 KB)
21:25:58 INFO   parte_008.html  http://www.secretariasenado.gov.co/senado/basedoc/ley_0600_2000_pr008.html (110 KB)
21:26:00 INFO   parte_009.html  http://www.secretariasenado.gov.co/senado/basedoc/ley_0600_2000_pr009.html (113 KB)
21:26:01 INFO   parte_010.html  http://www.secretariasenado.gov.co/senado/basedoc/ley_0600_2000_pr010.html (101 KB)
21:26:03 INFO   parte_011.html  http://www.secretariasenado.gov.co/senado/basedoc/ley_0600_2000_pr011.html (92 KB)
21:26:04 INFO   parte_012.html  http://www.secretariasenado.gov.co/senado/basedoc/ley_0600_2000_pr012.html (93 KB)
21:26:05 INFO ley_600_2000: OK · 13 partes · 557 artículos detectados · 405716 caracteres
21:26:05 INFO ley_640_2001: descargando (senado)
21:26:06 INFO   parte_000.html  http://www.secretariasenado.gov.co/senado/basedoc/ley_0640_2001.html (80 KB)
21:26:07 INFO   parte_001.html  http://www.secretariasenado.gov.co/senado/basedoc/ley_0640_2001_pr001.html (33 KB)
21:26:07 INFO ley_640_2001: OK · 2 partes · 50 artículos detectados · 41921 caracteres
21:26:07 INFO ley_678_2001: descargando (senado)
21:26:09 INFO   parte_000.html  http://www.secretariasenado.gov.co/senado/basedoc/ley_0678_2001.html (65 KB)
21:26:09 INFO ley_678_2001: OK · 1 partes · 32 artículos detectados · 23557 caracteres
21:26:09 INFO ley_721_2001: descargando (senado)
21:26:10 INFO   parte_000.html  http://www.secretariasenado.gov.co/senado/basedoc/ley_0721_2001.html (33 KB)
21:26:10 INFO ley_721_2001: OK · 1 partes · 14 artículos detectados · 8375 caracteres
21:26:10 INFO ley_75_1968: descargando (senado)
21:26:12 ERROR ley_75_1968: HTTP 404 en http://www.secretariasenado.gov.co/senado/basedoc/ley_0075_1968.html
21:26:12 INFO ley_769_2002: descargando (senado)
21:26:13 INFO   parte_000.html  http://www.secretariasenado.gov.co/senado/basedoc/ley_0769_2002.html (137 KB)
21:26:15 INFO   parte_001.html  http://www.secretariasenado.gov.co/senado/basedoc/ley_0769_2002_pr001.html (89 KB)
21:26:16 INFO   parte_002.html  http://www.secretariasenado.gov.co/senado/basedoc/ley_0769_2002_pr002.html (101 KB)
21:26:18 INFO   parte_003.html  http://www.secretariasenado.gov.co/senado/basedoc/ley_0769_2002_pr003.html (151 KB)
21:26:19 INFO   parte_004.html  http://www.secretariasenado.gov.co/senado/basedoc/ley_0769_2002_pr004.html (35 KB)
21:26:19 INFO ley_769_2002: OK · 5 partes · 175 artículos detectados · 234603 caracteres
21:26:19 INFO ley_820_2003: descargando (senado)
21:26:21 INFO   parte_000.html  http://www.secretariasenado.gov.co/senado/basedoc/ley_0820_2003.html (84 KB)
21:26:22 INFO   parte_001.html  http://www.secretariasenado.gov.co/senado/basedoc/ley_0820_2003_pr001.html (25 KB)
21:26:22 INFO ley_820_2003: OK · 2 partes · 43 artículos detectados · 46914 caracteres
21:26:22 INFO ley_964_2005: descargando (senado)
21:26:24 INFO   parte_000.html  http://www.secretariasenado.gov.co/senado/basedoc/ley_0964_2005.html (118 KB)
21:26:25 INFO   parte_001.html  http://www.secretariasenado.gov.co/senado/basedoc/ley_0964_2005_pr001.html (109 KB)
21:26:27 INFO   parte_002.html  http://www.secretariasenado.gov.co/senado/basedoc/ley_0964_2005_pr002.html (27 KB)
21:26:27 INFO ley_964_2005: OK · 3 partes · 82 artículos detectados · 134782 caracteres
21:26:27 INFO ley_84_1873: descargando (senado)
21:26:28 ERROR ley_84_1873: HTTP 404 en http://www.secretariasenado.gov.co/senado/basedoc/ley_0084_1873.html
21:26:28 INFO ley_599_2000: descargando (senado)
21:26:30 INFO   parte_000.html  http://www.secretariasenado.gov.co/senado/basedoc/ley_0599_2000.html (70 KB)
21:26:31 INFO   parte_001.html  http://www.secretariasenado.gov.co/senado/basedoc/ley_0599_2000_pr001.html (137 KB)
21:26:33 INFO   parte_002.html  http://www.secretariasenado.gov.co/senado/basedoc/ley_0599_2000_pr002.html (94 KB)
21:26:34 INFO   parte_003.html  http://www.secretariasenado.gov.co/senado/basedoc/ley_0599_2000_pr003.html (90 KB)
21:26:36 INFO   parte_004.html  http://www.secretariasenado.gov.co/senado/basedoc/ley_0599_2000_pr004.html (83 KB)
21:26:37 INFO   parte_005.html  http://www.secretariasenado.gov.co/senado/basedoc/ley_0599_2000_pr005.html (91 KB)
21:26:39 INFO   parte_006.html  http://www.secretariasenado.gov.co/senado/basedoc/ley_0599_2000_pr006.html (98 KB)
21:26:40 INFO   parte_007.html  http://www.secretariasenado.gov.co/senado/basedoc/ley_0599_2000_pr007.html (79 KB)
21:26:42 INFO   parte_008.html  http://www.secretariasenado.gov.co/senado/basedoc/ley_0599_2000_pr008.html (85 KB)
21:26:43 INFO   parte_009.html  http://www.secretariasenado.gov.co/senado/basedoc/ley_0599_2000_pr009.html (90 KB)
21:26:45 INFO   parte_010.html  http://www.secretariasenado.gov.co/senado/basedoc/ley_0599_2000_pr010.html (83 KB)
21:26:46 INFO   parte_011.html  http://www.secretariasenado.gov.co/senado/basedoc/ley_0599_2000_pr011.html (78 KB)
21:26:48 INFO   parte_012.html  http://www.secretariasenado.gov.co/senado/basedoc/ley_0599_2000_pr012.html (105 KB)
21:26:49 INFO   parte_013.html  http://www.secretariasenado.gov.co/senado/basedoc/ley_0599_2000_pr013.html (119 KB)
21:26:51 INFO   parte_014.html  http://www.secretariasenado.gov.co/senado/basedoc/ley_0599_2000_pr014.html (95 KB)
21:26:52 INFO   parte_015.html  http://www.secretariasenado.gov.co/senado/basedoc/ley_0599_2000_pr015.html (93 KB)
21:26:54 INFO   parte_016.html  http://www.secretariasenado.gov.co/senado/basedoc/ley_0599_2000_pr016.html (85 KB)
21:26:55 INFO   parte_017.html  http://www.secretariasenado.gov.co/senado/basedoc/ley_0599_2000_pr017.html (82 KB)
21:26:57 INFO   parte_018.html  http://www.secretariasenado.gov.co/senado/basedoc/ley_0599_2000_pr018.html (76 KB)
21:26:58 INFO   parte_019.html  http://www.secretariasenado.gov.co/senado/basedoc/ley_0599_2000_pr019.html (53 KB)
21:26:59 INFO ley_599_2000: OK · 20 partes · 598 artículos detectados · 482527 caracteres
21:26:59 INFO ley_906_2004: descargando (senado)
21:27:00 INFO   parte_000.html  http://www.secretariasenado.gov.co/senado/basedoc/ley_0906_2004.html (115 KB)
21:27:01 INFO   parte_001.html  http://www.secretariasenado.gov.co/senado/basedoc/ley_0906_2004_pr001.html (114 KB)
21:27:03 INFO   parte_002.html  http://www.secretariasenado.gov.co/senado/basedoc/ley_0906_2004_pr002.html (108 KB)
21:27:04 INFO   parte_003.html  http://www.secretariasenado.gov.co/senado/basedoc/ley_0906_2004_pr003.html (97 KB)
21:27:06 INFO   parte_004.html  http://www.secretariasenado.gov.co/senado/basedoc/ley_0906_2004_pr004.html (101 KB)
21:27:07 INFO   parte_005.html  http://www.secretariasenado.gov.co/senado/basedoc/ley_0906_2004_pr005.html (133 KB)
21:27:09 INFO   parte_006.html  http://www.secretariasenado.gov.co/senado/basedoc/ley_0906_2004_pr006.html (100 KB)
21:27:10 INFO   parte_007.html  http://www.secretariasenado.gov.co/senado/basedoc/ley_0906_2004_pr007.html (163 KB)
21:27:12 INFO   parte_008.html  http://www.secretariasenado.gov.co/senado/basedoc/ley_0906_2004_pr008.html (93 KB)
21:27:13 INFO   parte_009.html  http://www.secretariasenado.gov.co/senado/basedoc/ley_0906_2004_pr009.html (85 KB)
21:27:15 INFO   parte_010.html  http://www.secretariasenado.gov.co/senado/basedoc/ley_0906_2004_pr010.html (87 KB)
21:27:16 INFO   parte_011.html  http://www.secretariasenado.gov.co/senado/basedoc/ley_0906_2004_pr011.html (90 KB)
21:27:18 INFO   parte_012.html  http://www.secretariasenado.gov.co/senado/basedoc/ley_0906_2004_pr012.html (86 KB)
21:27:19 INFO   parte_013.html  http://www.secretariasenado.gov.co/senado/basedoc/ley_0906_2004_pr013.html (102 KB)
21:27:20 INFO ley_906_2004: OK · 14 partes · 557 artículos detectados · 466415 caracteres
21:27:20 INFO ley_1437_2011: descargando (senado)
21:27:21 INFO   parte_000.html  http://www.secretariasenado.gov.co/senado/basedoc/ley_1437_2011.html (121 KB)
21:27:22 INFO   parte_001.html  http://www.secretariasenado.gov.co/senado/basedoc/ley_1437_2011_pr001.html (97 KB)
21:27:24 INFO   parte_002.html  http://www.secretariasenado.gov.co/senado/basedoc/ley_1437_2011_pr002.html (99 KB)
21:27:25 INFO   parte_003.html  http://www.secretariasenado.gov.co/senado/basedoc/ley_1437_2011_pr003.html (130 KB)
21:27:27 INFO   parte_004.html  http://www.secretariasenado.gov.co/senado/basedoc/ley_1437_2011_pr004.html (150 KB)
21:27:29 INFO   parte_005.html  http://www.secretariasenado.gov.co/senado/basedoc/ley_1437_2011_pr005.html (118 KB)
21:27:30 INFO   parte_006.html  http://www.secretariasenado.gov.co/senado/basedoc/ley_1437_2011_pr006.html (109 KB)
21:27:31 INFO   parte_007.html  http://www.secretariasenado.gov.co/senado/basedoc/ley_1437_2011_pr007.html (50 KB)
21:27:32 INFO ley_1437_2011: OK · 8 partes · 318 artículos detectados · 382398 caracteres
21:27:32 INFO decreto_410_1971: descargando (senado)
21:27:33 ERROR decreto_410_1971: HTTP 404 en http://www.secretariasenado.gov.co/senado/basedoc/decreto_0410_1971.html
21:27:33 INFO ley_472_1998: descargando (senado)
21:27:34 INFO   parte_000.html  http://www.secretariasenado.gov.co/senado/basedoc/ley_0472_1998.html (72 KB)
21:27:36 INFO   parte_001.html  http://www.secretariasenado.gov.co/senado/basedoc/ley_0472_1998_pr001.html (65 KB)
21:27:37 INFO   parte_002.html  http://www.secretariasenado.gov.co/senado/basedoc/ley_0472_1998_pr002.html (37 KB)
21:27:37 INFO ley_472_1998: OK · 3 partes · 87 artículos detectados · 67243 caracteres
21:27:37 INFO ley_100_1993: descargando (senado)
21:27:39 INFO   parte_000.html  http://www.secretariasenado.gov.co/senado/basedoc/ley_0100_1993.html (154 KB)
21:27:40 INFO   parte_001.html  http://www.secretariasenado.gov.co/senado/basedoc/ley_0100_1993_pr001.html (118 KB)
21:27:42 INFO   parte_002.html  http://www.secretariasenado.gov.co/senado/basedoc/ley_0100_1993_pr002.html (117 KB)
21:27:43 INFO   parte_003.html  http://www.secretariasenado.gov.co/senado/basedoc/ley_0100_1993_pr003.html (158 KB)
21:27:45 INFO   parte_004.html  http://www.secretariasenado.gov.co/senado/basedoc/ley_0100_1993_pr004.html (130 KB)
21:27:46 INFO   parte_005.html  http://www.secretariasenado.gov.co/senado/basedoc/ley_0100_1993_pr005.html (102 KB)
21:27:48 INFO   parte_006.html  http://www.secretariasenado.gov.co/senado/basedoc/ley_0100_1993_pr006.html (47 KB)
21:27:48 INFO ley_100_1993: OK · 7 partes · 290 artículos detectados · 368572 caracteres
21:27:48 INFO sentencia_c-468_2024: descargando (html)
21:27:49 INFO   parte_000.html  https://www.corteconstitucional.gov.co/relatoria/2024/C-468-24.htm (394 KB)
21:27:50 INFO sentencia_c-468_2024: OK · 1 partes · 7 artículos detectados · 137507 caracteres
21:27:50 INFO sentencia_su-16_2020: descargando (html)
21:27:53 INFO   parte_000.html  https://www.corteconstitucional.gov.co/relatoria/2020/SU016-20.htm (1050 KB)
21:27:54 INFO sentencia_su-16_2020: OK · 1 partes · 5 artículos detectados · 480428 caracteres
21:27:54 INFO sentencia_su-277_2025: descargando (html)
21:27:56 INFO   parte_000.html  https://www.corteconstitucional.gov.co/relatoria/2025/SU277-25.htm (724 KB)
21:27:56 INFO sentencia_su-277_2025: OK · 1 partes · 9 artículos detectados · 271775 caracteres
21:27:56 INFO sentencia_t-256_2025: descargando (html)
21:27:58 INFO   parte_000.html  https://www.corteconstitucional.gov.co/relatoria/2025/T-256-25.htm (959 KB)
21:27:59 INFO sentencia_t-256_2025: OK · 1 partes · 3 artículos detectados · 406814 caracteres
21:27:59 INFO consejo_estado_ce_suj_4_005_2020: descargando (html)
21:28:01 INFO   parte_000.html  https://normograma.dian.gov.co/dian/compilacion/docs/25000-23-37-000-2013-00443-01(21329)ce-suj-4-005.htm (157 KB)
21:28:02 INFO consejo_estado_ce_suj_4_005_2020: OK · 1 partes · 0 artículos detectados · 107924 caracteres
21:28:02 INFO corte_suprema_sin_radicado_sc_2017_07_18_2017: descargando (html)
21:28:02 INFO   parte_000.html  https://www.cortesuprema.gov.co/corte/wp-content/uploads/relatorias/ci/bjul2017/SC10295-2017%20(2010-00728-01).doc (242 KB)
21:28:03 INFO corte_suprema_sin_radicado_sc_2017_07_18_2017: OK · 1 partes · 0 artículos detectados · 210367 caracteres
21:28:03 INFO ley_2277_2022: descargando (senado)
21:28:03 INFO   parte_000.html  http://www.secretariasenado.gov.co/senado/basedoc/ley_2277_2022.html (149 KB)
21:28:04 INFO   parte_001.html  http://www.secretariasenado.gov.co/senado/basedoc/ley_2277_2022_pr001.html (201 KB)
21:28:06 INFO   parte_002.html  http://www.secretariasenado.gov.co/senado/basedoc/ley_2277_2022_pr002.html (39 KB)
21:28:06 INFO ley_2277_2022: OK · 3 partes · 154 artículos detectados · 192826 caracteres
21:28:06 INFO ley_2294_2023: descargando (senado)
21:28:07 INFO   parte_000.html  http://www.secretariasenado.gov.co/senado/basedoc/ley_2294_2023.html (144 KB)
21:28:09 INFO   parte_001.html  http://www.secretariasenado.gov.co/senado/basedoc/ley_2294_2023_pr001.html (152 KB)
21:28:10 INFO   parte_002.html  http://www.secretariasenado.gov.co/senado/basedoc/ley_2294_2023_pr002.html (132 KB)
21:28:12 INFO   parte_003.html  http://www.secretariasenado.gov.co/senado/basedoc/ley_2294_2023_pr003.html (132 KB)
21:28:13 INFO   parte_004.html  http://www.secretariasenado.gov.co/senado/basedoc/ley_2294_2023_pr004.html (168 KB)
21:28:15 INFO   parte_005.html  http://www.secretariasenado.gov.co/senado/basedoc/ley_2294_2023_pr005.html (145 KB)
21:28:16 INFO   parte_006.html  http://www.secretariasenado.gov.co/senado/basedoc/ley_2294_2023_pr006.html (119 KB)
21:28:18 INFO   parte_007.html  http://www.secretariasenado.gov.co/senado/basedoc/ley_2294_2023_pr007.html (137 KB)
21:28:19 INFO   parte_008.html  http://www.secretariasenado.gov.co/senado/basedoc/ley_2294_2023_pr008.html (118 KB)
21:28:21 INFO   parte_009.html  http://www.secretariasenado.gov.co/senado/basedoc/ley_2294_2023_pr009.html (114 KB)
21:28:22 INFO ley_2294_2023: OK · 10 partes · 500 artículos detectados · 627635 caracteres
21:28:22 INFO ley_388_1997: descargando (senado)
21:28:22 INFO   parte_000.html  http://www.secretariasenado.gov.co/senado/basedoc/ley_0388_1997.html (141 KB)
21:28:24 INFO   parte_001.html  http://www.secretariasenado.gov.co/senado/basedoc/ley_0388_1997_pr001.html (123 KB)
21:28:25 INFO   parte_002.html  http://www.secretariasenado.gov.co/senado/basedoc/ley_0388_1997_pr002.html (107 KB)
21:28:27 INFO   parte_003.html  http://www.secretariasenado.gov.co/senado/basedoc/ley_0388_1997_pr003.html (30 KB)
21:28:27 INFO ley_388_1997: OK · 4 partes · 139 artículos detectados · 216004 caracteres
21:28:27 INFO decreto_2591_1991: usando descarga en caché (2 partes)
21:28:27 INFO decreto_2591_1991: OK · 2 partes · 55 artículos detectados · 29084 caracteres
21:28:27 INFO ley_270_1996: descargando (senado)
21:28:28 INFO   parte_000.html  http://www.secretariasenado.gov.co/senado/basedoc/ley_0270_1996.html (93 KB)
21:28:30 INFO   parte_001.html  http://www.secretariasenado.gov.co/senado/basedoc/ley_0270_1996_pr001.html (95 KB)
21:28:31 INFO   parte_002.html  http://www.secretariasenado.gov.co/senado/basedoc/ley_0270_1996_pr002.html (89 KB)
21:28:33 INFO   parte_003.html  http://www.secretariasenado.gov.co/senado/basedoc/ley_0270_1996_pr003.html (131 KB)
21:28:34 INFO   parte_004.html  http://www.secretariasenado.gov.co/senado/basedoc/ley_0270_1996_pr004.html (91 KB)
21:28:36 INFO   parte_005.html  http://www.secretariasenado.gov.co/senado/basedoc/ley_0270_1996_pr005.html (96 KB)
21:28:37 INFO   parte_006.html  http://www.secretariasenado.gov.co/senado/basedoc/ley_0270_1996_pr006.html (79 KB)
21:28:39 INFO   parte_007.html  http://www.secretariasenado.gov.co/senado/basedoc/ley_0270_1996_pr007.html (40 KB)
21:28:39 INFO ley_270_1996: OK · 8 partes · 227 artículos detectados · 258176 caracteres
21:28:39 INFO ley_222_1995: descargando (senado)
21:28:40 INFO   parte_000.html  http://www.secretariasenado.gov.co/senado/basedoc/ley_0222_1995.html (83 KB)
21:28:42 INFO   parte_001.html  http://www.secretariasenado.gov.co/senado/basedoc/ley_0222_1995_pr001.html (91 KB)
21:28:43 INFO   parte_002.html  http://www.secretariasenado.gov.co/senado/basedoc/ley_0222_1995_pr002.html (104 KB)
21:28:45 INFO   parte_003.html  http://www.secretariasenado.gov.co/senado/basedoc/ley_0222_1995_pr003.html (100 KB)
21:28:46 INFO   parte_004.html  http://www.secretariasenado.gov.co/senado/basedoc/ley_0222_1995_pr004.html (80 KB)
21:28:48 INFO   parte_005.html  http://www.secretariasenado.gov.co/senado/basedoc/ley_0222_1995_pr005.html (35 KB)
21:28:48 INFO ley_222_1995: OK · 6 partes · 250 artículos detectados · 201230 caracteres
21:28:48 INFO ley_1996_2019: usando descarga en caché (2 partes)
21:28:48 INFO ley_1996_2019: OK · 2 partes · 63 artículos detectados · 63004 caracteres
21:28:48 INFO decreto_1625_2016: descargando (senado)
21:28:49 ERROR decreto_1625_2016: HTTP 404 en http://www.secretariasenado.gov.co/senado/basedoc/decreto_1625_2016.html
21:28:49 INFO decreto_2158_1948: descargando (senado)
21:28:51 ERROR decreto_2158_1948: HTTP 404 en http://www.secretariasenado.gov.co/senado/basedoc/decreto_2158_1948.html
21:28:51 INFO sentencia_c-554_2001: descargando (html)
21:28:51 INFO   parte_000.html  https://www.corteconstitucional.gov.co/relatoria/2001/c-554-01.htm (133 KB)
21:28:52 INFO sentencia_c-554_2001: OK · 1 partes · 4 artículos detectados · 50867 caracteres
21:28:52 INFO sentencia_t-414_1992: descargando (html)
21:28:53 INFO   parte_000.html  https://www.corteconstitucional.gov.co/relatoria/1992/T-414-92.htm (176 KB)
21:28:53 INFO sentencia_t-414_1992: OK · 1 partes · 8 artículos detectados · 77669 caracteres
21:28:53 INFO sentencia_su-1219_2001: descargando (html)
21:28:54 INFO   parte_000.html  https://www.corteconstitucional.gov.co/relatoria/2001/SU1219-01.htm (167 KB)
21:28:54 INFO sentencia_su-1219_2001: OK · 1 partes · 3 artículos detectados · 100031 caracteres
21:28:54 INFO sentencia_c-228_2002: descargando (html)
21:28:56 INFO   parte_000.html  https://www.corteconstitucional.gov.co/relatoria/2002/C-228-02.htm (311 KB)
21:28:56 INFO sentencia_c-228_2002: OK · 1 partes · 13 artículos detectados · 162700 caracteres
21:28:56 INFO sentencia_c-590_2005: descargando (html)
21:28:57 INFO   parte_000.html  https://www.corteconstitucional.gov.co/relatoria/2005/c-590-05.htm (208 KB)
21:28:58 INFO sentencia_c-590_2005: OK · 1 partes · 10 artículos detectados · 121739 caracteres
21:28:58 INFO sentencia_c-228_2010: descargando (html)
21:28:59 INFO   parte_000.html  https://www.corteconstitucional.gov.co/relatoria/2010/C-228-10.htm (323 KB)
21:28:59 INFO sentencia_c-228_2010: OK · 1 partes · 21 artículos detectados · 205662 caracteres
21:28:59 INFO sentencia_c-579_2013: descargando (html)
21:29:03 INFO   parte_000.html  https://www.corteconstitucional.gov.co/relatoria/2013/C-579-13.htm (2496 KB)
21:29:05 INFO sentencia_c-579_2013: OK · 1 partes · 40 artículos detectados · 1171967 caracteres
21:29:05 INFO sentencia_c-32_2017: descargando (html)
21:29:06 INFO   parte_000.html  https://www.corteconstitucional.gov.co/relatoria/2017/C-032-17.htm (400 KB)
21:29:07 INFO sentencia_c-32_2017: OK · 1 partes · 23 artículos detectados · 166409 caracteres
21:29:07 INFO sentencia_ce_s3_19031_2011: descargando (pdf)
21:29:09 INFO   parte_000.pdf  https://www.consejodeestado.gov.co/documentos/boletines/PDF/05001-23-25-000-1994-00020-01(19031).pdf (381 KB)
21:29:09 INFO sentencia_ce_s3_19031_2011: OK · 1 partes · 1 artículos detectados · 265403 caracteres
21:29:09 INFO sentencia_ce_s3_26251_2014: descargando (pdf)
21:29:10 INFO   parte_000.pdf  https://www.consejodeestado.gov.co/documentos/boletines/151/S3/66001-23-31-000-2001-00731-01(26251).pdf (445 KB)
21:29:10 INFO sentencia_ce_s3_26251_2014: OK · 1 partes · 7 artículos detectados · 326593 caracteres
21:29:10 INFO sentencia_ce_s3_32988_2014: descargando (pdf)
21:29:11 INFO   parte_000.pdf  https://www.consejodeestado.gov.co/documentos/boletines/151/S3/05001-23-25-000-1999-01063-01(32988).pdf (684 KB)
21:29:12 INFO sentencia_ce_s3_32988_2014: OK · 1 partes · 5 artículos detectados · 434803 caracteres
21:29:12 INFO sentencia_ce_s2_ij_su_2022: descargando (pdf)
21:29:13 INFO   parte_000.pdf  https://www.consejodeestado.gov.co/documentos/boletines/258-a/11001-03-25-000-2017-00151-00(IJ-SU)%20SV%20WHG.pdf (2736 KB)
21:29:13 INFO sentencia_ce_s2_ij_su_2022: OK · 1 partes · 0 artículos detectados · 167672 caracteres
21:29:13 INFO sentencia_t-25_2004: descargando (html)
21:29:15 INFO   parte_000.html  https://www.corteconstitucional.gov.co/relatoria/2004/T-025-04.htm (892 KB)
21:29:16 INFO sentencia_t-25_2004: OK · 1 partes · 9 artículos detectados · 453969 caracteres
21:29:16 INFO sentencia_c-370_2006: descargando (html)
21:29:21 INFO   parte_000.html  https://www.corteconstitucional.gov.co/relatoria/2006/C-370-06.htm (2468 KB)
21:29:23 INFO sentencia_c-370_2006: OK · 1 partes · 169 artículos detectados · 1389708 caracteres
21:29:23 INFO sentencia_c-577_2011: descargando (html)
21:29:26 INFO   parte_000.html  https://www.corteconstitucional.gov.co/relatoria/2011/C-577-11.htm (1535 KB)
21:29:27 INFO sentencia_c-577_2011: OK · 1 partes · 44 artículos detectados · 861525 caracteres
21:29:27 INFO sentencia_c-591_2005: descargando (html)
21:29:29 INFO   parte_000.html  https://www.corteconstitucional.gov.co/relatoria/2005/C-591-05.htm (805 KB)
21:29:30 INFO sentencia_c-591_2005: OK · 1 partes · 46 artículos detectados · 465471 caracteres
21:29:30 INFO sentencia_c-1011_2008: descargando (html)
21:29:33 INFO   parte_000.html  https://www.corteconstitucional.gov.co/relatoria/2008/C-1011-08.htm (1562 KB)
21:29:34 INFO sentencia_c-1011_2008: OK · 1 partes · 64 artículos detectados · 1015869 caracteres
21:29:34 INFO sentencia_t-153_1998: descargando (html)
21:29:35 INFO   parte_000.html  https://www.corteconstitucional.gov.co/relatoria/1998/T-153-98.htm (738 KB)
21:29:35 INFO sentencia_t-153_1998: OK · 1 partes · 3 artículos detectados · 226018 caracteres
21:29:35 INFO sentencia_t-622_2016: descargando (html)
21:29:38 INFO   parte_000.html  https://www.corteconstitucional.gov.co/relatoria/2016/T-622-16.htm (1417 KB)
21:29:40 INFO sentencia_t-622_2016: OK · 1 partes · 5 artículos detectados · 749498 caracteres
21:29:40 INFO sentencia_su-217_2017: descargando (html)
21:29:41 INFO   parte_000.html  https://www.corteconstitucional.gov.co/relatoria/2017/SU217-17.htm (665 KB)
21:29:42 INFO sentencia_su-217_2017: OK · 1 partes · 7 artículos detectados · 342889 caracteres
21:29:42 INFO codigo_civil: usando descarga en caché (84 partes)
21:29:50 INFO codigo_civil: OK · 84 partes · 2682 artículos detectados · 901015 caracteres
21:29:50 INFO codigo_comercio: usando descarga en caché (64 partes)
21:29:55 INFO codigo_comercio: OK · 64 partes · 2040 artículos detectados · 901571 caracteres
21:29:55 INFO codigo_penal: usando descarga en caché (20 partes)
21:29:56 INFO codigo_penal: OK · 20 partes · 598 artículos detectados · 482527 caracteres
21:29:56 INFO codigo_procedimiento_penal: usando descarga en caché (14 partes)
21:29:57 INFO codigo_procedimiento_penal: OK · 14 partes · 557 artículos detectados · 466415 caracteres
21:29:57 INFO cpaca: usando descarga en caché (8 partes)
21:29:58 INFO cpaca: OK · 8 partes · 318 artículos detectados · 382398 caracteres

Listos: 206 · Con error: 21 · Normas enlazadas aún fuera del corpus: 781 (ver data/descubiertos.csv)
  ✗ ley_153_1887: HTTP 404 en http://www.secretariasenado.gov.co/senado/basedoc/ley_0153_1887.html
  ✗ ley_54_1990: HTTP 404 en http://www.secretariasenado.gov.co/senado/basedoc/ley_0054_1990.html
  ✗ ley_50_1990: HTTP 404 en http://www.secretariasenado.gov.co/senado/basedoc/ley_0050_1990.html
  ✗ acuerdo_02_2015: Agotados los reintentos para https://www.suin-juriscol.gov.co/viewDocument.asp?ruta=Acuerdo/30034638: ConnectError: [SSL: CERTIFICATE_VERIFY_FAILED] certificate verify failed: unable to get local issuer certificate (_ssl.c:1010)
  ✗ decreto_46_2024: HTTP 404 en http://www.secretariasenado.gov.co/senado/basedoc/decreto_0046_2024.html
  ✗ decreto_1082_2015: HTTP 404 en http://www.secretariasenado.gov.co/senado/basedoc/decreto_1082_2015.html
  ✗ decreto_24_2016: HTTP 404 en http://www.secretariasenado.gov.co/senado/basedoc/decreto_0024_2016.html
  ✗ decreto_405_2025: HTTP 404 en http://www.secretariasenado.gov.co/senado/basedoc/decreto_0405_2025.html
  ✗ decreto_4436_2005: HTTP 404 en http://www.secretariasenado.gov.co/senado/basedoc/decreto_4436_2005.html
  ✗ decreto_663_1993: HTTP 404 en http://www.secretariasenado.gov.co/senado/basedoc/decreto_0663_1993.html
  ✗ decreto_780_2016: HTTP 404 en http://www.secretariasenado.gov.co/senado/basedoc/decreto_0780_2016.html
  ✗ decreto_875_2008: HTTP 404 en http://www.secretariasenado.gov.co/senado/basedoc/decreto_0875_2008.html
  ✗ sentencia_sp_3218_2021: HTTP 404 en https://cortesuprema.gov.co/corte/wp-content/uploads/relatorias/pe/b1dic2021/SP3218-2021(47063).pdf
  ✗ ley_155_1959: HTTP 404 en http://www.secretariasenado.gov.co/senado/basedoc/ley_0155_1959.html
  ✗ decreto_2737_1989: HTTP 404 en http://www.secretariasenado.gov.co/senado/basedoc/decreto_2737_1989.html
  ✗ ley_29_1982: HTTP 404 en http://www.secretariasenado.gov.co/senado/basedoc/ley_0029_1982.html
  ✗ ley_75_1968: HTTP 404 en http://www.secretariasenado.gov.co/senado/basedoc/ley_0075_1968.html
  ✗ ley_84_1873: HTTP 404 en http://www.secretariasenado.gov.co/senado/basedoc/ley_0084_1873.html
  ✗ decreto_410_1971: HTTP 404 en http://www.secretariasenado.gov.co/senado/basedoc/decreto_0410_1971.html
  ✗ decreto_1625_2016: HTTP 404 en http://www.secretariasenado.gov.co/senado/basedoc/decreto_1625_2016.html
  ✗ decreto_2158_1948: HTTP 404 en http://www.secretariasenado.gov.co/senado/basedoc/decreto_2158_1948.html
  ⚠ En el manifest pero ya no en las fuentes (bórrenlos de data/raw, data/md y del manifest si no los quieren): ley_1564_2012
  ⚠ Sin artículos detectados (revisen el Markdown o el tipo de fuente): consejo_estado_ce_suj_4_005_2020, corte_suprema_sin_radicado_sc_2017_07_18_2017
== 3/4 reintento de los que fallaron (2 pasadas)
21:30:00 INFO decreto_2591_1991: fuentes_propias.json reemplaza la entrada anterior
21:30:00 INFO ley_1996_2019: fuentes_propias.json reemplaza la entrada anterior
21:30:00 INFO http://www.secretariasenado.gov.co/senado/basedoc/ley_0080_1993.html: ya está en las fuentes con metadata explícita, se omite
21:30:00 INFO https://www.corteconstitucional.gov.co/relatoria/2006/C-355-06.htm: ya está en las fuentes con metadata explícita, se omite
21:30:00 INFO https://www.comunidadandina.org/StaticFiles/DocOf/DEC486.pdf: ya está en las fuentes con metadata explícita, se omite
21:30:00 INFO data/enlaces.txt: 0 links nuevos
21:30:00 INFO Documentos a procesar: 21
21:30:00 INFO ley_153_1887: descargando (senado)
21:30:02 ERROR ley_153_1887: HTTP 404 en http://www.secretariasenado.gov.co/senado/basedoc/ley_0153_1887.html
21:30:02 INFO ley_54_1990: descargando (senado)
21:30:03 ERROR ley_54_1990: HTTP 404 en http://www.secretariasenado.gov.co/senado/basedoc/ley_0054_1990.html
21:30:03 INFO ley_50_1990: descargando (senado)
21:30:05 ERROR ley_50_1990: HTTP 404 en http://www.secretariasenado.gov.co/senado/basedoc/ley_0050_1990.html
21:30:05 INFO acuerdo_02_2015: descargando (html)
21:30:06 WARNING Falló https://www.suin-juriscol.gov.co/viewDocument.asp?ruta=Acuerdo/30034638 (ConnectError: [SSL: CERTIFICATE_VERIFY_FAILED] certificate verify failed: unable to get local issuer certificate (_ssl.c:1010)). Reintento en 1.5 s
21:30:08 WARNING Falló https://www.suin-juriscol.gov.co/viewDocument.asp?ruta=Acuerdo/30034638 (ConnectError: [SSL: CERTIFICATE_VERIFY_FAILED] certificate verify failed: unable to get local issuer certificate (_ssl.c:1010)). Reintento en 2.6 s
21:30:11 WARNING Falló https://www.suin-juriscol.gov.co/viewDocument.asp?ruta=Acuerdo/30034638 (ConnectError: [SSL: CERTIFICATE_VERIFY_FAILED] certificate verify failed: unable to get local issuer certificate (_ssl.c:1010)). Reintento en 4.5 s
21:30:16 WARNING Falló https://www.suin-juriscol.gov.co/viewDocument.asp?ruta=Acuerdo/30034638 (ConnectError: [SSL: CERTIFICATE_VERIFY_FAILED] certificate verify failed: unable to get local issuer certificate (_ssl.c:1010)). Reintento en 8.9 s
21:30:24 ERROR acuerdo_02_2015: Agotados los reintentos para https://www.suin-juriscol.gov.co/viewDocument.asp?ruta=Acuerdo/30034638: ConnectError: [SSL: CERTIFICATE_VERIFY_FAILED] certificate verify failed: unable to get local issuer certificate (_ssl.c:1010)
21:30:25 INFO decreto_46_2024: descargando (senado)
21:30:25 ERROR decreto_46_2024: HTTP 404 en http://www.secretariasenado.gov.co/senado/basedoc/decreto_0046_2024.html
21:30:25 INFO decreto_1082_2015: descargando (senado)
21:30:26 ERROR decreto_1082_2015: HTTP 404 en http://www.secretariasenado.gov.co/senado/basedoc/decreto_1082_2015.html
21:30:26 INFO decreto_24_2016: descargando (senado)
21:30:28 ERROR decreto_24_2016: HTTP 404 en http://www.secretariasenado.gov.co/senado/basedoc/decreto_0024_2016.html
21:30:28 INFO decreto_405_2025: descargando (senado)
21:30:29 ERROR decreto_405_2025: HTTP 404 en http://www.secretariasenado.gov.co/senado/basedoc/decreto_0405_2025.html
21:30:29 INFO decreto_4436_2005: descargando (senado)
21:30:31 ERROR decreto_4436_2005: HTTP 404 en http://www.secretariasenado.gov.co/senado/basedoc/decreto_4436_2005.html
21:30:31 INFO decreto_663_1993: descargando (senado)
21:30:33 ERROR decreto_663_1993: HTTP 404 en http://www.secretariasenado.gov.co/senado/basedoc/decreto_0663_1993.html
21:30:33 INFO decreto_780_2016: descargando (senado)
21:30:34 ERROR decreto_780_2016: HTTP 404 en http://www.secretariasenado.gov.co/senado/basedoc/decreto_0780_2016.html
21:30:34 INFO decreto_875_2008: descargando (senado)
21:30:35 ERROR decreto_875_2008: HTTP 404 en http://www.secretariasenado.gov.co/senado/basedoc/decreto_0875_2008.html
21:30:35 INFO sentencia_sp_3218_2021: descargando (pdf)
21:30:37 ERROR sentencia_sp_3218_2021: HTTP 404 en https://cortesuprema.gov.co/corte/wp-content/uploads/relatorias/pe/b1dic2021/SP3218-2021(47063).pdf
21:30:37 INFO ley_155_1959: descargando (senado)
21:30:38 ERROR ley_155_1959: HTTP 404 en http://www.secretariasenado.gov.co/senado/basedoc/ley_0155_1959.html
21:30:38 INFO decreto_2737_1989: descargando (senado)
21:30:39 ERROR decreto_2737_1989: HTTP 404 en http://www.secretariasenado.gov.co/senado/basedoc/decreto_2737_1989.html
21:30:39 INFO ley_29_1982: descargando (senado)
21:30:41 ERROR ley_29_1982: HTTP 404 en http://www.secretariasenado.gov.co/senado/basedoc/ley_0029_1982.html
21:30:41 INFO ley_75_1968: descargando (senado)
21:30:42 ERROR ley_75_1968: HTTP 404 en http://www.secretariasenado.gov.co/senado/basedoc/ley_0075_1968.html
21:30:42 INFO ley_84_1873: descargando (senado)
21:30:44 ERROR ley_84_1873: HTTP 404 en http://www.secretariasenado.gov.co/senado/basedoc/ley_0084_1873.html
21:30:44 INFO decreto_410_1971: descargando (senado)
21:30:45 ERROR decreto_410_1971: HTTP 404 en http://www.secretariasenado.gov.co/senado/basedoc/decreto_0410_1971.html
21:30:45 INFO decreto_1625_2016: descargando (senado)
21:30:47 ERROR decreto_1625_2016: HTTP 404 en http://www.secretariasenado.gov.co/senado/basedoc/decreto_1625_2016.html
21:30:47 INFO decreto_2158_1948: descargando (senado)
21:30:48 ERROR decreto_2158_1948: HTTP 404 en http://www.secretariasenado.gov.co/senado/basedoc/decreto_2158_1948.html

Listos: 0 · Con error: 21 · Normas enlazadas aún fuera del corpus: 781 (ver data/descubiertos.csv)
  ✗ ley_153_1887: HTTP 404 en http://www.secretariasenado.gov.co/senado/basedoc/ley_0153_1887.html
  ✗ ley_54_1990: HTTP 404 en http://www.secretariasenado.gov.co/senado/basedoc/ley_0054_1990.html
  ✗ ley_50_1990: HTTP 404 en http://www.secretariasenado.gov.co/senado/basedoc/ley_0050_1990.html
  ✗ acuerdo_02_2015: Agotados los reintentos para https://www.suin-juriscol.gov.co/viewDocument.asp?ruta=Acuerdo/30034638: ConnectError: [SSL: CERTIFICATE_VERIFY_FAILED] certificate verify failed: unable to get local issuer certificate (_ssl.c:1010)
  ✗ decreto_46_2024: HTTP 404 en http://www.secretariasenado.gov.co/senado/basedoc/decreto_0046_2024.html
  ✗ decreto_1082_2015: HTTP 404 en http://www.secretariasenado.gov.co/senado/basedoc/decreto_1082_2015.html
  ✗ decreto_24_2016: HTTP 404 en http://www.secretariasenado.gov.co/senado/basedoc/decreto_0024_2016.html
  ✗ decreto_405_2025: HTTP 404 en http://www.secretariasenado.gov.co/senado/basedoc/decreto_0405_2025.html
  ✗ decreto_4436_2005: HTTP 404 en http://www.secretariasenado.gov.co/senado/basedoc/decreto_4436_2005.html
  ✗ decreto_663_1993: HTTP 404 en http://www.secretariasenado.gov.co/senado/basedoc/decreto_0663_1993.html
  ✗ decreto_780_2016: HTTP 404 en http://www.secretariasenado.gov.co/senado/basedoc/decreto_0780_2016.html
  ✗ decreto_875_2008: HTTP 404 en http://www.secretariasenado.gov.co/senado/basedoc/decreto_0875_2008.html
  ✗ sentencia_sp_3218_2021: HTTP 404 en https://cortesuprema.gov.co/corte/wp-content/uploads/relatorias/pe/b1dic2021/SP3218-2021(47063).pdf
  ✗ ley_155_1959: HTTP 404 en http://www.secretariasenado.gov.co/senado/basedoc/ley_0155_1959.html
  ✗ decreto_2737_1989: HTTP 404 en http://www.secretariasenado.gov.co/senado/basedoc/decreto_2737_1989.html
  ✗ ley_29_1982: HTTP 404 en http://www.secretariasenado.gov.co/senado/basedoc/ley_0029_1982.html
  ✗ ley_75_1968: HTTP 404 en http://www.secretariasenado.gov.co/senado/basedoc/ley_0075_1968.html
  ✗ ley_84_1873: HTTP 404 en http://www.secretariasenado.gov.co/senado/basedoc/ley_0084_1873.html
  ✗ decreto_410_1971: HTTP 404 en http://www.secretariasenado.gov.co/senado/basedoc/decreto_0410_1971.html
  ✗ decreto_1625_2016: HTTP 404 en http://www.secretariasenado.gov.co/senado/basedoc/decreto_1625_2016.html
  ✗ decreto_2158_1948: HTTP 404 en http://www.secretariasenado.gov.co/senado/basedoc/decreto_2158_1948.html
  ⚠ En el manifest pero ya no en las fuentes (bórrenlos de data/raw, data/md y del manifest si no los quieren): ley_1564_2012
21:30:50 INFO decreto_2591_1991: fuentes_propias.json reemplaza la entrada anterior
21:30:50 INFO ley_1996_2019: fuentes_propias.json reemplaza la entrada anterior
21:30:50 INFO http://www.secretariasenado.gov.co/senado/basedoc/ley_0080_1993.html: ya está en las fuentes con metadata explícita, se omite
21:30:50 INFO https://www.corteconstitucional.gov.co/relatoria/2006/C-355-06.htm: ya está en las fuentes con metadata explícita, se omite
21:30:50 INFO https://www.comunidadandina.org/StaticFiles/DocOf/DEC486.pdf: ya está en las fuentes con metadata explícita, se omite
21:30:50 INFO data/enlaces.txt: 0 links nuevos
21:30:50 INFO Documentos a procesar: 21
21:30:50 INFO ley_153_1887: descargando (senado)
21:30:52 ERROR ley_153_1887: HTTP 404 en http://www.secretariasenado.gov.co/senado/basedoc/ley_0153_1887.html
21:30:52 INFO ley_54_1990: descargando (senado)
21:30:54 ERROR ley_54_1990: HTTP 404 en http://www.secretariasenado.gov.co/senado/basedoc/ley_0054_1990.html
21:30:54 INFO ley_50_1990: descargando (senado)
21:30:55 ERROR ley_50_1990: HTTP 404 en http://www.secretariasenado.gov.co/senado/basedoc/ley_0050_1990.html
21:30:55 INFO acuerdo_02_2015: descargando (html)
21:30:57 WARNING Falló https://www.suin-juriscol.gov.co/viewDocument.asp?ruta=Acuerdo/30034638 (ConnectError: [SSL: CERTIFICATE_VERIFY_FAILED] certificate verify failed: unable to get local issuer certificate (_ssl.c:1010)). Reintento en 1.2 s
21:30:58 WARNING Falló https://www.suin-juriscol.gov.co/viewDocument.asp?ruta=Acuerdo/30034638 (ConnectError: [SSL: CERTIFICATE_VERIFY_FAILED] certificate verify failed: unable to get local issuer certificate (_ssl.c:1010)). Reintento en 2.2 s
21:31:01 WARNING Falló https://www.suin-juriscol.gov.co/viewDocument.asp?ruta=Acuerdo/30034638 (ConnectError: [SSL: CERTIFICATE_VERIFY_FAILED] certificate verify failed: unable to get local issuer certificate (_ssl.c:1010)). Reintento en 4.3 s
21:31:05 WARNING Falló https://www.suin-juriscol.gov.co/viewDocument.asp?ruta=Acuerdo/30034638 (ConnectError: [SSL: CERTIFICATE_VERIFY_FAILED] certificate verify failed: unable to get local issuer certificate (_ssl.c:1010)). Reintento en 8.3 s
21:31:13 ERROR acuerdo_02_2015: Agotados los reintentos para https://www.suin-juriscol.gov.co/viewDocument.asp?ruta=Acuerdo/30034638: ConnectError: [SSL: CERTIFICATE_VERIFY_FAILED] certificate verify failed: unable to get local issuer certificate (_ssl.c:1010)
21:31:14 INFO decreto_46_2024: descargando (senado)
21:31:14 ERROR decreto_46_2024: HTTP 404 en http://www.secretariasenado.gov.co/senado/basedoc/decreto_0046_2024.html
21:31:14 INFO decreto_1082_2015: descargando (senado)
21:31:15 ERROR decreto_1082_2015: HTTP 404 en http://www.secretariasenado.gov.co/senado/basedoc/decreto_1082_2015.html
21:31:15 INFO decreto_24_2016: descargando (senado)
21:31:17 ERROR decreto_24_2016: HTTP 404 en http://www.secretariasenado.gov.co/senado/basedoc/decreto_0024_2016.html
21:31:17 INFO decreto_405_2025: descargando (senado)
21:31:19 ERROR decreto_405_2025: HTTP 404 en http://www.secretariasenado.gov.co/senado/basedoc/decreto_0405_2025.html
21:31:19 INFO decreto_4436_2005: descargando (senado)
21:31:20 ERROR decreto_4436_2005: HTTP 404 en http://www.secretariasenado.gov.co/senado/basedoc/decreto_4436_2005.html
21:31:20 INFO decreto_663_1993: descargando (senado)
21:31:21 ERROR decreto_663_1993: HTTP 404 en http://www.secretariasenado.gov.co/senado/basedoc/decreto_0663_1993.html
21:31:21 INFO decreto_780_2016: descargando (senado)
21:31:23 ERROR decreto_780_2016: HTTP 404 en http://www.secretariasenado.gov.co/senado/basedoc/decreto_0780_2016.html
21:31:23 INFO decreto_875_2008: descargando (senado)
21:31:24 ERROR decreto_875_2008: HTTP 404 en http://www.secretariasenado.gov.co/senado/basedoc/decreto_0875_2008.html
21:31:24 INFO sentencia_sp_3218_2021: descargando (pdf)
21:31:26 ERROR sentencia_sp_3218_2021: HTTP 404 en https://cortesuprema.gov.co/corte/wp-content/uploads/relatorias/pe/b1dic2021/SP3218-2021(47063).pdf
21:31:26 INFO ley_155_1959: descargando (senado)
21:31:27 ERROR ley_155_1959: HTTP 404 en http://www.secretariasenado.gov.co/senado/basedoc/ley_0155_1959.html
21:31:27 INFO decreto_2737_1989: descargando (senado)
21:31:28 ERROR decreto_2737_1989: HTTP 404 en http://www.secretariasenado.gov.co/senado/basedoc/decreto_2737_1989.html
21:31:28 INFO ley_29_1982: descargando (senado)
21:31:30 ERROR ley_29_1982: HTTP 404 en http://www.secretariasenado.gov.co/senado/basedoc/ley_0029_1982.html
21:31:30 INFO ley_75_1968: descargando (senado)
21:31:31 ERROR ley_75_1968: HTTP 404 en http://www.secretariasenado.gov.co/senado/basedoc/ley_0075_1968.html
21:31:31 INFO ley_84_1873: descargando (senado)
21:31:33 ERROR ley_84_1873: HTTP 404 en http://www.secretariasenado.gov.co/senado/basedoc/ley_0084_1873.html
21:31:33 INFO decreto_410_1971: descargando (senado)
21:31:34 ERROR decreto_410_1971: HTTP 404 en http://www.secretariasenado.gov.co/senado/basedoc/decreto_0410_1971.html
21:31:34 INFO decreto_1625_2016: descargando (senado)
21:31:36 ERROR decreto_1625_2016: HTTP 404 en http://www.secretariasenado.gov.co/senado/basedoc/decreto_1625_2016.html
21:31:36 INFO decreto_2158_1948: descargando (senado)
21:31:37 ERROR decreto_2158_1948: HTTP 404 en http://www.secretariasenado.gov.co/senado/basedoc/decreto_2158_1948.html

Listos: 0 · Con error: 21 · Normas enlazadas aún fuera del corpus: 781 (ver data/descubiertos.csv)
  ✗ ley_153_1887: HTTP 404 en http://www.secretariasenado.gov.co/senado/basedoc/ley_0153_1887.html
  ✗ ley_54_1990: HTTP 404 en http://www.secretariasenado.gov.co/senado/basedoc/ley_0054_1990.html
  ✗ ley_50_1990: HTTP 404 en http://www.secretariasenado.gov.co/senado/basedoc/ley_0050_1990.html
  ✗ acuerdo_02_2015: Agotados los reintentos para https://www.suin-juriscol.gov.co/viewDocument.asp?ruta=Acuerdo/30034638: ConnectError: [SSL: CERTIFICATE_VERIFY_FAILED] certificate verify failed: unable to get local issuer certificate (_ssl.c:1010)
  ✗ decreto_46_2024: HTTP 404 en http://www.secretariasenado.gov.co/senado/basedoc/decreto_0046_2024.html
  ✗ decreto_1082_2015: HTTP 404 en http://www.secretariasenado.gov.co/senado/basedoc/decreto_1082_2015.html
  ✗ decreto_24_2016: HTTP 404 en http://www.secretariasenado.gov.co/senado/basedoc/decreto_0024_2016.html
  ✗ decreto_405_2025: HTTP 404 en http://www.secretariasenado.gov.co/senado/basedoc/decreto_0405_2025.html
  ✗ decreto_4436_2005: HTTP 404 en http://www.secretariasenado.gov.co/senado/basedoc/decreto_4436_2005.html
  ✗ decreto_663_1993: HTTP 404 en http://www.secretariasenado.gov.co/senado/basedoc/decreto_0663_1993.html
  ✗ decreto_780_2016: HTTP 404 en http://www.secretariasenado.gov.co/senado/basedoc/decreto_0780_2016.html
  ✗ decreto_875_2008: HTTP 404 en http://www.secretariasenado.gov.co/senado/basedoc/decreto_0875_2008.html
  ✗ sentencia_sp_3218_2021: HTTP 404 en https://cortesuprema.gov.co/corte/wp-content/uploads/relatorias/pe/b1dic2021/SP3218-2021(47063).pdf
  ✗ ley_155_1959: HTTP 404 en http://www.secretariasenado.gov.co/senado/basedoc/ley_0155_1959.html
  ✗ decreto_2737_1989: HTTP 404 en http://www.secretariasenado.gov.co/senado/basedoc/decreto_2737_1989.html
  ✗ ley_29_1982: HTTP 404 en http://www.secretariasenado.gov.co/senado/basedoc/ley_0029_1982.html
  ✗ ley_75_1968: HTTP 404 en http://www.secretariasenado.gov.co/senado/basedoc/ley_0075_1968.html
  ✗ ley_84_1873: HTTP 404 en http://www.secretariasenado.gov.co/senado/basedoc/ley_0084_1873.html
  ✗ decreto_410_1971: HTTP 404 en http://www.secretariasenado.gov.co/senado/basedoc/decreto_0410_1971.html
  ✗ decreto_1625_2016: HTTP 404 en http://www.secretariasenado.gov.co/senado/basedoc/decreto_1625_2016.html
  ✗ decreto_2158_1948: HTTP 404 en http://www.secretariasenado.gov.co/senado/basedoc/decreto_2158_1948.html
  ⚠ En el manifest pero ya no en las fuentes (bórrenlos de data/raw, data/md y del manifest si no los quieren): ley_1564_2012
== 4/4 resumen del manifest
documentos: 228 {'error': 21, 'ok': 207}
  FALLO acuerdo_02_2015 | Agotados los reintentos para https://www.suin-juriscol.gov.co/viewDocument.asp?ruta=Acuerdo/30034638: ConnectError: [SSL: CERTIFICATE_VERIFY_FAILED] certificate verify failed: unable to get local issuer certificate (_ssl.c:1010)
  FALLO decreto_1082_2015 | HTTP 404 en http://www.secretariasenado.gov.co/senado/basedoc/decreto_1082_2015.html
  FALLO decreto_1625_2016 | HTTP 404 en http://www.secretariasenado.gov.co/senado/basedoc/decreto_1625_2016.html
  FALLO decreto_2158_1948 | HTTP 404 en http://www.secretariasenado.gov.co/senado/basedoc/decreto_2158_1948.html
  FALLO decreto_24_2016 | HTTP 404 en http://www.secretariasenado.gov.co/senado/basedoc/decreto_0024_2016.html
  FALLO decreto_2737_1989 | HTTP 404 en http://www.secretariasenado.gov.co/senado/basedoc/decreto_2737_1989.html
  FALLO decreto_405_2025 | HTTP 404 en http://www.secretariasenado.gov.co/senado/basedoc/decreto_0405_2025.html
  FALLO decreto_410_1971 | HTTP 404 en http://www.secretariasenado.gov.co/senado/basedoc/decreto_0410_1971.html
  FALLO decreto_4436_2005 | HTTP 404 en http://www.secretariasenado.gov.co/senado/basedoc/decreto_4436_2005.html
  FALLO decreto_46_2024 | HTTP 404 en http://www.secretariasenado.gov.co/senado/basedoc/decreto_0046_2024.html
  FALLO decreto_663_1993 | HTTP 404 en http://www.secretariasenado.gov.co/senado/basedoc/decreto_0663_1993.html
  FALLO decreto_780_2016 | HTTP 404 en http://www.secretariasenado.gov.co/senado/basedoc/decreto_0780_2016.html
  FALLO decreto_875_2008 | HTTP 404 en http://www.secretariasenado.gov.co/senado/basedoc/decreto_0875_2008.html
  FALLO ley_153_1887 | HTTP 404 en http://www.secretariasenado.gov.co/senado/basedoc/ley_0153_1887.html
  FALLO ley_155_1959 | HTTP 404 en http://www.secretariasenado.gov.co/senado/basedoc/ley_0155_1959.html
  FALLO ley_29_1982 | HTTP 404 en http://www.secretariasenado.gov.co/senado/basedoc/ley_0029_1982.html
  FALLO ley_50_1990 | HTTP 404 en http://www.secretariasenado.gov.co/senado/basedoc/ley_0050_1990.html
  FALLO ley_54_1990 | HTTP 404 en http://www.secretariasenado.gov.co/senado/basedoc/ley_0054_1990.html
  FALLO ley_75_1968 | HTTP 404 en http://www.secretariasenado.gov.co/senado/basedoc/ley_0075_1968.html
  FALLO ley_84_1873 | HTTP 404 en http://www.secretariasenado.gov.co/senado/basedoc/ley_0084_1873.html
  FALLO sentencia_sp_3218_2021 | HTTP 404 en https://cortesuprema.gov.co/corte/wp-content/uploads/relatorias/pe/b1dic2021/SP3218-2021(47063).pdf
== fin (0). Revisen data/corpus_manifest.json y data/descubiertos.csv
